0009	ACUSON	00	IS	
0009	ACUSON	01	IS	
0009	ACUSON	08	LT	
0009	ACUSON	09	LT	
0009	ACUSON	0A	IS	
0009	ACUSON	0B	IS	
0009	ACUSON	0C	IS	
0009	ACUSON	0D	IS	
0009	ACUSON	0E	IS	
0009	ACUSON	10	IS	
0009	ACUSON	12	IS	
0009	ACUSON	13	IS	
0009	ACUSON	14	LT	
0009	AEGIS_DICOM_2.00	00	US	
0009	AGFA	10	LO	
0009	AGFA	11	LO	
0009	AGFA	13	LO	
0009	AGFA	14	LO	
0009	AGFA	15	LO	
0009	ALOKA:1.2.392.200039.103.2	00	SH	
0009	ALOKA:1.2.392.200039.103.2	04	US	
0009	ALOKA:1.2.392.200039.103.2	06	US	
0009	ALOKA:1.2.392.200039.103.2	0A	SH	
0009	ALOKA:1.2.392.200039.103.2	20	CS	
0009	ALOKA:1.2.392.200039.103.2	22	CS	
0009	ALOKA:1.2.392.200039.103.2	24	CS	
0009	ALOKA:1.2.392.200039.103.2	26	IS	
0009	ALOKA:1.2.392.200039.103.2	28	IS	
0009	ALOKA:1.2.392.200039.103.2	2A	DS	
0009	ALOKA:1.2.392.200039.103.2	30	FD	
0009	ALOKA:1.2.392.200039.103.2	32	DS	
0009	ALOKA:1.2.392.200039.103.2	34	CS	
0009	ALOKA:1.2.392.200039.105.2	00	SH	Private attribute without PHI
0009	ALOKA:1.2.392.200039.105.2	04	US	Private attribute without PHI
0009	ALOKA:1.2.392.200039.105.2	06	US	Private attribute without PHI
0009	ALOKA:1.2.392.200039.105.2	0A	SH	Private attribute without PHI
0009	ALOKA:1.2.392.200039.105.2	12	US	Private attribute without PHI
0009	ALOKA:1.2.392.200039.105.2	14	FD	Private attribute without PHI
0009	ALOKA:1.2.392.200039.105.2	1A	LO	??
0009	ALOKA:1.2.392.200039.105.2	20	CS	Private attribute without PHI
0009	ALOKA:1.2.392.200039.105.2	22	CS	Private attribute without PHI
0009	ALOKA:1.2.392.200039.105.2	24	CS	Private attribute without PHI
0009	ALOKA:1.2.392.200039.105.2	26	IS	Private attribute without PHI
0009	ALOKA:1.2.392.200039.105.2	28	IS	Private attribute without PHI
0009	ALOKA:1.2.392.200039.105.2	2A	DS	Private attribute without PHI
0009	ALOKA:1.2.392.200039.105.2	2C	FD	Private attribute without PHI
0009	ALOKA:1.2.392.200039.105.2	2E	FD	Private attribute without PHI
0009	ALOKA:1.2.392.200039.105.2	30	FD	Private attribute without PHI
0009	ALOKA:1.2.392.200039.105.2	32	DS	Private attribute without PHI
0009	ALOKA:1.2.392.200039.105.2	34	CS	Private attribute without PHI
0009	ALOKA:1.2.392.200039.105.2	36	FD	Private attribute without PHI
0009	ALOKA:1.2.392.200039.105.2	38	CS	Private attribute without PHI
0009	ALOKA:1.2.392.200039.105.2	3A	FD	Private attribute without PHI
0009	ALOKA:1.2.392.200039.105.2	3C	FD	Private attribute without PHI
0009	ALOKA:1.2.392.200039.105.2	3E	FD	Private attribute without PHI
0009	ALOKA:1.2.392.200039.105.2	40	FD	Private attribute without PHI
0009	ALOKA:1.2.392.200039.105.2	42	FD	Private attribute without PHI
0009	ALOKA:1.2.392.200039.105.2	44	FD	Private attribute without PHI
0009	ALOKA:1.2.392.200039.105.2	46	US	Private attribute without PHI
0009	ALOKA:1.2.392.200039.105.2	48	FD	Private attribute without PHI
0009	ALOKA:1.2.392.200039.105.2	4A	FD	Private attribute without PHI
0009	ALOKA:1.2.392.200039.105.2	4C	FD	Private attribute without PHI
0009	ALOKA:1.2.392.200039.105.2	4E	FD	Private attribute without PHI
0009	ALOKA:1.2.392.200039.105.2	50	US	Private attribute without PHI
0009	ALOKA:1.2.392.200039.105.2	52	US	Private attribute without PHI
0009	ALOKA:1.2.392.200039.105.2	54	LO	Private attribute without PHI
0009	BioPri	00	LO	
0009	BioPri	03	LO	
0009	BioPri	04	LO	
0009	BioPri	05	LO	
0009	BioPri	07	LO	
0009	BioPri	08	LO	
0009	BioPri	09	LO	
0009	BrainLAB_Conversion	01	LO	Export Platform Name
0009	BrainLAB_Conversion	02	OB	Export Platform Data
0009	CANON_MEC_MR3^10	02	SH	
0009	CARDIO-D.R. 1.0	00	UL	FileLocation
0009	CARDIO-D.R. 1.0	01	UL	FileSize
0009	CARDIO-D.R. 1.0	40	SQ	AlternateImageSequence
0009	CARDIO-SMS 1.0	02	OB	Private Data
0009	CARDIO-SMS 1.0	03	OB	Private Data
0009	CARDIO-SMS 1.0	04	OB	Private Data
0009	CARDIO-SMS 1.0	05	OB	Private Data
0009	CARDIO-SMS 1.0	06	OB	Private Data
0009	CARDIO-SMS 1.0	08	OB	ACOM flags
0009	DCMTK_ANONYMIZER	00	SQ	AnonymizerUIDMap
0009	DCMTK_ANONYMIZER	10	UI	AnonymizerUIDKey
0009	DCMTK_ANONYMIZER	20	UI	AnonymizerUIDValue
0009	DCMTK_ANONYMIZER	30	SQ	AnonymizerPatientIDMap
0009	DCMTK_ANONYMIZER	40	LO	AnonymizerPatientIDKey
0009	DCMTK_ANONYMIZER	50	LO	AnonymizerPatientIDValue
0009	DicomUtils 20100512	01	SQ	DICOMUTILS_PROCESSING_METHODS
0009	DicomUtils 20100512	02	LO	DICOMUTILS_VERSION
0009	DicomUtils 20100512	03	LT	DICOMUTILS_ARGS
0009	DicomUtils 20100512	04	LT	DICOMUTILS_COMMENT
0009	DicomUtils 20100512	05	LT	DICOMUTILS_SITE
0009	EMAGEON JPEG2K INFO	00	SQ	
0009	EMAGEON JPEG2K INFO	01	DT	
0009	EMAGEON STUDY HOME	00	LO	
0009	EMAGEON STUDY HOME	01	LO	
0009	FDMS 1.0	04	SH	ImageControlUnit
0009	FDMS 1.0	05	OW	ImageUID
0009	FDMS 1.0	06	OW	RouteImageUID
0009	FDMS 1.0	08	UL	ImageDisplayInformationVersionNo
0009	FDMS 1.0	09	UL	PatientInformationVersionNo
0009	FDMS 1.0	0C	OW	FilmUID
0009	FDMS 1.0	10	CS	ExposureUnitTypeCode
0009	FDMS 1.0	80	LO	KanjiHospitalName
0009	FDMS 1.0	90	ST	DistributionCode
0009	FDMS 1.0	92	SH	KanjiDepartmentName
0009	FDMS 1.0	F0	CS	BlackeningProcessFlag
0009	FDMS 1.0	F1	ST	Processing Information Flag
0009	FDMS 1.0	F2	CS	Normalization Flag
0009	FDMS 1.0	F3	CS	Tone characteristic
0009	FDMS 1.0	F4	CS	Window Value Fixed Flag
0009	GEIIS	10	SQ	GE IIS Thumbnail Sequence
0009	GEIIS	12	IS	
0009	GEMS_ACQU_01	24	DS	
0009	GEMS_ACQU_01	25	US	
0009	GEMS_ACQU_01	3E	US	
0009	GEMS_ACQU_01	3F	US	
0009	GEMS_ACQU_01	42	US	
0009	GEMS_ACQU_01	43	US	
0009	GEMS_ACQU_01	F8	US	
0009	GEMS_ACQU_01	FB	IS	
0009	GEMS_GENIE_1	01	SH	
0009	GEMS_GENIE_1	10	LO	
0009	GEMS_GENIE_1	11	SL	StudyFlags
0009	GEMS_GENIE_1	12	SL	StudyType
0009	GEMS_GENIE_1	1E	UI	
0009	GEMS_GENIE_1	20	LO	
0009	GEMS_GENIE_1	21	SL	SeriesFlags
0009	GEMS_GENIE_1	22	SH	UserOrientation
0009	GEMS_GENIE_1	23	SL	InitiationType
0009	GEMS_GENIE_1	24	SL	InitiationDelay
0009	GEMS_GENIE_1	25	SL	InitiationCountRate
0009	GEMS_GENIE_1	26	SL	NumberEnergySets
0009	GEMS_GENIE_1	27	SL	NumberDetectors
0009	GEMS_GENIE_1	28	SL	Number RR Windows
0009	GEMS_GENIE_1	29	SL	
0009	GEMS_GENIE_1	2A	SL	
0009	GEMS_GENIE_1	2B	LO	Trigger History UID
0009	GEMS_GENIE_1	2C	LO	SeriesComments
0009	GEMS_GENIE_1	2D	SL	TrackBeatAverage
0009	GEMS_GENIE_1	2E	FD	DistancePrescribed
0009	GEMS_GENIE_1	2F	SL	Table Direction
0009	GEMS_GENIE_1	30	LO	
0009	GEMS_GENIE_1	33	FD	Rotational Continuous Speed
0009	GEMS_GENIE_1	34	SL	Gantry Motion Type (retired)
0009	GEMS_GENIE_1	35	SL	GantryLocusType
0009	GEMS_GENIE_1	37	SL	StartingHeartRate
0009	GEMS_GENIE_1	38	SL	RRWindowWidth
0009	GEMS_GENIE_1	39	SL	RRWindowOffset
0009	GEMS_GENIE_1	3A	SL	PercentCycleImaged
0009	GEMS_GENIE_1	40	LO	
0009	GEMS_GENIE_1	41	SL	PatientFlags
0009	GEMS_GENIE_1	42	DA	PatientCreationDate
0009	GEMS_GENIE_1	43	TM	PatientCreationTime
0009	GEMS_GENIE_1	44	SL	Num Views Acquired (retired)
0009	GEMS_GENIE_1	45	LT	Dataset UID List
0009	GEMS_GENIE_1	46	UI	?DataSet UID?
0009	GEMS_IDEN_01	01	LO	FullFidelity
0009	GEMS_IDEN_01	02	SH	SuiteId
0009	GEMS_IDEN_01	04	SH	ProductId
0009	GEMS_IDEN_01	17	LT	
0009	GEMS_IDEN_01	1A	US	
0009	GEMS_IDEN_01	20	US	
0009	GEMS_IDEN_01	27	SL	ImageActualDate
0009	GEMS_IDEN_01	2F	LT	
0009	GEMS_IDEN_01	30	SH	ServiceId
0009	GEMS_IDEN_01	31	SH	MobileLocationNumber
0009	GEMS_IDEN_01	E2	LT	
0009	GEMS_IDEN_01	E3	UI	EquipmentUID
0009	GEMS_IDEN_01	E6	SH	GenesisVersionNow
0009	GEMS_IDEN_01	E7	UL	ExamRecordChecksum
0009	GEMS_IDEN_01	E8	UL	
0009	GEMS_IDEN_01	E9	SL	ActualSeriesDataTimeStamp
0009	GEMS_PETD_01	01	LO	GE Discovery PET Implementation Version Name
0009	GEMS_PETD_01	02	LO	PET patient_id
0009	GEMS_PETD_01	03	SH	PET compatible_version
0009	GEMS_PETD_01	04	SH	GE Advance Patient.software_version
0009	GEMS_PETD_01	05	DT	PET patient_datetime
0009	GEMS_PETD_01	06	SL	PET type
0009	GEMS_PETD_01	07	UI	PET exam_id
0009	GEMS_PETD_01	08	SH	PET compatible_version
0009	GEMS_PETD_01	09	SH	PET software_version
0009	GEMS_PETD_01	0A	UI	PET scan_id
0009	GEMS_PETD_01	0B	SH	PET compatible_version
0009	GEMS_PETD_01	0C	SH	PET software_version
0009	GEMS_PETD_01	0D	DT	PET scan_datetime
0009	GEMS_PETD_01	0E	DT	PET scan_ready
0009	GEMS_PETD_01	0F	ST	PET scan_description
0009	GEMS_PETD_01	10	LO	PET hospital_name
0009	GEMS_PETD_01	11	LO	PET scanner_desc
0009	GEMS_PETD_01	12	LO	PET manufacturer
0009	GEMS_PETD_01	13	UI	PET for_identifier
0009	GEMS_PETD_01	14	LO	PET landmark_name
0009	GEMS_PETD_01	15	SH	PET landmark_abbrev
0009	GEMS_PETD_01	16	SL	PET patient_position
0009	GEMS_PETD_01	17	SL	PET scan_perspective
0009	GEMS_PETD_01	18	SL	PET scan_type
0009	GEMS_PETD_01	19	SL	PET scan_mode
0009	GEMS_PETD_01	1A	SL	PET start_condition
0009	GEMS_PETD_01	1B	SL	PET start_cond_data
0009	GEMS_PETD_01	1C	SL	PET sel_stop_cond
0009	GEMS_PETD_01	1D	SL	PET sel_stop_cond_data
0009	GEMS_PETD_01	1E	SL	PET collect_deadtime
0009	GEMS_PETD_01	1F	SL	PET collect_singles
0009	GEMS_PETD_01	20	SL	PET collect_countrate
0009	GEMS_PETD_01	21	SL	PET countrate_period
0009	GEMS_PETD_01	22	SL	PET delayed_events
0009	GEMS_PETD_01	23	SL	PET delayed_bias
0009	GEMS_PETD_01	24	SL	PET word_size
0009	GEMS_PETD_01	25	SL	PET axial_acceptance
0009	GEMS_PETD_01	26	SL	PET axial_angle_3d
0009	GEMS_PETD_01	27	SL	PET theta_compression
0009	GEMS_PETD_01	28	SL	PET axial_compression
0009	GEMS_PETD_01	29	FL	PET gantry_tilt_angle
0009	GEMS_PETD_01	2A	SL	PET collimation
0009	GEMS_PETD_01	2B	SL	PET scan_fov
0009	GEMS_PETD_01	2C	SL	PET axial_fov
0009	GEMS_PETD_01	2D	SL	PET event_separation
0009	GEMS_PETD_01	2E	SL	PET mask_width
0009	GEMS_PETD_01	2F	SL	PET binning_mode
0009	GEMS_PETD_01	30	SL	PET trig_rej_method
0009	GEMS_PETD_01	31	SL	PET number_for_reject
0009	GEMS_PETD_01	32	SL	PET lower_reject_limit
0009	GEMS_PETD_01	33	SL	PET upper_reject_limit
0009	GEMS_PETD_01	34	SL	PET triggers_acquired
0009	GEMS_PETD_01	35	SL	PET triggers_rejected
0009	GEMS_PETD_01	36	LO	PET tracer_name
0009	GEMS_PETD_01	37	LO	PET batch_description
0009	GEMS_PETD_01	38	FL	PET tracer_activity
0009	GEMS_PETD_01	39	DT	PET meas_datetime
0009	GEMS_PETD_01	3A	FL	PET pre_inj_volume
0009	GEMS_PETD_01	3B	DT	PET admin_datetime
0009	GEMS_PETD_01	3C	FL	PET post_inj_activity
0009	GEMS_PETD_01	3D	DT	PET post_inj_datetime
0009	GEMS_PETD_01	3E	SH	PET radionuclide_name
0009	GEMS_PETD_01	3F	FL	PET half_life
0009	GEMS_PETD_01	40	FL	PET positron_fraction
0009	GEMS_PETD_01	41	SL	PET source1_holder
0009	GEMS_PETD_01	42	FL	PET source1_activity
0009	GEMS_PETD_01	43	DT	PET source1_meas_dt
0009	GEMS_PETD_01	44	SH	PET source1_radnuclide
0009	GEMS_PETD_01	45	FL	PET source1_half_life
0009	GEMS_PETD_01	46	SL	PET source2_holder
0009	GEMS_PETD_01	47	FL	PET source2_activity
0009	GEMS_PETD_01	48	DT	PET source2_meas_dt
0009	GEMS_PETD_01	49	SH	PET source2_radnuclide
0009	GEMS_PETD_01	4A	FL	PET source2_half_life
0009	GEMS_PETD_01	4B	SL	PET source_speed
0009	GEMS_PETD_01	4C	FL	PET source_location
0009	GEMS_PETD_01	4D	SL	PET emission_present
0009	GEMS_PETD_01	4E	SL	PET lower_axial_acc
0009	GEMS_PETD_01	4F	SL	PET upper_axial_acc
0009	GEMS_PETD_01	50	SL	PET lower_coinc_limit
0009	GEMS_PETD_01	51	SL	PET upper_coinc_limit
0009	GEMS_PETD_01	52	SL	PET coinc_delay_offset
0009	GEMS_PETD_01	53	SL	PET coinc_output_mode
0009	GEMS_PETD_01	54	SL	PET upper_energy_limit
0009	GEMS_PETD_01	55	SL	PET lower_energy_limit
0009	GEMS_PETD_01	56	UI	PET normal_cal_id
0009	GEMS_PETD_01	57	UI	PET normal_2d_cal_id
0009	GEMS_PETD_01	58	UI	PET blank_cal_id
0009	GEMS_PETD_01	59	UI	PET wc_cal_id
0009	GEMS_PETD_01	5A	SL	PET derived
0009	GEMS_PETD_01	5B	LO	PET contrast_agent
0009	GEMS_PETD_01	5C	UI	PET frame_id
0009	GEMS_PETD_01	5D	UI	PET scan_id
0009	GEMS_PETD_01	5E	UI	PET exam_id
0009	GEMS_PETD_01	5F	LO	PET patient_id
0009	GEMS_PETD_01	60	SH	PET compatible_version
0009	GEMS_PETD_01	61	SH	PET software_version
0009	GEMS_PETD_01	62	ST	PET where_is_frame
0009	GEMS_PETD_01	63	SL	PET frame_size
0009	GEMS_PETD_01	64	SL	PET file_exists
0009	GEMS_PETD_01	65	SL	PET patient_entry
0009	GEMS_PETD_01	66	FL	PET table_height
0009	GEMS_PETD_01	67	FL	PET table_z_position
0009	GEMS_PETD_01	68	DT	PET landmark_datetime
0009	GEMS_PETD_01	69	SL	PET slice_count
0009	GEMS_PETD_01	6A	FL	PET start_location
0009	GEMS_PETD_01	6B	SL	PET acq_delay
0009	GEMS_PETD_01	6C	DT	PET acq_start
0009	GEMS_PETD_01	6D	SL	PET acq_duration
0009	GEMS_PETD_01	6E	SL	PET acq_bin_dur
0009	GEMS_PETD_01	6F	SL	PET acq_bin_start
0009	GEMS_PETD_01	70	SL	PET actual_stop_cond
0009	GEMS_PETD_01	71	FD	PET total_prompts
0009	GEMS_PETD_01	72	FD	PET total_delays
0009	GEMS_PETD_01	73	SL	PET frame_valid
0009	GEMS_PETD_01	74	SL	PET validity_info
0009	GEMS_PETD_01	75	SL	PET archived
0009	GEMS_PETD_01	76	SL	PET compression
0009	GEMS_PETD_01	77	SL	PET uncompressed_size
0009	GEMS_PETD_01	78	SL	PET accum_bin_dur
0009	GEMS_PETD_01	79	SH	PET compatible_version
0009	GEMS_PETD_01	7A	SH	PET software_version
0009	GEMS_PETD_01	7B	DT	PET is_datetime
0009	GEMS_PETD_01	7C	SL	PET is_source
0009	GEMS_PETD_01	7D	SL	PET is_contents
0009	GEMS_PETD_01	7E	SL	PET is_type
0009	GEMS_PETD_01	7F	DS	PET is_reference
0009	GEMS_PETD_01	80	SL	PET multi_patient
0009	GEMS_PETD_01	81	SL	PET number_of_normals
0009	GEMS_PETD_01	82	UI	PET color_map_id
0009	GEMS_PETD_01	83	SL	PET window_level_type
0009	GEMS_PETD_01	84	FL	PET rotate
0009	GEMS_PETD_01	85	SL	PET flip
0009	GEMS_PETD_01	86	FL	PET zoom
0009	GEMS_PETD_01	87	SL	PET pan_x
0009	GEMS_PETD_01	88	SL	PET pan_y
0009	GEMS_PETD_01	89	FL	PET window_level_min
0009	GEMS_PETD_01	8A	FL	PET window_level_max
0009	GEMS_PETD_01	8B	SL	PET recon_method
0009	GEMS_PETD_01	8C	SL	PET attenuation
0009	GEMS_PETD_01	8D	FL	PET atten_coefficient
0009	GEMS_PETD_01	8E	SL	PET bp_filter
0009	GEMS_PETD_01	8F	FL	PET bp_filter_cutoff
0009	GEMS_PETD_01	90	SL	PET bp_filter_order
0009	GEMS_PETD_01	91	FL	PET bp_center_l
0009	GEMS_PETD_01	92	FL	PET bp_center_p
0009	GEMS_PETD_01	93	SL	PET atten_smooth
0009	GEMS_PETD_01	94	SL	PET atten_smooth_param
0009	GEMS_PETD_01	95	SL	PET angle_smooth_param
0009	GEMS_PETD_01	96	UI	PET wellcountercal_id
0009	GEMS_PETD_01	97	UI	PET trans_scan_id
0009	GEMS_PETD_01	98	UI	PET norm_cal_id
0009	GEMS_PETD_01	99	UI	PET blnk_cal_id
0009	GEMS_PETD_01	9A	FL	PET cac_edge_threshold
0009	GEMS_PETD_01	9B	FL	PET cac_skull_offset
0009	GEMS_PETD_01	9C	UI	PET emiss_sub_id
0009	GEMS_PETD_01	9D	SS	PET radial_filter_3d
0009	GEMS_PETD_01	9E	FL	PET radial_cutoff_3d
0009	GEMS_PETD_01	9F	SL	PET axial_filter_3d
0009	GEMS_PETD_01	A0	FL	PET axial_cutoff_3d
0009	GEMS_PETD_01	A1	FL	PET axial_start
0009	GEMS_PETD_01	A2	FL	PET axial_spacing
0009	GEMS_PETD_01	A3	SL	PET axial_angles_used
0009	GEMS_PETD_01	A4	SH	PET compatible_version
0009	GEMS_PETD_01	A5	SH	PET software_version
0009	GEMS_PETD_01	A6	SL	PET slice_number
0009	GEMS_PETD_01	A7	FL	PET total_counts
0009	GEMS_PETD_01	A8	OB	PET other_atts
0009	GEMS_PETD_01	A9	SL	PET other_atts_size
0009	GEMS_PETD_01	AA	SL	PET archived
0009	GEMS_PETD_01	AB	FL	PET bp_center_x
0009	GEMS_PETD_01	AC	FL	PET bp_center_y
0009	GEMS_PETD_01	AD	UI	PET trans_frame_id
0009	GEMS_PETD_01	AE	UI	PET tpluse_frame_id
0009	GEMS_PETD_01	B0	US	
0009	GEMS_PETD_01	B1	FL	PET profile_spacing
0009	GEMS_PETD_01	B2	SS	PET ir_num_iterations
0009	GEMS_PETD_01	B3	SS	PET ir_num_subsets
0009	GEMS_PETD_01	B4	FL	PET ir_recon_fov
0009	GEMS_PETD_01	B5	SS	PET ir_corr_model
0009	GEMS_PETD_01	B6	SS	PET ir_loop_filter
0009	GEMS_PETD_01	B7	FL	PET ir_pre_filt_parm
0009	GEMS_PETD_01	B8	FL	PET ir_loop_filt_parm
0009	GEMS_PETD_01	B9	FL	PET response_filt_parm
0009	GEMS_PETD_01	BA	SS	PET post_filter
0009	GEMS_PETD_01	BB	FL	PET post_filt_parm
0009	GEMS_PETD_01	BC	SS	PET ir_regularize
0009	GEMS_PETD_01	BD	FL	PET regularize_parm
0009	GEMS_PETD_01	BE	SS	PET ac_bp_filter
0009	GEMS_PETD_01	BF	FL	PET ac_bp_filt_cut_off
0009	GEMS_PETD_01	C0	SL	PET ac_bp_filt_order
0009	GEMS_PETD_01	C1	SS	PET ac_img_smooth
0009	GEMS_PETD_01	C2	FL	PET ac_img_smooth_parm
0009	GEMS_PETD_01	C3	SL	PET scatter_method
0009	GEMS_PETD_01	C4	SS	PET scatter_num_iter
0009	GEMS_PETD_01	C5	FL	PET scatter_parm
0009	GEMS_PETD_01	C6	FL	PET seg_qc_parm
0009	GEMS_PETD_01	C7	SL	PET overlap
0009	GEMS_PETD_01	C8	UI	PET ovlp_frm_id
0009	GEMS_PETD_01	C9	UI	PET ovlp_trans_frm_id
0009	GEMS_PETD_01	CA	UI	PET ovlp_tpulse_frm_id
0009	GEMS_PETD_01	CB	FL	PET vqc_x_axis_trans
0009	GEMS_PETD_01	CC	FL	PET vqc_x_axis_tilt
0009	GEMS_PETD_01	CD	FL	PET vqc_y_axis_trans
0009	GEMS_PETD_01	CE	FL	PET vqc_y_axis_swivel
0009	GEMS_PETD_01	CF	FL	PET vqc_z_axis_trans
0009	GEMS_PETD_01	D0	FL	PET vqc_z_axis_roll
0009	GEMS_PETD_01	D1	LO	PET ctac_conv_scale
0009	GEMS_PETD_01	D2	UI	PET image_set_id
0009	GEMS_PETD_01	D3	SL	PET constrast_route
0009	GEMS_PETD_01	D4	LO	PET ctac_conv_scale
0009	GEMS_PETD_01	D5	FL	PET loop_filter_parm
0009	GEMS_PETD_01	D6	FL	PET image_one_loc
0009	GEMS_PETD_01	D7	FL	PET image_index_loc
0009	GEMS_PETD_01	D8	SL	PET frame_number
0009	GEMS_PETD_01	D9	SL	PET list_file_exists
0009	GEMS_PETD_01	DA	ST	PET where_is_list_frame
0009	GEMS_PETD_01	DB	SL	PET ir_z_filter_flag
0009	GEMS_PETD_01	DC	FL	PET ir_z_filter_ratio
0009	GEMS_PETD_01	DD	US	PET num_of_rr_interval
0009	GEMS_PETD_01	DE	US	PET num_of_time_slots
0009	GEMS_PETD_01	DF	US	PET num_of_slices
0009	GEMS_PETD_01	E0	US	PET num_of_time_slices
0009	GEMS_PETD_01	E1	SL	PET unlisted_scan
0009	GEMS_PETD_01	E2	SL	PET rest_stress
0009	GEMS_PETD_01	E3	FL	PET phase percentage
0009	GEMS_PETD_01	E4	ST	Recon Protocol
0009	GEMS_PETD_01	E5	FL	PET left shift
0009	GEMS_PETD_01	E6	FL	PET posterior shift
0009	GEMS_PETD_01	E7	FL	PET superior shift
0009	GEMS_PETD_01	E8	SL	PET acq_bin_num
0009	GEMS_PETD_01	E9	FL	PET acq_bin_dur_percent
0009	GEMS_PETD_01	EA	SL	3D Filter flag
0009	GEMS_PETD_01	EB	FL	3D Filter cutoff
0009	GEMS_PETD_01	EC	SL	3D Filter order
0009	GEMS_PETD_01	F0	UI	Reformat group
0009	GEMS_PETD_01	F1	SL	PET prompt gamma
0009	GEMS_PETD_01	F2	UI	PET tracerInjectionUID
0009	GEMS_PETD_01	F3	FL	Blood Glucose Level
0009	GEMS_PETD_01	F4	SL	IsPatientDiabetic
0009	GEMS_PETD_01	F5	DA	Date of Last Treatment
0009	GEMS_PETD_01	F6	SL	PET Q Static ScanMode
0009	GEMS_PETD_01	F7	SL	PET Q Static Frame
0009	GEMS_PETD_01	F8	FL	Regularized Recon Beta
0009	GEMS_PETD_01	F9	FL	Regularized Recon Gamma
0009	GEMS_PETD_01	FA	SL	
0009	GEMS_PETD_01	FB	SL	
0009	GEMS_PETD_01	FC	SL	
0009	GEMS_QVA_PHOTO_01	60	FL	Dodge End Diastolic Volume ml
0009	GEMS_QVA_PHOTO_01	61	FL	Dodge End Systolic Volume ml
0009	GEMS_QVA_PHOTO_01	62	FL	Dodge Stroke Volume ml
0009	GEMS_QVA_PHOTO_01	63	IS	Dodge Ejection Fraction
0009	GEMS_QVA_PHOTO_01	64	FL	Simpson End Diastolic Volume ml
0009	GEMS_QVA_PHOTO_01	65	FL	Simpson End Systolic Volume ml
0009	GEMS_QVA_PHOTO_01	66	FL	Simpson Stroke Volume ml
0009	GEMS_QVA_PHOTO_01	67	IS	Simpson Ejection Fraction
0009	GEMS_QVA_PHOTO_01	68	FL	CFX Single Hypokinesia in Region
0009	GEMS_QVA_PHOTO_01	69	FL	CFX Single Hyperkinesia in Opposite Region
0009	GEMS_QVA_PHOTO_01	6A	IS	CFX Single Total LV contour Percent
0009	GEMS_QVA_PHOTO_01	6B	FL	CFX Multiple Hypokinesia in Region
0009	GEMS_QVA_PHOTO_01	6C	FL	CFX Multiple Hyperkinesia in Opposite Region
0009	GEMS_QVA_PHOTO_01	6D	IS	CFX Multiple Total LV contour Percent
0009	GEMS_QVA_PHOTO_01	6E	FL	RCA Single Hypokinesia in Region
0009	GEMS_QVA_PHOTO_01	6F	FL	RCA Single Hyperkinesia in Opposite Region
0009	GEMS_QVA_PHOTO_01	70	IS	RCA Single Total LV contour Percent
0009	GEMS_QVA_PHOTO_01	71	FL	RCA Multiple Hypokinesia in Region
0009	GEMS_QVA_PHOTO_01	72	FL	RCA Multiple Hyperkinesia in Opposite Region
0009	GEMS_QVA_PHOTO_01	73	IS	RCA Multiple Total LV contour Percent
0009	GEMS_QVA_PHOTO_01	74	FL	LAD Single Hypokinesia in Region
0009	GEMS_QVA_PHOTO_01	75	FL	LAD Single Hyperkinesia in Opposite Region
0009	GEMS_QVA_PHOTO_01	76	IS	LAD Single Total LV contour Percent
0009	GEMS_QVA_PHOTO_01	77	FL	LAD Multiple Hypokinesia in Region
0009	GEMS_QVA_PHOTO_01	78	FL	LAD Multiple Hyperkinesia in Opposite Region
0009	GEMS_QVA_PHOTO_01	79	IS	LAD Multiple Total LV contour Percent
0009	GEMS_QVA_PHOTO_01	7A	FL	Dodge End Diastolic Volume ml/m2
0009	GEMS_QVA_PHOTO_01	7C	FL	Dodge End Systolic Volume ml/m2
0009	GEMS_QVA_PHOTO_01	7E	FL	Dodge Stroke Volume ml/m2
0009	GEMS_QVA_PHOTO_01	80	FL	Simpson End Diastolic Volume ml/m2
0009	GEMS_QVA_PHOTO_01	82	FL	Simpson End Systolic Volume ml/m2
0009	GEMS_QVA_PHOTO_01	84	FL	Simpson Stroke Volume ml/m2
0009	INTEGRIS 1.0	08	CS	ExposureChannel
0009	INTEGRIS 1.0	32	TM	ExposureStartTime
0009	ISI	01	SQ	SIENET General Purpose IMGF
0009	MEDISO-1	EE	DT	
0009	MEDISO-1	EF	DT	
0009	MEDISO-1	F0	FD	
0009	MEDISO-1	F1	FD	
0009	MEDISO-1	F2	FD	
0009	MEDISO-1	F3	FD	
0009	MEDISO-1	FA	ST	
0009	MEDISO-1	FB	US	
0009	MERGE TECHNOLOGIES, INC.	00	OB	
0009	MMCPrivate	00	LO	Private Creator
0009	MMCPrivate	01	LO	Technologist
0009	MMCPrivate	02	LO	ScheduledStudyDateTime
0009	MMCPrivate	03	OB	StudyAppData
0009	MMCPrivate	04	UI	ProtocolObjectID
0009	MMCPrivate	05	LO	Name
0009	MMCPrivate	06	IS	Frequency
0009	MMCPrivate	07	SH	UpdateFlag
0009	MMCPrivate	08	SH	Directory
0009	MMCPrivate	09	LO	Comments
0009	MMCPrivate	0A	LO	Region
0009	MMCPrivate	0B	SH	Laterality
0009	MMCPrivate	0C	TM	TotalScanTime
0009	MMCPrivate	0D	LO	ContrastMedium
0009	MMCPrivate	0E	LO	CreateDateTime
0009	MMCPrivate	0F	LO	Creator
0009	MMCPrivate	10	LO	SiteName
0009	MMCPrivate	11	LO	ReferringPhysician
0009	MMCPrivate	12	LO	Radiologist
0009	MMCPrivate	13	LO	Technologist
0009	MMCPrivate	14	UI	ProtocolUid
0009	MMCPrivate	15	SH	IsInLibrary
0009	MMCPrivate	16	LO	Gating
0009	MMCPrivate	17	ST	Note
0009	MMCPrivate	18	IS	NumberOfTasks
0009	MMCPrivate	19	SH	IsFlagRaised
0009	MMCPrivate	1A	SH	IsArchived
0009	MMCPrivate	1B	SH	IsDefault
0009	MMCPrivate	1C	OB	ProtocolAppData
0009	MMCPrivate	1D	SH	IsAllowCascadeSave
0009	MMCPrivate	1E	SH	IsAllowCascadeProtect
0009	MMCPrivate	1F	SQ	TaskInfo
0009	MMCPrivate	20	UI	TaskInfoObjectID
0009	MMCPrivate	21	LO	Name
0009	MMCPrivate	22	SH	TaskStatus
0009	MMCPrivate	23	SH	TaskPriority
0009	MMCPrivate	24	SH	Leaf
0009	MMCPrivate	25	LO	TaskID
0009	MMCPrivate	26	IS	Frequency
0009	MMCPrivate	27	SH	UpdateFlag
0009	MMCPrivate	28	SH	Directory
0009	MMCPrivate	29	LO	Comments
0009	MMCPrivate	2A	SH	Category
0009	MMCPrivate	2B	LO	Region
0009	MMCPrivate	2C	SH	Laterality
0009	MMCPrivate	2D	TM	ScanTime
0009	MMCPrivate	2E	LO	ContrastMedium
0009	MMCPrivate	2F	LO	CreateDateTime
0009	MMCPrivate	30	LO	Creator
0009	MMCPrivate	31	LO	SiteName
0009	MMCPrivate	32	LO	ReferringPhysician
0009	MMCPrivate	33	LO	Radiologist
0009	MMCPrivate	34	LO	Technologist
0009	MMCPrivate	35	UI	TaskUid
0009	MMCPrivate	36	UI	TaskInfoUid
0009	MMCPrivate	37	SH	IsInLibrary
0009	MMCPrivate	38	IS	TaskOrder
0009	MMCPrivate	39	LO	Gating
0009	MMCPrivate	3A	SH	Plane
0009	MMCPrivate	3B	LO	SequenceType
0009	MMCPrivate	3C	SH	IsExecutive
0009	MMCPrivate	3D	ST	Note
0009	MMCPrivate	3E	SH	AutoStart
0009	MMCPrivate	3F	SH	AutoSave
0009	MMCPrivate	40	SH	AutoArchive
0009	MMCPrivate	41	IS	QueueGroupID
0009	MMCPrivate	42	SH	IsFlagRaised
0009	MMCPrivate	43	SH	IsArchived
0009	MMCPrivate	44	SH	IsDefault
0009	MMCPrivate	45	OB	TaskInfoAppData
0009	MMCPrivate	46	SH	IsAllowCascadeSave
0009	MMCPrivate	47	SH	IsAllowCascadeProtect
0009	MMCPrivate	48	LO	ProtocolName
0009	MMCPrivate	4E	LO	Cms_BodyPartExamined
0009	MMCPrivate	4F	LO	IsProtected
0009	MMCPrivate	50	OB	?StudyReservationInfo
0009	MMCPrivate	51	LO	Cmi_contrastBolusAgent
0009	MMCPrivate	52	LO	Cms_institutionName
0009	MMCPrivate	53	LO	Cms_institutionalDepartmentName
0009	MMCPrivate	54	LO	Cms_seriesDescription
0009	MMCPrivate	55	LO	Cms_operatorsName
0009	MMCPrivate	56	LO	Cms_PerformingPhysiciansName
0009	MMCPrivate	57	ST	Cms_institutionAddress
0009	MMCPrivate	58	LO	Cmi_imageComments
0009	MMCPrivate	59	LO	Cmi_instanceCreationDateTime
0009	MMCPrivate	5A	LO	MppsStepStatus
0009	MMCPrivate	5B	IS	FilmedCount
0009	MMCPrivate	5C	LO	IsAllowCascadeSave
0009	MMCPrivate	5D	LO	IsAllowCascadeProtect
0009	MMCPrivate	5E	LO	IsDeleted
0009	MMCPrivate	5F	UI	ProtocolObjectID
0009	MMCPrivate	60	OB	TaskInfoAppData
0009	MMCPrivate	72	UI	ProtocolTaskInfoObjectID
0009	MMCPrivate	73	IS	ProtocolTaskOrder
0009	MMCPrivate	74	UI	ProtocolTaskUid
0009	MMCPrivate	75	OB	ProtocolTaskAppData
0009	MMCPrivate	76	SH	ProtocolTaskIsAllowCascadeSave
0009	MMCPrivate	77	SH	ProtocolTaskIsAllowCascadeProtect
0009	PAPYRUS	00	LT	OriginalFileName
0009	PAPYRUS	10	LT	OriginalFileLocation
0009	PAPYRUS	18	LT	DataSetIdentifier
0009	PHILIPS MR	10	LO	SPIRelease
0009	PHILIPS MR	12	LO	
0009	PHILIPS MR/PART 12	10	US	
0009	PMTF INFORMATION DATA^10	02	SH	Device Serial Number
0009	QCA	00	CS	Analysis Type
0009	QCA	04	LO	Segment Name
0009	QCA	12	DS	Pre Catheter size
0009	QCA	13	DS	Pre Reference Diameter
0009	QCA	14	DS	Pre Minimum Lumen Diameter
0009	QCA	15	DS	Pre Average Diameter
0009	QCA	16	DS	Pre Stenosis Length
0009	QCA	17	DS	Pre Stenosis %
0009	QCA	18	DS	Pre Geometric Area Reduction %
0009	QCA	22	DS	Post Catheter Size
0009	QCA	23	DS	Post Reference Diameter
0009	QCA	24	DS	Post Minimum Lumen Diameter
0009	QCA	25	DS	Post Average Diameter
0009	QCA	26	DS	Post Stenosis Length
0009	QCA	27	DS	Post Stenosis %
0009	QCA	28	DS	Post Geometric Area Reduction %
0009	QCA_RESULTS	00	CS	Analysis Views
0009	QCA_RESULTS	10	LO	Segment
0009	QCA_RESULTS	11	LO	Pre Catheter Name
0009	QCA_RESULTS	12	DS	Pre Catheter Size
0009	QCA_RESULTS	13	DS	Pre Reference Diameter
0009	QCA_RESULTS	14	DS	Pre Minimum Lumen Diameter
0009	QCA_RESULTS	15	DS	Pre Average Diameter
0009	QCA_RESULTS	16	DS	Pre Stenosis Length
0009	QCA_RESULTS	17	IS	Pre Stenosis %
0009	QCA_RESULTS	18	IS	Pre Geometric Area Reduction %
0009	QCA_RESULTS	21	LO	Post Catheter Name
0009	QCA_RESULTS	22	DS	Post Catheter Size
0009	QCA_RESULTS	23	DS	Post Reference Diameter
0009	QCA_RESULTS	24	DS	Post Minimum Lumen Diameter
0009	QCA_RESULTS	25	DS	Post Average Diameter
0009	QCA_RESULTS	26	DS	Post Stenosis Length
0009	QCA_RESULTS	27	IS	Post Stenosis %
0009	QCA_RESULTS	28	IS	Post Geometric Area Reduction %
0009	QCA_RESULTS	40	IS	Calibration Frame
0009	QCA_RESULTS	41	IS	End Diastolic Frame
0009	QCA_RESULTS	42	IS	End Systolic Frame
0009	QCA_RESULTS	43	DS	End Diastolic Volume
0009	QCA_RESULTS	44	DS	End Systolic Volume
0009	QCA_RESULTS	45	DS	Stroke Volume
0009	QCA_RESULTS	47	DS	Ejection Fraction
0009	QCA_RESULTS	48	DS	Body Surface Area
0009	QCA_RESULTS	49	SH	Artery Territory Region
0009	QCA_RESULTS	50	IS	Number of Diseased Vessels
0009	QCA_RESULTS	51	DS	Hypokinesis in Region
0009	QCA_RESULTS	52	DS	Hyperkinesis in Opposite Region
0009	QCA_RESULTS	53	IS	Percent Total LV Hypokinesis
0009	QCA_RESULTS	55	DS	Calibration Factor
0009	QUASAR_INTERNAL_USE	01	UL	Rate Vector
0009	QUASAR_INTERNAL_USE	02	UL	Count Vector
0009	QUASAR_INTERNAL_USE	03	UL	Time Vector
0009	QUASAR_INTERNAL_USE	07	US	Angle Vector
0009	QUASAR_INTERNAL_USE	08	US	Camera Shape
0009	QUASAR_INTERNAL_USE	10	US	WholeBody Spots
0009	QUASAR_INTERNAL_USE	11	US	Worklist Flag
0009	QUASAR_INTERNAL_USE	12	LO	
0009	QUASAR_INTERNAL_USE	13	ST	Sequence Type
0009	QUASAR_INTERNAL_USE	14	ST	Sequence Name
0009	QUASAR_INTERNAL_USE	15	UL	Avr RR Time Vector
0009	QUASAR_INTERNAL_USE	16	UL	Low Limit Vector
0009	QUASAR_INTERNAL_USE	17	UL	High Limit Vector
0009	QUASAR_INTERNAL_USE	18	UL	Begin Index Vector
0009	QUASAR_INTERNAL_USE	19	UL	End Index Vector
0009	QUASAR_INTERNAL_USE	1A	UL	Raw Time Vector
0009	QUASAR_INTERNAL_USE	1B	LO	Image Type String
0009	QUASAR_INTERNAL_USE	1D	US	
0009	QUASAR_INTERNAL_USE	1E	ST	
0009	QUASAR_INTERNAL_USE	22	FL	
0009	QUASAR_INTERNAL_USE	23	US	
0009	QUASAR_INTERNAL_USE	39	UI	
0009	QUASAR_INTERNAL_USE	40	DA	
0009	QUASAR_INTERNAL_USE	41	TM	
0009	QUASAR_INTERNAL_USE	42	LO	
0009	QUASAR_INTERNAL_USE	44	SH	
0009	QVA	40	IS	Calibration Frame
0009	QVA	41	IS	End Diastolic Frame
0009	QVA	42	IS	End Systolic Frame
0009	QVA	43	DS	End Diastolic Volume
0009	QVA	44	DS	End Systolic Volume
0009	QVA	45	DS	Stroke Volume
0009	QVA	46	DS	Cardiac Output
0009	QVA	47	DS	Ejection Fraction
0009	QVA	48	DS	Body Surface Area
0009	QVA	49	SH	Artery Territory Region
0009	QVA	50	IS	Number of Diseased Vessels
0009	QVA	51	DS	Hypokinesis in Region
0009	QVA	52	DS	Hyperkinesis in Region
0009	QVA	53	IS	percent of chords with hyperkinesis <- 2 SD
0009	QVA	54	IS	percent of chords with alkinesis/dyskinesis
0009	QVA	55	DS	Calibration Factor
0009	SCHICK TECHNOLOGIES - Viewset Creator ID	01	UI	Instance UID
0009	SCHICK TECHNOLOGIES - Viewset Creator ID	02	LO	Name
0009	SCHICK TECHNOLOGIES - Viewset Creator ID	03	SQ	Sequence
0009	SCHICK TECHNOLOGIES - Viewset Creator ID	04	UL	Mode
0009	SCHICK TECHNOLOGIES - Viewset Creator ID	05	UL	Type
0009	SCHICK TECHNOLOGIES - Viewset Item Creator ID	01	UI	Image Instance UID
0009	SCHICK TECHNOLOGIES - Viewset Item Creator ID	02	US	Number
0009	SCHICK TECHNOLOGIES - Viewset Item Creator ID	03	US	Order
0009	SCHICK TECHNOLOGIES - Viewset Item Creator ID	04	US	Type
0009	SCHICK TECHNOLOGIES - Viewset Item Creator ID	05	US	Orientation
0009	SCHICK TECHNOLOGIES - Viewset Item Creator ID	06	US	Rect (Left, Top, Width, Height)
0009	SCHICK TECHNOLOGIES - Viewset Item Creator ID	07	US	Caption Height
0009	SCHICK TECHNOLOGIES - Viewset Item Creator ID	08	US	Source
0009	SCHICK TECHNOLOGIES - Viewset Item Creator ID	09	US	Default Width
0009	SCHICK TECHNOLOGIES - Viewset Item Creator ID	0A	US	Default Height
0009	SECTRA_Ident_01	01	LO	Request number
0009	SECTRA_Ident_01	02	LO	Examination number
0009	SECTRA_Ident_01	04	LO	Series ID
0009	SECTRA_Ident_01	05	LO	Series Order
0009	SECTRA_Ident_01	06	LO	File Name
0009	SECTRA_Ident_01	07	LO	Image Data ID
0009	SIEMENS CM VA0  CMS	00	DS	NumberOfMeasurements
0009	SIEMENS CM VA0  CMS	10	LT	StorageMode
0009	SIEMENS CM VA0  CMS	12	UL	EvaluationMaskImage
0009	SIEMENS CM VA0  CMS	13	IS	Int ??
0009	SIEMENS CM VA0  CMS	14	IS	Int ??
0009	SIEMENS CM VA0  CMS	26	DA	LastMoveDate
0009	SIEMENS CM VA0  CMS	27	TM	LastMoveTime
0009	SIEMENS CM VA0  LAB	10	LT	GeneratorIdentificationLabel
0009	SIEMENS CM VA0  LAB	11	LT	GantryIdentificationLabel
0009	SIEMENS CM VA0  LAB	12	LT	X-RayTubeIdentificationLabel
0009	SIEMENS CM VA0  LAB	13	LT	DetectorIdentificationLabel
0009	SIEMENS CM VA0  LAB	14	LT	DASIdentificationLabel
0009	SIEMENS CM VA0  LAB	15	LT	SMIIdentificationLabel
0009	SIEMENS CM VA0  LAB	16	LT	CPUIdentificationLabel
0009	SIEMENS CM VA0  LAB	20	LT	HeaderVersion
0009	SIEMENS CT VA0  IDE	10	LT	
0009	SIEMENS CT VA0  IDE	30	LT	
0009	SIEMENS CT VA0  IDE	31	LT	
0009	SIEMENS CT VA0  IDE	32	LT	
0009	SIEMENS CT VA0  IDE	33	SH	Data Set Subtype 4
0009	SIEMENS CT VA0  IDE	34	LT	
0009	SIEMENS CT VA0  IDE	40	LT	
0009	SIEMENS CT VA0  IDE	42	LT	
0009	SIEMENS CT VA0  IDE	50	LT	
0009	SIEMENS CT VA0  IDE	51	LT	
0009	SIEMENS CT VA0  ORI	20	LT	
0009	SIEMENS CT VA0  ORI	30	LT	
0009	SIEMENS DICOM	12	LT	
0009	SIEMENS ISI	14	SQ	RIS Patient Info IMGEF
0009	SIEMENS MED	10	LO	RecognitionCode
0009	SIEMENS MED	30	UL	ByteOffsetOfOriginalHeader
0009	SIEMENS MED	31	UL	LengthOfOriginalHeader
0009	SIEMENS MED	40	UL	ByteOffsetOfPixelmatrix
0009	SIEMENS MED	41	UL	LengthOfPixelmatrixInBytes
0009	SIEMENS MED	50	LT	
0009	SIEMENS MED	51	LT	
0009	SIEMENS MED	80	ST	
0009	SIEMENS MED	F5	LT	PDMEFIDPlaceholder
0009	SIEMENS MED	F6	LT	PDMDataObjectTypeExtension
0009	SIEMENS MED NM	80	LO	Main Acquisition View
0009	SIEMENS SYNGO INDEX SERVICE	8C	LO	
0009	SIENET	01	US	SIENETCommandField
0009	SIENET	14	LT	ReceiverPLA
0009	SIENET	16	US	TransferPriority
0009	SIENET	29	LT	ActualUser
0009	SIENET	70	DS	
0009	SIENET	71	DS	
0009	SIENET	72	LO	
0009	SIENET	73	LO	
0009	SIENET	74	LO	
0009	SIENET	75	LO	
0009	SPI	10	LO	Comments
0009	SPI	15	LO	SPIImageUID
0009	SPI	40	US	DataObjectType
0009	SPI	41	LT	DataObjectSubtype
0009	SPI RELEASE 1	10	LT	Comments
0009	SPI RELEASE 1	15	LO	SPIImageUID
0009	SPI RELEASE 1	40	US	DataObjectType
0009	SPI RELEASE 1	41	LO	DataObjectSubtype
0009	SPI Release 1	08	CS	
0009	SPI Release 1	10	LT	Comments
0009	SPI Release 1	15	LO	SPIImageUID
0009	SPI Release 1	40	US	DataObjectType
0009	SPI Release 1	41	LO	DataObjectSubtype
0009	SPI-P Release 1	00	LT	DataObjectRecognitionCode
0009	SPI-P Release 1	04	LO	ImageDataConsistence
0009	SPI-P Release 1	08	US	
0009	SPI-P Release 1	12	LO	
0009	SPI-P Release 1	15	LO	UniqueIdentifier
0009	SPI-P Release 1	16	LO	
0009	SPI-P Release 1	18	LO	
0009	SPI-P Release 1	21	LT	
0009	SPI-P Release 1	22	LO	
0009	SPI-P Release 1	31	LT	PACSUniqueIdentifier
0009	SPI-P Release 1	34	LT	ClusterUniqueIdentifier
0009	SPI-P Release 1	38	LT	SystemUniqueIdentifier
0009	SPI-P Release 1	39	LT	
0009	SPI-P Release 1	40	LO	
0009	SPI-P Release 1	41	LO	
0009	SPI-P Release 1	51	LT	StudyUniqueIdentifier
0009	SPI-P Release 1	61	LT	SeriesUniqueIdentifier
0009	SPI-P Release 1	91	LT	
0009	SPI-P Release 1	A0	LT	
0009	SPI-P Release 1	F2	LT	
0009	SPI-P Release 1	F4	LT	
0009	SPI-P Release 1	F7	LT	
0009	SPI-P Release 1;1	C0	LT	
0009	SPI-P Release 1;1	C1	LT	
0009	SPI-P-GV-CT Release 1	00	LO	
0009	SPI-P-GV-CT Release 1	10	LO	
0009	SPI-P-GV-CT Release 1	20	LO	
0009	SPI-P-GV-CT Release 1	30	LO	
0009	SPI-P-GV-CT Release 1	40	LO	
0009	SPI-P-GV-CT Release 1	50	LO	
0009	SPI-P-GV-CT Release 1	60	LO	
0009	SPI-P-GV-CT Release 1	70	LO	
0009	SPI-P-GV-CT Release 1	75	LO	
0009	SPI-P-GV-CT Release 1	80	LO	
0009	SPI-P-GV-CT Release 1	90	LO	
0009	TOSHIBA_MEC_1.0	01	LT	
0009	TOSHIBA_MEC_1.0	02	US	
0009	TOSHIBA_MEC_1.0	03	US	
0009	TOSHIBA_MEC_1.0	04	US	
0009	TOSHIBA_MEC_1.0	06	US	
0009	TOSHIBA_MEC_1.0	08	CS	
0009	TOSHIBA_MEC_1.0	09	CS	
0009	TOSHIBA_MEC_1.0	12	IS	
0009	TOSHIBA_MEC_1.0	13	IS	
0009	TOSHIBA_MEC_1.0	18	CS	
0009	TOSHIBA_MEC_1.0	19	CS	
0009	TOSHIBA_MEC_1.0	82	LO	
0009	TOSHIBA_MEC_1.0	85	US	
0009	TOSHIBA_MEC_MR3^10	02	SH	
0009	TOSHIBA_MEC_OT3	00	LO	HIS/RIS Study ID
0009	WG12 Supplement 43	01	SQ	Event Timer Sequence
0009	WG12 Supplement 43	02	FD	Event Time Interval
0009	WG12 Supplement 43	03	SQ	Event Code Sequence
0011	Acuson X500	00	UL	Group Length 0011
0011	CANON_MEC_MR3^10	03	US	
0011	CANON_MEC_MR3^10	04	SQ	
0011	CANON_MEC_MR3^10	05	US	
0011	CANON_MEC_MR3^10	06	US	
0011	CANON_MEC_MR3^10	07	UL	
0011	CANON_MEC_MR3^10	08	SH	
0011	CANON_MEC_MR3^10	0C	SS	
0011	CANON_MEC_MR3^10	0E	US	
0011	DLX_PATNT_01	01	LT	PatientDOB
0011	GEMS_DL_PATNT_01	80	UI	Patient Instance Uid
0011	GEMS_DL_PATNT_01	81	IS	Last Study Number
0011	GEMS_DL_PATNT_01	82	CS	Patient Repaired
0011	GEMS_DL_PATNT_01	83	CS	Lock Demographics
0011	GEMS_GDXE_FALCON_04	03	UI	Processed Series UID
0011	GEMS_GDXE_FALCON_04	04	CS	Acquisition Type
0011	GEMS_GDXE_FALCON_04	05	UI	Acquisition UID
0011	GEMS_GDXE_FALCON_04	06	DS	Image Dose
0011	GEMS_GDXE_FALCON_04	07	FL	Study Dose
0011	GEMS_GDXE_FALCON_04	08	FL	Study DAP
0011	GEMS_GDXE_FALCON_04	09	SL	Non-Digital Exposures
0011	GEMS_GDXE_FALCON_04	10	SL	Total Exposures
0011	GEMS_GDXE_FALCON_04	11	LT	ROI
0011	GEMS_GDXE_FALCON_04	12	LT	Patient Size String
0011	GEMS_GDXE_FALCON_04	13	UI	SPS UID
0011	GEMS_GDXE_FALCON_04	14	UI	
0011	GEMS_GDXE_FALCON_04	15	DS	Detector ARC Gain
0011	GEMS_GDXE_FALCON_04	16	LT	Processing Debug Info
0011	GEMS_GDXE_FALCON_04	17	CS	Override mode
0011	GEMS_GDXE_FALCON_04	19	DS	Film Speed Selection
0011	GEMS_GDXE_FALCON_04	27	FL	
0011	GEMS_GDXE_FALCON_04	28	FL	
0011	GEMS_GDXE_FALCON_04	29	SL	
0011	GEMS_GDXE_FALCON_04	30	SL	
0011	GEMS_GDXE_FALCON_04	31	IS	Detected Field of View
0011	GEMS_GDXE_FALCON_04	32	IS	Adjusted Field of View
0011	GEMS_GDXE_FALCON_04	33	DS	Detected Exposure Index
0011	GEMS_GDXE_FALCON_04	34	DS	Compensated Detector Exposure
0011	GEMS_GDXE_FALCON_04	35	DS	Uncompensated Detector Exposure
0011	GEMS_GDXE_FALCON_04	36	DS	Median Anatomy Count Value
0011	GEMS_GDXE_FALCON_04	37	DS	DEI lower and upper limit values
0011	GEMS_GDXE_FALCON_04	38	SL	Shift Vector for Pasting
0011	GEMS_GDXE_FALCON_04	39	CS	Image Number in Pasting
0011	GEMS_GDXE_FALCON_04	40	SL	Pasting Overlap
0011	GEMS_GDXE_FALCON_04	41	IS	Sub-image Collimator Vertices
0011	GEMS_GDXE_FALCON_04	42	LO	View IP
0011	GEMS_GDXE_FALCON_04	43	IS	Key-stone Coordinates
0011	GEMS_GDXE_FALCON_04	44	CS	Receptor Type
0011	GEMS_GDXE_FALCON_04	46	LO	
0011	GEMS_GDXE_FALCON_04	47	DS	
0011	GEMS_GDXE_FALCON_04	59	CS	
0011	GEMS_GDXE_FALCON_04	60	CS	
0011	GEMS_GENIE_1	0A	SL	SeriesType
0011	GEMS_GENIE_1	0B	SL	EffectiveSeriesDuration
0011	GEMS_GENIE_1	0C	SL	NumBeats
0011	GEMS_GENIE_1	0D	LO	RadioNuclideName
0011	GEMS_GENIE_1	10	LO	
0011	GEMS_GENIE_1	11	SL	Dataset Modified
0011	GEMS_GENIE_1	12	LO	DatasetName
0011	GEMS_GENIE_1	13	SL	DatasetType
0011	GEMS_GENIE_1	14	LO	Completion Time
0011	GEMS_GENIE_1	15	SL	DetectorNumber
0011	GEMS_GENIE_1	16	SL	EnergyNumber
0011	GEMS_GENIE_1	17	SL	RRIntervalWindowNumber
0011	GEMS_GENIE_1	18	SL	MGBinNumber
0011	GEMS_GENIE_1	19	FD	RadiusOfRotation
0011	GEMS_GENIE_1	1A	SL	DetectorCountZone
0011	GEMS_GENIE_1	1B	SL	NumEnergyWindows
0011	GEMS_GENIE_1	1C	SL	EnergyOffset
0011	GEMS_GENIE_1	1D	SL	EnergyRange
0011	GEMS_GENIE_1	1E	SL	Energy Width (retired)
0011	GEMS_GENIE_1	1F	SL	ImageOrientation
0011	GEMS_GENIE_1	21	DS	Acq Zoom (retired)
0011	GEMS_GENIE_1	22	DS	Acq Pan (retired)
0011	GEMS_GENIE_1	23	SL	UseFOVMask
0011	GEMS_GENIE_1	24	SL	FOVMaskYCutoffAngle
0011	GEMS_GENIE_1	25	SL	FOVMaskCutoffAngle
0011	GEMS_GENIE_1	26	SL	TableOrientation
0011	GEMS_GENIE_1	27	SL	ROITopLeft
0011	GEMS_GENIE_1	28	SL	ROIBottomRight
0011	GEMS_GENIE_1	29	SL	Uniformity Mean
0011	GEMS_GENIE_1	2A	FD	Phase Duration (retired)
0011	GEMS_GENIE_1	2C	FD	View X Adjustment
0011	GEMS_GENIE_1	2D	FD	View Y Adjustment
0011	GEMS_GENIE_1	2E	SL	Pixel Overflow Flag
0011	GEMS_GENIE_1	2F	SL	Overflow Level
0011	GEMS_GENIE_1	30	LO	
0011	GEMS_GENIE_1	31	LO	Acquisition Parent UID
0011	GEMS_GENIE_1	32	LO	Processing Parent UID
0011	GEMS_GENIE_1	33	LO	EnergyCorrectName
0011	GEMS_GENIE_1	34	LO	SpatialCorrectName
0011	GEMS_GENIE_1	35	LO	TuningCalibName
0011	GEMS_GENIE_1	36	LO	UniformityCorrectName
0011	GEMS_GENIE_1	37	LO	AcquisitionSpecificCorrectName
0011	GEMS_GENIE_1	38	SL	ByteOrder
0011	GEMS_GENIE_1	39	SL	Compression Type
0011	GEMS_GENIE_1	3A	SL	PictureFormat
0011	GEMS_GENIE_1	3B	FD	PixelScale
0011	GEMS_GENIE_1	3C	FD	PixelOffset
0011	GEMS_GENIE_1	3D	SL	Energy Peak (retired)
0011	GEMS_GENIE_1	3E	SL	FOVShape
0011	GEMS_GENIE_1	3F	SL	DatasetFlags
0011	GEMS_GENIE_1	40	LO	Viewing Object Name
0011	GEMS_GENIE_1	41	SL	Orientation Angle
0011	GEMS_GENIE_1	42	FD	Rotation Angle
0011	GEMS_GENIE_1	43	SL	Window Inverse Flag
0011	GEMS_GENIE_1	44	FD	ThresholdCenter
0011	GEMS_GENIE_1	45	FD	ThresholdWidth
0011	GEMS_GENIE_1	46	SL	InterpolationType
0011	GEMS_GENIE_1	50	LO	Where Object Name
0011	GEMS_GENIE_1	55	FD	Period
0011	GEMS_GENIE_1	56	FD	ElapsedTime
0011	GEMS_GENIE_1	57	FD	FOV
0011	GEMS_GENIE_1	61	SL	Image Size
0011	GEMS_GENIE_1	62	FD	Linear FOV
0011	GEMS_GENIE_1	63	FD	Spatial Offset
0011	GEMS_GENIE_1	64	FD	Spatial Orientation
0011	GEMS_GENIE_1	65	LO	Reference Dataset UID
0011	GEMS_GENIE_1	66	LO	Starcam Reference Dataset
0011	GEMS_GENIE_1	67	SL	Reference Frame Number
0011	GEMS_GENIE_1	68	SL	Cursor Length
0011	GEMS_GENIE_1	69	SL	Number of Cursors
0011	GEMS_GENIE_1	6A	SL	Cursor Coordinates
0011	GEMS_GENIE_1	6B	SL	Recon Options Flag
0011	GEMS_GENIE_1	6C	FD	Motion Threshold
0011	GEMS_GENIE_1	6D	UI	Motion Curve UID
0011	GEMS_GENIE_1	6E	SL	Recon Type
0011	GEMS_GENIE_1	6F	SL	Pre Filter Type
0011	GEMS_GENIE_1	71	SL	Back Proj Filter Type
0011	GEMS_GENIE_1	72	SL	Recon Arc
0011	GEMS_GENIE_1	73	FD	Recon Pan AP Offset
0011	GEMS_GENIE_1	74	FD	Recon Pan LR Offset
0011	GEMS_GENIE_1	75	FD	Recon Area
0011	GEMS_GENIE_1	76	SL	Start View
0011	GEMS_GENIE_1	77	SL	Attenuation Type
0011	GEMS_GENIE_1	78	SL	Dual Energy Processing
0011	GEMS_GENIE_1	79	SH	Pre Filter Param
0011	GEMS_GENIE_1	7A	SH	Pre Filter Param 2
0011	GEMS_GENIE_1	7B	SH	Back Proj Filter Param
0011	GEMS_GENIE_1	7C	SH	Back Proj Filter Param 2
0011	GEMS_GENIE_1	7D	SH	Attenuation Coef
0011	GEMS_GENIE_1	7E	SL	Ref Slice Width
0011	GEMS_GENIE_1	7F	FD	Ref Trans Pixel Volume
0011	GEMS_GENIE_1	81	SH	Attenuation Threshold
0011	GEMS_GENIE_1	82	FD	Interpolation Distance
0011	GEMS_GENIE_1	83	FD	Interpolation Center X
0011	GEMS_GENIE_1	84	FD	Interpolation Center Y
0011	GEMS_GENIE_1	85	SL	Quant Filter Flag
0011	GEMS_GENIE_1	86	SL	Head Conversion
0011	GEMS_GENIE_1	87	SL	Slice Width Pixels
0011	GEMS_GENIE_1	88	SL	Rfmtr Trans Ref
0011	GEMS_GENIE_1	89	FD	Rfmtr Trans Ref mm
0011	GEMS_GENIE_1	8A	SL	Two Line Trans Ref
0011	GEMS_GENIE_1	8B	SL	Three-D Zero
0011	GEMS_GENIE_1	8C	SL	Three-D Zero Length
0011	GEMS_GENIE_1	8D	SL	Three-D Zero In
0011	GEMS_PATI_01	10	SS	PatientStatus
0011	GEMS_PATI_01	30	DS	
0011	GEMS_PETD_01	01	SQ	GE Advance ROI Sequence
0011	GEMS_PETD_01	02	UI	GE Advance ROI.roi_id
0011	GEMS_PETD_01	03	UI	GE Advance ROI.image_id
0011	GEMS_PETD_01	04	SH	GE Advance ROI.compatible_version
0011	GEMS_PETD_01	05	SH	GE Advance ROI.software_version
0011	GEMS_PETD_01	06	LO	GE Advance ROI.roi_name
0011	GEMS_PETD_01	07	DT	GE Advance ROI.roi_datetime
0011	GEMS_PETD_01	08	SL	GE Advance ROI.roi_type
0011	GEMS_PETD_01	09	FL	GE Advance ROI.center_x
0011	GEMS_PETD_01	0A	FL	GE Advance ROI.center_y
0011	GEMS_PETD_01	0B	FL	GE Advance ROI.width
0011	GEMS_PETD_01	0C	FL	GE Advance ROI.height
0011	GEMS_PETD_01	0D	FL	GE Advance ROI.angle
0011	GEMS_PETD_01	0E	SL	GE Advance ROI.number_of_points
0011	GEMS_PETD_01	0F	OB	GE Advance ROI.roi_data
0011	GEMS_PETD_01	10	SL	GE Advance ROI.roi_size
0011	GEMS_PETD_01	11	LO	GE Advance ROI.color
0011	GEMS_PETD_01	12	SL	GE Advance ROI.line_type
0011	GEMS_PETD_01	13	SL	GE Advance ROI.line_width
0011	GEMS_PETD_01	14	SL	GE Advance ROI.roi_number
0011	GEMS_PETD_01	15	SL	GE Advance ROI.convex
0011	GEMS_PETD_01	16	SL	GE Advance ROI.atten_corr_flag
0011	GEMS_PETD_01	18	OB	
0011	HOLOGIC	00	LO	Hx Questionnaire
0011	Hologic	00	LO	Hx Questionnaire
0011	IDEXX	00	LO	Breed Name
0011	IDEXX	01	LO	Species Name
0011	IDEXX	02	PN	Owner
0011	MEDISO-1	06	LO	UUID (variant=RFC 4122,version=4)
0011	MMCPrivate	00	LO	Private Creator
0011	MMCPrivate	01	LO	IsRapidRegistration
0011	MMCPrivate	02	LO	IsProtected
0011	MMCPrivate	03	IS	FilmedCount
0011	MMCPrivate	04	OB	ApplicationData
0011	MMCPrivate	05	LO	IsAllowCascadeSave
0011	MMCPrivate	06	LO	IsAllowCascadeProtect
0011	MMCPrivate	07	LO	IsDeleted
0011	PMTF INFORMATION DATA^10	03	US	
0011	PMTF INFORMATION DATA^10	04	SQ	
0011	PMTF INFORMATION DATA^10	05	US	
0011	PMTF INFORMATION DATA^10	06	US	
0011	PMTF INFORMATION DATA^10	07	US	
0011	PMTF INFORMATION DATA^10	08	SH	
0011	SIEMENS CM VA0  CMS	0A	LT	
0011	SIEMENS CM VA0  CMS	10	DA	RegistrationDate
0011	SIEMENS CM VA0  CMS	11	TM	RegistrationTime
0011	SIEMENS CM VA0  CMS	22	LT	
0011	SIEMENS CM VA0  CMS	23	DS	UsedPatientWeight
0011	SIEMENS CM VA0  CMS	40	IS	OrganCode
0011	SIEMENS ISI	03	LT	PatientUID
0011	SIEMENS ISI	04	LT	PatientID
0011	SIEMENS ISI	0A	LT	CaseID
0011	SIEMENS ISI	22	LT	RequestID
0011	SIEMENS ISI	23	LT	ExaminationUID
0011	SIEMENS ISI	41	LO	Medical Alerts
0011	SIEMENS ISI	42	LO	Contrast Allergy
0011	SIEMENS ISI	A1	DA	PatientRegistrationDate
0011	SIEMENS ISI	A2	TM	PatientRegistrationTime
0011	SIEMENS ISI	B0	LT	PatientLastName
0011	SIEMENS ISI	B2	LT	PatientFirstName
0011	SIEMENS ISI	B4	LT	PatientHospitalStatus
0011	SIEMENS ISI	BC	TM	CurrentLocationTime
0011	SIEMENS ISI	C0	LT	PatientInsuranceStatus
0011	SIEMENS ISI	D0	LT	PatientBillingType
0011	SIEMENS ISI	D2	LT	PatientBillingAddress
0011	SIEMENS MED	10	ST	
0011	SIEMENS MED NM	10	CS	Organ System
0011	SIEMENS RA GEN	20	SL	FluoroTimer
0011	SIEMENS RA GEN	25	SL	PtopDoseAreaProduct
0011	SIEMENS RA GEN	26	SL	PtopTotalSkinDose
0011	SIEMENS RA GEN	30	LT	
0011	SIEMENS RA GEN	35	LO	PatientInitialPuckCounter
0011	SIEMENS RA GEN	40	SS	SPIDataObjectType
0011	SIEMENS RA PLANE A	28	SL	FluoroTimerA
0011	SIEMENS RA PLANE A	29	SL	FluoroSkinDoseA
0011	SIEMENS RA PLANE A	2A	SL	TotalSkinDoseA
0011	SIEMENS RA PLANE A	2B	SL	FluoroDoseAreaProductA
0011	SIEMENS RA PLANE A	2C	SL	TotalDoseAreaProductA
0011	SIEMENS RA PLANE B	28	SL	FluoroTimerB
0011	SIEMENS RA PLANE B	29	SL	FluoroSkinDoseB
0011	SIEMENS RA PLANE B	2A	SL	TotalSkinDoseB
0011	SIEMENS RA PLANE B	2B	SL	FluoroDoseAreaProductB
0011	SIEMENS RA PLANE B	2C	SL	TotalDoseAreaProductB
0011	SIEMENS RIS	10	LT	PatientUID
0011	SIEMENS RIS	11	LT	PatientID
0011	SIEMENS RIS	20	DA	PatientRegistrationDate
0011	SIEMENS RIS	21	TM	PatientRegistrationTime
0011	SIEMENS RIS	30	LT	PatientnameRIS
0011	SIEMENS RIS	31	LT	PatientprenameRIS
0011	SIEMENS RIS	40	LT	PatientHospitalStatus
0011	SIEMENS RIS	41	LT	MedicalAlerts
0011	SIEMENS RIS	42	LT	ContrastAllergies
0011	SPI	10	LT	Organ
0011	SPI	15	LT	AllergyIndication
0011	SPI	20	LT	Pregnancy
0011	SPI RELEASE 1	10	LO	Organ
0011	SPI RELEASE 1	15	LO	AllergyIndication
0011	SPI RELEASE 1	20	LO	Pregnancy
0011	SPI Release 1	10	LO	Organ
0011	SPI Release 1	15	LO	AllergyIndication
0011	SPI Release 1	20	LO	Pregnancy
0011	SPI-P Release 1	10	LT	PatientEntryID
0011	SPI-P Release 2;1	18	LT	
0011	TOSHIBA_MEC_1.0	01	LT	
0011	TOSHIBA_MEC_1.0	02	US	
0011	TOSHIBA_MEC_1.0	80	LT	?Patient's Name?
0011	TOSHIBA_MEC_MR3^10	03	US	
0011	TOSHIBA_MEC_MR3^10	04	SQ	
0011	TOSHIBA_MEC_MR3^10	05	US	
0011	TOSHIBA_MEC_MR3^10	06	US	
0011	TOSHIBA_MEC_MR3^10	07	US	
0011	TOSHIBA_MEC_MR3^10	08	SH	
0011	TOSHIBA_MEC_MR3^10	0C	SS	
0011	TOSHIBA_MEC_MR3^10	0E	US	
0011	V1	01	OB	User Data
0011	V1	02	DS	Normalization Coefficient
0011	V1	03	DS	Receiving Gain
0011	V1	04	DS	Mean Image Noise
0013	Acuson X500	00	UL	Group Length 0013
0013	GEMS_GENIE_1	10	FD	DigitalFOV
0013	GEMS_GENIE_1	11	SL	
0013	GEMS_GENIE_1	12	SL	
0013	GEMS_GENIE_1	13	SQ	Xeleris Frame Sequence
0013	GEMS_GENIE_1	14	SL	Original Image Num
0013	GEMS_GENIE_1	15	FD	Fscalar
0013	GEMS_GENIE_1	16	SL	AutoTrackPeak
0013	GEMS_GENIE_1	17	SL	AutoTrackWidth
0013	GEMS_GENIE_1	18	FD	TransmissionScanTime
0013	GEMS_GENIE_1	19	FD	TransmissionMaskWidth
0013	GEMS_GENIE_1	1A	FD	CopperAttenuatorThickness
0013	GEMS_GENIE_1	1B	FD	Det Ang Separation
0013	GEMS_GENIE_1	1C	FD	
0013	GEMS_GENIE_1	1D	FD	
0013	GEMS_GENIE_1	1E	FD	TomoViewOffset
0013	GEMS_GENIE_1	20	FD	Accepted Beats Time
0013	GEMS_GENIE_1	21	FD	Threshold
0013	GEMS_GENIE_1	22	FD	Linear Depth
0013	GEMS_GENIE_1	23	LO	Unif Date Time
0013	GEMS_GENIE_1	24	SL	Series Accepted Beats
0013	GEMS_GENIE_1	25	SL	Series Rejected Beats
0013	GEMS_GENIE_1	26	LT	StudyComments
0013	GEMS_PETD_01	01	SQ	GE Advance Annotation Sequence
0013	GEMS_PETD_01	02	UI	GE Advance Annotation.annotation_id
0013	GEMS_PETD_01	03	UI	GE Advance Annotation.image_id
0013	GEMS_PETD_01	04	SH	GE Advance Annotation.compatible_version
0013	GEMS_PETD_01	05	SH	GE Advance Annotation.software_version
0013	GEMS_PETD_01	06	SL	GE Advance Annotation.type
0013	GEMS_PETD_01	07	LO	GE Advance Annotation.font_name
0013	GEMS_PETD_01	08	SH	GE Advance Annotation.font_size
0013	GEMS_PETD_01	09	LO	GE Advance Annotation.foreground_color
0013	GEMS_PETD_01	0A	LO	GE Advance Annotation.background_color
0013	GEMS_PETD_01	0B	SL	GE Advance Annotation.coordinate_system
0013	GEMS_PETD_01	0C	FL	GE Advance Annotation.start_x
0013	GEMS_PETD_01	0D	FL	GE Advance Annotation.start_y
0013	GEMS_PETD_01	0E	FL	GE Advance Annotation.end_x
0013	GEMS_PETD_01	0F	FL	GE Advance Annotation.end_y
0013	GEMS_PETD_01	10	SL	GE Advance Annotation.start_symbol
0013	GEMS_PETD_01	11	SL	GE Advance Annotation.end_symbol
0013	GEMS_PETD_01	12	OB	GE Advance Annotation.annotation_data
0013	GEMS_PETD_01	13	SL	GE Advance Annotation.annotation_size
0013	GEMS_PETD_01	14	LO	GE Advance Annotation.label_id
0013	SIEMENS CM VA0  CMS	00	LT	ModifyingPhysician
0013	SIEMENS CM VA0  CMS	10	DA	ModificationDate
0013	SIEMENS CM VA0  CMS	12	TM	ModificationTime
0013	SIEMENS CM VA0  CMS	20	LO	PatientName
0013	SIEMENS CM VA0  CMS	22	LO	PatientId
0013	SIEMENS CM VA0  CMS	30	DA	PatientBirthdate
0013	SIEMENS CM VA0  CMS	31	DS	PatientWeight
0013	SIEMENS CM VA0  CMS	32	LT	PatientsMaidenName
0013	SIEMENS CM VA0  CMS	33	LT	ReferringPhysician
0013	SIEMENS CM VA0  CMS	34	LT	AdmittingDiagnosis
0013	SIEMENS CM VA0  CMS	35	LO	PatientSex
0013	SIEMENS CM VA0  CMS	40	LO	ProcedureDescription
0013	SIEMENS CM VA0  CMS	42	LO	RestDirection
0013	SIEMENS CM VA0  CMS	44	LO	PatientPosition
0013	SIEMENS CM VA0  CMS	46	LT	ViewDirection
0013	SIEMENS CM VA0  CMS	50	LT	
0013	SIEMENS CM VA0  CMS	51	LT	
0013	SIEMENS CM VA0  CMS	52	LT	
0013	SIEMENS CM VA0  CMS	53	LT	
0013	SIEMENS CM VA0  CMS	54	LT	
0013	SIEMENS CM VA0  CMS	55	LT	
0013	SIEMENS CM VA0  CMS	56	LT	
0015	Acuson X500	00	UL	Group Length 0015
0015	DLX_EXAMS_01	01	DS	StenosisCalibrationRatio
0015	DLX_EXAMS_01	02	DS	StenosisMagnification
0015	DLX_EXAMS_01	03	DS	CardiacCalibrationRatio
0015	DL_INTERNAL_USE	8F	IS	
0015	GEMS_DL_SERIES	87	IS	Number of images
0015	GEMS_DL_SERIES_01	85	LO	Series File Name
0015	GEMS_DL_SERIES_01	87	IS	Number Of Images
0015	GEMS_DL_SERIES_01	8C	CS	Sent Flag
0015	GEMS_DL_SERIES_01	8D	US	Item Locked
0015	GEMS_DL_STUDY_01	80	DS	Study Dose
0015	GEMS_DL_STUDY_01	81	DS	Study Total Dap
0015	GEMS_DL_STUDY_01	82	DS	Study Fluoro Dap
0015	GEMS_DL_STUDY_01	83	IS	Study Fluoro Time
0015	GEMS_DL_STUDY_01	84	DS	Study Record Dap
0015	GEMS_DL_STUDY_01	85	IS	Study Record Time
0015	GEMS_DL_STUDY_01	86	IS	Last Xa Number
0015	GEMS_DL_STUDY_01	88	PN	Default Operator Name
0015	GEMS_DL_STUDY_01	89	PN	Default Performing Physician Name
0015	GEMS_DL_STUDY_01	8A	CS	Default Patient Orientation
0015	GEMS_DL_STUDY_01	8B	IS	Last Sc Number
0015	GEMS_DL_STUDY_01	8E	UI	Common Series Instance Uid
0015	GEMS_DL_STUDY_01	8F	IS	Study Number
0015	GEMS_DL_STUDY_01	92	FL	Study dose Frontal
0015	GEMS_DL_STUDY_01	93	FL	Study total dap Frontal
0015	GEMS_DL_STUDY_01	94	FL	Study fluoro dap frontal
0015	GEMS_DL_STUDY_01	95	IS	Study fluoro time frontal
0015	GEMS_DL_STUDY_01	96	FL	Study record dap frontal
0015	GEMS_DL_STUDY_01	97	IS	Study record time frontal
0015	GEMS_DL_STUDY_01	98	FL	Study dose lateral
0015	GEMS_DL_STUDY_01	99	FL	Study total dap lateral
0015	GEMS_DL_STUDY_01	9A	FL	Study fluoro dap lateral
0015	GEMS_DL_STUDY_01	9B	IS	Study fluoro time lateral
0015	GEMS_DL_STUDY_01	9C	FL	Study record dap leteral
0015	GEMS_DL_STUDY_01	9D	IS	Study record time lateral
0015	GEMS_GENIE_1	10	SL	Frame Termination Condition
0015	GEMS_GENIE_1	11	SL	Frame Termination Value
0015	GEMS_GENIE_1	12	SL	Num ECT Phases
0015	GEMS_GENIE_1	13	SL	Num WB Scans
0015	GEMS_GENIE_1	14	SL	ECT Phase Num
0015	GEMS_GENIE_1	15	SL	WB Scan Num
0015	GEMS_GENIE_1	16	SL	Comb Head Number
0015	GEMS_GENIE_1	17	UL	Preceding Beat
0015	GEMS_PETD_01	1A	SL	Physio Gating Type
0015	GEMS_PETD_01	1B	SL	Total Number of Bins
0015	GEMS_PETD_01	1D	SL	Phase Matched Series
0015	GEMS_PETD_01	1E	SL	CTAC Percent Value
0015	GEMS_PETD_01	1F	UL	PET Recon Parameters Exists
0015	GEMS_PETD_01	20	SL	First Packet Number
0015	GEMS_PETD_01	21	FL	IR Loop Filter Ratio
0015	GEMS_PETD_01	22	FL	IR Loop Filter Correction
0015	GEMS_PETD_01	23	UL	BP3d Filter FlagU
0015	GEMS_PETD_01	24	FL	BP3d Filter CutoffU
0015	GEMS_PETD_01	25	SL	BP3d Filter OrderU
0015	GEMS_PETD_01	26	UL	BP3d Filter FlagV
0015	GEMS_PETD_01	27	FL	BP3d Filter OrderV
0015	GEMS_PETD_01	28	SL	BP3d Filter CutoffV
0015	GEMS_PETD_01	29	UL	Decay Flag
0015	GEMS_PETD_01	2E	UL	Image filter 3d flag
0015	GEMS_PETD_01	2F	UL	WCC Cal Flag
0015	GEMS_PETD_01	30	UL	Emission Scatter Flag
0015	GEMS_PETD_01	31	UL	Recon Algorithm
0015	GEMS_PETD_01	32	UL	Normalization Flag
0015	GEMS_PETD_01	33	UL	Emission Deadtime Flag
0015	GEMS_PETD_01	34	UL	Emission Random Flag
0015	GEMS_PETD_01	35	UL	Blank Scan Flag
0015	GEMS_PETD_01	36	UL	
0015	GEMS_PETD_01	37	UL	Trans Deadtime Flag
0015	GEMS_PETD_01	38	UL	Natural Logarithm Flag
0015	GEMS_PETD_01	39	SL	Event histogram Format
0015	GEMS_PETD_01	3A	SL	Number of Detector Rows
0015	GEMS_PETD_01	3B	SL	Number of Detector Columns
0015	GEMS_PETD_01	3C	US	Recon Matrix Size
0015	GEMS_PETD_01	3D	UL	PET Sharp IR Flag
0015	GEMS_PETD_01	3E	UL	PET Scatter Limit
0015	GEMS_PETD_01	3F	SH	PET Q Static Recon
0015	INFINITT_FMX	10	LO	
0015	INFINITT_FMX	11	LO	
0017	Acuson X500	00	UL	Group Length 0017
0017	GEMS_PETD_01	01	UI	PET correction_cal_id
0017	GEMS_PETD_01	02	SH	PET compatible_version
0017	GEMS_PETD_01	03	SH	PET software_version
0017	GEMS_PETD_01	04	DT	PET cal_datetime
0017	GEMS_PETD_01	05	LO	PET cal_description
0017	GEMS_PETD_01	06	SL	PET cal_type
0017	GEMS_PETD_01	07	ST	PET where_is_corr
0017	GEMS_PETD_01	08	SL	PET corr_file_size
0017	GEMS_PETD_01	09	LO	PET scan_id
0017	GEMS_PETD_01	0A	DT	PET scan_datetime
0017	GEMS_PETD_01	0B	LO	PET norm_2d_cal_id
0017	GEMS_PETD_01	0C	SH	PET hosp_identifier
0017	GEMS_PETD_01	0D	SL	PET archived
0017	SIEMENS DFR.01 MANIPULATED	11	US	Window Width Native Current
0017	SIEMENS DFR.01 MANIPULATED	12	US	Window Center Native
0017	SIEMENS DFR.01 MANIPULATED	14	US	Window Width Subtraction Current
0017	SIEMENS DFR.01 MANIPULATED	15	US	Window Center Subtraction Current
0017	SIEMENS DFR.01 MANIPULATED	25	DS	Edge Enhancement Native Current
0017	SIEMENS DFR.01 MANIPULATED	27	DS	Edge Enhancement Subtraction Current
0017	SIEMENS DFR.01 MANIPULATED	29	IS	Edge Enhancement %
0017	SIEMENS DFR.01 MANIPULATED	30	IS	Harmonization %
0017	SIEMENS DFR.01 MANIPULATED	31	US	DSA Representation Current
0017	SIEMENS DFR.01 MANIPULATED	32	US	Number of Mask Current
0017	SIEMENS DFR.01 MANIPULATED	33	US	RightLeft Mark Current
0017	SIEMENS DFR.01 MANIPULATED	35	US	Number of Series Representative
0017	SIEMENS DFR.01 MANIPULATED	37	US	Rectangle Shutter Horizontal Current
0017	SIEMENS DFR.01 MANIPULATED	38	US	Rectangle Shutter Vertical Aktuell
0017	SIEMENS DFR.01 MANIPULATED	71	LO	Landmark Current
0017	SIEMENS DFR.01 MANIPULATED	72	US	Zoom Factor
0017	SIEMENS DFR.01 MANIPULATED	73	US	Roam Horizontal
0017	SIEMENS DFR.01 MANIPULATED	74	US	Roam Vertical
0017	SIEMENS DFR.01 MANIPULATED	77	IS	Pixel Shift Horizontal
0017	SIEMENS DFR.01 MANIPULATED	78	IS	Pixel Shift Vertical
0017	SIEMENS DFR.01 MANIPULATED	79	US	Image Flip
0017	SIEMENS DFR.01 MANIPULATED	7A	US	Invers Current
0017	SIEMENS DFR.01 MANIPULATED	80	US	
0017	SIEMENS DFR.01 MANIPULATED	83	SH	Documentation Flag
0017	SIEMENS DFR.01 MANIPULATED	84	LO	Right Marker
0017	SIEMENS DFR.01 MANIPULATED	91	US	Summation Count Filling
0017	SIEMENS DFR.01 MANIPULATED	92	US	Summation Count Mask
0017	SIEMENS DFR.01 MANIPULATED	93	US	PeakOp Start
0017	SIEMENS DFR.01 MANIPULATED	94	US	PeakOp End
0017	SIEMENS DFR.01 MANIPULATED	A0	IS	Cine Rate
0017	SIEMENS DFR.01 MANIPULATED	A1	LO	Image Name
0017	SIEMENS DFR.01 MANIPULATED	A2	LO	Image Name Extension 1
0017	SIEMENS DFR.01 MANIPULATED	A3	LO	Image Name Extension 2
0017	SIEMENS DFR.01 ORIGINAL	10	CS	Image Type
0017	SIEMENS DFR.01 ORIGINAL	11	US	Window Width Native Original
0017	SIEMENS DFR.01 ORIGINAL	12	US	Window Center Native
0017	SIEMENS DFR.01 ORIGINAL	14	US	Window Width Subtraction Original
0017	SIEMENS DFR.01 ORIGINAL	15	US	Window Center Subtraction Original
0017	SIEMENS DFR.01 ORIGINAL	16	US	LUT Number for Autowindow
0017	SIEMENS DFR.01 ORIGINAL	18	US	
0017	SIEMENS DFR.01 ORIGINAL	21	US	Edge Enhancement Kernelsize Original
0017	SIEMENS DFR.01 ORIGINAL	22	US	Edge Enhancement Mode Original
0017	SIEMENS DFR.01 ORIGINAL	23	US	Edge Enhancement LUTs Original
0017	SIEMENS DFR.01 ORIGINAL	24	US	Filter Type Native Original
0017	SIEMENS DFR.01 ORIGINAL	25	DS	Edge Enhancement Native Original
0017	SIEMENS DFR.01 ORIGINAL	26	US	Filter Type Subtraction Original
0017	SIEMENS DFR.01 ORIGINAL	27	DS	Edge Enhancement Subtraction Original
0017	SIEMENS DFR.01 ORIGINAL	2A	US	
0017	SIEMENS DFR.01 ORIGINAL	30	IS	
0017	SIEMENS DFR.01 ORIGINAL	31	US	DSA Representation Original
0017	SIEMENS DFR.01 ORIGINAL	32	US	Number of Maske Original
0017	SIEMENS DFR.01 ORIGINAL	33	US	RightLeft Mark Original
0017	SIEMENS DFR.01 ORIGINAL	34	DS	Slice Position
0017	SIEMENS DFR.01 ORIGINAL	37	US	Rectangle Shutter Horizontal Original
0017	SIEMENS DFR.01 ORIGINAL	38	US	Rectangle Vertical Original
0017	SIEMENS DFR.01 ORIGINAL	41	DS	Dose
0017	SIEMENS DFR.01 ORIGINAL	42	DS	Dose Area Product
0017	SIEMENS DFR.01 ORIGINAL	43	US	Focus
0017	SIEMENS DFR.01 ORIGINAL	44	US	SDM
0017	SIEMENS DFR.01 ORIGINAL	45	DS	Image Intensifer Format
0017	SIEMENS DFR.01 ORIGINAL	46	DS	Density Correction
0017	SIEMENS DFR.01 ORIGINAL	47	LO	Exposure Curves
0017	SIEMENS DFR.01 ORIGINAL	48	IS	
0017	SIEMENS DFR.01 ORIGINAL	49	LO	Organ Program Name
0017	SIEMENS DFR.01 ORIGINAL	4A	IS	Count of Images in Series
0017	SIEMENS DFR.01 ORIGINAL	51	US	Image Intensifier Zoom
0017	SIEMENS DFR.01 ORIGINAL	52	UL	ROSA Receiver ErrCount
0017	SIEMENS DFR.01 ORIGINAL	61	US	Table Position Peri
0017	SIEMENS DFR.01 ORIGINAL	62	US	Series Numbers of Petri
0017	SIEMENS DFR.01 ORIGINAL	71	LO	Landmark Original
0017	SIEMENS DFR.01 ORIGINAL	72	US	
0017	SIEMENS DFR.01 ORIGINAL	73	US	
0017	SIEMENS DFR.01 ORIGINAL	74	US	
0017	SIEMENS DFR.01 ORIGINAL	79	US	
0017	SIEMENS DFR.01 ORIGINAL	7A	US	Invers Original
0017	SIEMENS DFR.01 ORIGINAL	7B	IS	
0017	SIEMENS DFR.01 ORIGINAL	A0	IS	
0017	SIEMENS DFR.01 ORIGINAL	B1	CS	L2 Image
0017	SIEMENS DFR.01 ORIGINAL	B2	IS	L2 Acquisition Monitor
0017	SIEMENS DFR.01 ORIGINAL	C1	LO	Folder UID
0017	SIEMENS DFR.01 ORIGINAL	C2	LO	Series UID
0017	SIEMENS DFR.01 ORIGINAL	C3	LO	Subseries UID
0017	SIEMENS MED	00	ST	
0017	SIEMENS MED	20	ST	
0017	SIEMENS MED	60	LO	
0017	SIEMENS MED	80	ST	
0017	SIEMENS MED NM	00	ST	Unknown 0017 0000
0017	SIEMENS MED NM	20	CS	Scanning Sequence
0017	SIEMENS MED NM	60	DS	KVP
0017	SIEMENS MED NM	70	ST	
0017	SIEMENS MED NM	80	ST	Unknown 0017 0080
0017	SIEMENS_FLCOMPACT_VA01A_PROC	0A	SS	Internal Data
0017	SIEMENS_FLCOMPACT_VA01A_PROC	0B	SS	Internal Data
0017	SIEMENS_FLCOMPACT_VA01A_PROC	0C	SS	Internal Data
0017	SIEMENS_FLCOMPACT_VA01A_PROC	0D	FL	Internal Data
0017	SIEMENS_FLCOMPACT_VA01A_PROC	0E	LO	Internal Data
0017	SIEMENS_FLCOMPACT_VA01A_PROC	0F	LO	Internal Data
0017	SIEMENS_FLCOMPACT_VA01A_PROC	14	US	Internal Data
0017	SIEMENS_FLCOMPACT_VA01A_PROC	16	US	Internal Data
0017	SIEMENS_FLCOMPACT_VA01A_PROC	17	US	Internal Data
0017	SIEMENS_FLCOMPACT_VA01A_PROC	18	US	Internal Data
0017	SIEMENS_FLCOMPACT_VA01A_PROC	19	US	Internal Data
0017	SIEMENS_FLCOMPACT_VA01A_PROC	1A	US	Internal Data
0017	SIEMENS_FLCOMPACT_VA01A_PROC	1B	US	Internal Data
0017	SIEMENS_FLCOMPACT_VA01A_PROC	1C	US	Internal Data
0017	SIEMENS_FLCOMPACT_VA01A_PROC	1E	US	Internal Data
0017	SIEMENS_FLCOMPACT_VA01A_PROC	1F	SS	Internal Data
0017	SIEMENS_FLCOMPACT_VA01A_PROC	20	SS	Internal Data
0017	SIEMENS_FLCOMPACT_VA01A_PROC	21	US	Internal Data
0017	SIEMENS_FLCOMPACT_VA01A_PROC	22	US	Internal Data
0017	SIEMENS_FLCOMPACT_VA01A_PROC	23	US	Internal Data
0017	SIEMENS_FLCOMPACT_VA01A_PROC	24	US	Internal Data
0017	SIEMENS_FLCOMPACT_VA01A_PROC	25	US	Internal Data
0017	SIEMENS_FLCOMPACT_VA01A_PROC	26	US	Internal Data
0017	SIEMENS_FLCOMPACT_VA01A_PROC	27	US	Internal Data
0017	SIEMENS_FLCOMPACT_VA01A_PROC	28	FL	Internal Data
0017	SIEMENS_FLCOMPACT_VA01A_PROC	29	FL	Internal Data
0017	SIEMENS_FLCOMPACT_VA01A_PROC	48	SS	Internal Data
0017	SIEMENS_FLCOMPACT_VA01A_PROC	49	SS	Internal Data
0017	SIEMENS_FLCOMPACT_VA01A_PROC	4A	SS	Internal Data
0017	SIEMENS_FLCOMPACT_VA01A_PROC	4B	SS	Internal Data
0017	SIEMENS_FLCOMPACT_VA01A_PROC	4C	LO	Internal Data
0017	SIEMENS_FLCOMPACT_VA01A_PROC	4D	SS	Internal Data
0017	SIEMENS_FLCOMPACT_VA01A_PROC	4E	LO	Internal Data
0017	SIEMENS_FLCOMPACT_VA01A_PROC	4F	LO	Internal Data
0017	SIEMENS_FLCOMPACT_VA01A_PROC	50	SS	Internal Data
0017	SIEMENS_FLCOMPACT_VA01A_PROC	51	FL	Internal Data
0017	SIEMENS_FLCOMPACT_VA01A_PROC	52	SS	Internal Data
0017	SIEMENS_FLCOMPACT_VA01A_PROC	53	SS	Internal Data
0017	SIEMENS_FLCOMPACT_VA01A_PROC	54	SS	Internal Data
0017	SIEMENS_FLCOMPACT_VA01A_PROC	55	SS	Internal Data
0017	SIEMENS_FLCOMPACT_VA01A_PROC	5A	OW	Internal Data
0017	SIEMENS_FLCOMPACT_VA01A_PROC	5B	OW	Internal Data
0017	SIEMENS_FLCOMPACT_VA01A_PROC	5C	OW	Internal Data
0017	SIEMENS_FLCOMPACT_VA01A_PROC	64	US	Internal Data
0017	SIEMENS_FLCOMPACT_VA01A_PROC	66	US	Internal Data
0017	SIEMENS_FLCOMPACT_VA01A_PROC	67	US	Internal Data
0017	SIEMENS_FLCOMPACT_VA01A_PROC	68	US	Internal Data
0017	SIEMENS_FLCOMPACT_VA01A_PROC	85	US	Internal Data
0017	SIEMENS_FLCOMPACT_VA01A_PROC	86	US	Internal Data
0017	SIEMENS_FLCOMPACT_VA01A_PROC	87	US	Internal Data
0017	SIEMENS_FLCOMPACT_VA01A_PROC	88	US	Internal Data
0017	SIEMENS_FLCOMPACT_VA01A_PROC	89	US	Internal Data
0017	SIEMENS_FLCOMPACT_VA01A_PROC	8A	US	Internal Data
0017	SIEMENS_FLCOMPACT_VA01A_PROC	8B	US	Internal Data
0017	SIEMENS_FLCOMPACT_VA01A_PROC	8C	FL	Internal Data
0017	SIEMENS_FLCOMPACT_VA01A_PROC	8D	FL	Internal Data
0017	SIEMENS_FLCOMPACT_VA01A_PROC	8E	US	Internal Data
0017	SIEMENS_FLCOMPACT_VA01A_PROC	8F	US	Internal Data
0017	SIEMENS_FLCOMPACT_VA01A_PROC	A0	US	Internal Data
0017	SIEMENS_FLCOMPACT_VA01A_PROC	A1	US	Internal Data
0017	SIEMENS_FLCOMPACT_VA01A_PROC	A2	US	Internal Data
0017	SIEMENS_FLCOMPACT_VA01A_PROC	A3	US	Internal Data
0017	SIEMENS_FLCOMPACT_VA01A_PROC	A4	US	Internal Data
0017	SIEMENS_FLCOMPACT_VA01A_PROC	A5	US	Internal Data
0017	SIEMENS_FLCOMPACT_VA01A_PROC	A6	US	Internal Data
0017	SIEMENS_FLCOMPACT_VA01A_PROC	B0	DS	Internal Data
0017	SIEMENS_FLCOMPACT_VA01A_PROC	C0	LO	Internal Data
0017	SVISION	00	LO	ExtendedBodyPart
0017	SVISION	10	LO	ExtendedViewPosition
0017	SVISION	20	SQ	Scheduled Procedure Step
0017	SVISION	A0	IS	Fixed Grid System
0017	SVISION	F0	IS	ImagesSOPClass
0017	Siemens: Thorax/Multix FD Version	00	LO	Build Date
0017	Siemens: Thorax/Multix FD Version	01	LO	IOD Version
0019	1.2.840.113681	00	UL	Group Length 0019
0019	1.2.840.113681	10	ST	CRImageParamsCommon
0019	1.2.840.113681	11	ST	CRImageIPParamsSingle
0019	1.2.840.113681	12	ST	CRImageIPParamsLeft
0019	1.2.840.113681	13	ST	CRImageIPParamsRight
0019	ADAC_IMG	02	IS	Ver200 ADAC Pegasys File Size
0019	ADAC_IMG	10	LO	ADAC Header Signature
0019	ADAC_IMG	11	US	Number of ADAC Headers
0019	ADAC_IMG	12	IS	ADAC Header/Image Sizes
0019	ADAC_IMG	20	OB	ADAC Pegasys Headers
0019	ADAC_IMG	21	US	Ver200 Number of ADAC Headers
0019	ADAC_IMG	41	IS	Ver200 ADAC Header/Image Size
0019	ADAC_IMG	61	OB	Ver200 ADAC Pegasys Headers
0019	AEGIS_DICOM_2.00	00	US	
0019	AGFA	10	SH	Private Identification Code
0019	AGFA	11	LO	Identification Data (Note 2)
0019	AGFA	13	LO	Sensitometry Name
0019	AGFA	14	ST	Window/Level List (Note 3)
0019	AGFA	15	LO	Dose Monitoring List
0019	AGFA	16	LO	Other Info (Note 5)
0019	AGFA	1A	LO	Clipped Exposure Deviation
0019	AGFA	1B	LO	Logarithmic PLT Full Scale
0019	AGFA	60	US	Total number of series
0019	AGFA	61	SH	Session Number
0019	AGFA	62	SH	ID Station name
0019	AGFA	65	US	Number of images in study to be transmitted (only sent with autoverify: on)
0019	AGFA	70	US	Total number of images
0019	AGFA	80	ST	Geometrical Transformations
0019	AGFA	81	ST	Roam Origin
0019	AGFA	82	US	Zoom factor
0019	AGFA	93	CS	Status
0019	AGFA_ADC_Compact	05	ST	Data stream from cassette
0019	AGFA_ADC_Compact	10	LO	Private Identification Code
0019	AGFA_ADC_Compact	30	ST	Set of destination types
0019	AGFA_ADC_Compact	40	ST	Set of destination Ids
0019	AGFA_ADC_Compact	50	ST	Set of processing codes
0019	AGFA_ADC_Compact	60	US	Number of series in study
0019	AGFA_ADC_Compact	61	US	Session Number
0019	AGFA_ADC_Compact	62	SH	ID station name
0019	AGFA_ADC_Compact	70	US	Number of images in series
0019	AGFA_ADC_Compact	71	US	Break condition
0019	AGFA_ADC_Compact	72	US	Wait (or Hold) flag
0019	AGFA_ADC_Compact	73	US	ScanRes flag
0019	AGFA_ADC_Compact	74	SH	Operation code
0019	AGFA_ADC_Compact	95	CS	Image quality
0019	ALOKA:1.2.392.200039.103.2	08	FD	
0019	ALOKA:1.2.392.200039.103.2	0C	CS	
0019	ALOKA:1.2.392.200039.103.2	0E	DS	
0019	ALOKA:1.2.392.200039.103.2	18	SL	
0019	ALOKA:1.2.392.200039.103.2	1A	SL	
0019	ALOKA:1.2.392.200039.103.2	40	SS	
0019	ALOKA:1.2.392.200039.103.2	46	US	
0019	ALOKA:1.2.392.200039.103.2	50	SL	
0019	ALOKA:1.2.392.200039.103.2	52	DS	
0019	ALOKA:1.2.392.200039.103.2	54	DS	
0019	ALOKA:1.2.392.200039.103.2	56	FD	
0019	ALOKA:1.2.392.200039.105.2	08	FD	Private attribute without PHI
0019	ALOKA:1.2.392.200039.105.2	0C	CS	Private attribute without PHI
0019	ALOKA:1.2.392.200039.105.2	0E	DS	Private attribute without PHI
0019	ALOKA:1.2.392.200039.105.2	18	SL	Private attribute without PHI
0019	ALOKA:1.2.392.200039.105.2	1A	SL	Private attribute without PHI
0019	ALOKA:1.2.392.200039.105.2	40	SS	Private attribute without PHI
0019	ALOKA:1.2.392.200039.105.2	46	US	Private attribute without PHI
0019	ALOKA:1.2.392.200039.105.2	50	SL	Private attribute without PHI
0019	ALOKA:1.2.392.200039.105.2	52	DS	Private attribute without PHI
0019	ALOKA:1.2.392.200039.105.2	54	DS	Private attribute without PHI
0019	ALOKA:1.2.392.200039.105.2	56	FD	Private attribute without PHI
0019	ALOKA:1.2.392.200039.105.2	60	US	Private attribute without PHI
0019	ALOKA:1.2.392.200039.105.2	61	UL	Private attribute without PHI
0019	ALOKA:1.2.392.200039.105.2	62	US	Private attribute without PHI
0019	ALOKA:1.2.392.200039.105.2	64	US	Private attribute without PHI
0019	ALOKA:1.2.392.200039.105.2	66	US	Private attribute without PHI
0019	ALOKA:1.2.392.200039.105.2	6C	FD	Private attribute without PHI
0019	ALOKA:1.2.392.200039.105.2	6E	FD	Private attribute without PHI
0019	Agfa ADC NX	07	CS	Is Speedclass Free
0019	Agfa ADC NX	09	SQ	Collimator shape sequence
0019	Agfa ADC NX	21	FL	Calibration Factor
0019	Agfa ADC NX	28	CS	Is IPSR enabled
0019	Agfa ADC NX	F5	CS	Cassette orientation
0019	Agfa ADC NX	F6	DS	Image plate sensitivity
0019	Agfa ADC NX	F7	DS	Image plate erasability
0019	Agfa ADC NX	F8	IS	Breast density percentage
0019	Agfa ADC NX	FA	IS	Exposure index
0019	Agfa ADC NX	FB	FL	Deviation index
0019	Agfa ADC NX	FC	IS	Target exposure index
0019	Agfa ADC NX	FD	CS	Is overexposed
0019	Agfa ADC NX	FE	CS	Study Priority ID
0019	CANON_MEC_MR3^10	01	UL	
0019	CANON_MEC_MR3^10	02	SL	
0019	CANON_MEC_MR3^10	03	US	
0019	CANON_MEC_MR3^10	04	SL	
0019	CANON_MEC_MR3^10	05	FL	
0019	CANON_MEC_MR3^10	06	SL	
0019	CANON_MEC_MR3^10	07	FL	
0019	CANON_MEC_MR3^10	08	US	
0019	CANON_MEC_MR3^10	09	FL	
0019	CANON_MEC_MR3^10	0A	FL	
0019	CANON_MEC_MR3^10	0B	FL	
0019	CANON_MEC_MR3^10	0C	US	
0019	CANON_MEC_MR3^10	0D	SL	
0019	CANON_MEC_MR3^10	0E	SL	
0019	CANON_MEC_MR3^10	0F	SL	
0019	CANON_MEC_MR3^10	10	US	
0019	CANON_MEC_MR3^10	11	SL	
0019	CANON_MEC_MR3^10	12	US	
0019	CANON_MEC_MR3^10	13	SL	
0019	CANON_MEC_MR3^10	14	US	
0019	CANON_MEC_MR3^10	15	SL	
0019	CANON_MEC_MR3^10	16	FL	
0019	CANON_MEC_MR3^10	17	SL	
0019	CANON_MEC_MR3^10	18	US	
0019	CANON_MEC_MR3^10	19	SL	
0019	CANON_MEC_MR3^10	1A	US	
0019	CANON_MEC_MR3^10	1B	SL	
0019	CANON_MEC_MR3^10	1C	SL	
0019	CANON_MEC_MR3^10	1D	SL	
0019	CANON_MEC_MR3^10	1E	US	
0019	CANON_MEC_MR3^10	27	SL	
0019	CANON_MEC_MR3^10	28	SL	
0019	CANON_MEC_MR3^10	29	SH	
0019	CANON_MEC_MR3^10	2A	SL	
0019	CANON_MEC_MR3^10	2B	SH	
0019	CANON_MEC_MR3^10	2C	SL	
0019	CANON_MEC_MR3^10	2D	SL	
0019	CANON_MEC_MR3^10	2E	US	
0019	CANON_MEC_MR3^10	2F	FL	
0019	CANON_MEC_MR3^10	30	UL	
0019	CANON_MEC_MR3^10	31	OF	
0019	CANON_MEC_MR3^10	32	FL	
0019	CANON_MEC_MR3^10	33	SL	
0019	CANON_MEC_MR3^10	34	SL	
0019	CANON_MEC_MR3^10	35	SL	
0019	CANON_MEC_MR3^10	36	SQ	
0019	CANON_MEC_MR3^10	38	SL	
0019	CANON_MEC_MR3^10	39	SL	
0019	CANON_MEC_MR3^10	3A	SL	
0019	CANON_MEC_MR3^10	3B	SL	
0019	CANON_MEC_MR3^10	3C	SL	
0019	CANON_MEC_MR3^10	3D	SL	
0019	CANON_MEC_MR3^10	3E	SL	
0019	CANON_MEC_MR3^10	3F	SL	
0019	CANON_MEC_MR3^10	42	US	
0019	CANON_MEC_MR3^10	43	US	
0019	CANON_MEC_MR3^10	44	SL	
0019	CANON_MEC_MR3^10	45	SS	
0019	CANON_MEC_MR3^10	46	US	
0019	CANON_MEC_MR3^10	47	FL	
0019	CANON_MEC_MR3^10	48	US	
0019	CANON_MEC_MR3^10	49	US	
0019	CANON_MEC_MR3^10	4B	US	
0019	CANON_MEC_MR3^10	4C	US	
0019	CANON_MEC_MR3^10	4E	US	
0019	CANON_MEC_MR3^10	4F	US	
0019	CANON_MEC_MR3^10	50	SL	
0019	CANON_MEC_MR3^10	51	SL	
0019	CANON_MEC_MR3^10	52	LO	
0019	CANON_MEC_MR3^10	54	US	
0019	CANON_MEC_MR3^10	55	US	
0019	CANON_MEC_MR3^10	56	FL	
0019	CANON_MEC_MR3^10	57	FL	
0019	CANON_MEC_MR3^10	58	FL	
0019	CANON_MEC_MR3^10	59	SL	
0019	CANON_MEC_MR3^10	5A	FL	
0019	CANON_MEC_MR3^10	5D	FL	
0019	CANON_MEC_MR3^10	5E	SL	
0019	CANON_MEC_MR3^10	5F	FL	
0019	CANON_MEC_MR3^10	60	US	
0019	CANON_MEC_MR3^10	61	US	
0019	CANON_MEC_MR3^10	62	US	
0019	CANON_MEC_MR3^10	63	FL	
0019	CANON_MEC_MR3^10	65	SL	
0019	CANON_MEC_MR3^10	6B	SL	
0019	CANON_MEC_MR3^10	6D	SL	
0019	CANON_MEC_MR3^10	6E	FL	
0019	CANON_MEC_MR3^10	6F	SL	
0019	CANON_MEC_MR3^10	70	LO	
0019	CANON_MEC_MR3^10	71	LO	
0019	CANON_MEC_MR3^10	73	LO	
0019	CANON_MEC_MR3^10	75	LO	
0019	CANON_MEC_MR3^10	76	LO	
0019	CANON_MEC_MR3^10	78	LO	
0019	CANON_MEC_MR3^10	7B	LO	
0019	CANON_MEC_MR3^10	7C	FL	
0019	CANON_MEC_MR3^10	7D	FL	
0019	CANON_MEC_MR3^10	7E	SL	
0019	CANON_MEC_MR3^10	7F	SL	
0019	CANON_MEC_MR3^10	85	FL	
0019	CANON_MEC_MR3^10	86	SL	
0019	CANON_MEC_MR3^10	87	FL	
0019	CANON_MEC_MR3^10	88	LO	
0019	CANON_MEC_MR3^10	89	FL	
0019	CANON_MEC_MR3^10	8A	SL	
0019	CANON_MEC_MR3^10	8C	UL	
0019	CANON_MEC_MR3^10	8D	TM	
0019	CANON_MEC_MR3^10	8E	SL	
0019	CANON_MEC_MR3^10	92	SL	
0019	CANON_MEC_MR3^10	93	FL	
0019	CANON_MEC_MR3^10	96	US	
0019	CANON_MEC_MR3^10	9B	FL	
0019	CANON_MEC_MR3^10	9C	SL	
0019	CANON_MEC_MR3^10	A0	SL	
0019	CANON_MEC_MR3^10	A1	DS	
0019	CANON_MEC_MR3^10	A2	SL	
0019	CANON_MEC_MR3^10	A3	SL	
0019	CANON_MEC_MR3^10	A4	FL	
0019	CANON_MEC_MR3^10	A5	FL	
0019	CANON_MEC_MR3^10	A6	SL	
0019	CANON_MEC_MR3^10	A8	FL	
0019	CANON_MEC_MR3^10	A9	SL	
0019	CANON_MEC_MR3^10	AB	FL	
0019	CANON_MEC_MR3^10	AC	US	
0019	CANON_MEC_MR3^10	AD	FL	
0019	CANON_MEC_MR3^10	AE	FL	
0019	CANON_MEC_MR3^10	AF	SL	
0019	CANON_MEC_MR3^10	B0	SL	
0019	CANON_MEC_MR3^10	B1	SL	
0019	CANON_MEC_MR3^10	B4	SL	
0019	CANON_MEC_MR3^10	B5	SL	
0019	CANON_MEC_MR3^10	B6	SL	
0019	CANON_MEC_MR3^10	B7	FL	
0019	CANON_MEC_MR3^10	BA	FL	
0019	CANON_MEC_MR3^10	BB	FL	
0019	CANON_MEC_MR3^10	BC	FL	
0019	CANON_MEC_MR3^10	BD	SL	
0019	CANON_MEC_MR3^10	BE	SL	
0019	CANON_MEC_MR3^10	C1	SL	
0019	CANON_MEC_MR3^10	C3	SL	
0019	CANON_MEC_MR3^10	C6	FL	
0019	CANON_MEC_MR3^10	C9	SL	
0019	CANON_MEC_MR3^10	CA	LO	
0019	CANON_MEC_MR3^10	CB	UL	
0019	CANON_MEC_MR3^10	CC	UL	
0019	CANON_MEC_MR3^10	CD	SL	
0019	CANON_MEC_MR3^10	CE	SL	
0019	CANON_MEC_MR3^10	CF	SL	
0019	CANON_MEC_MR3^10	D0	US	
0019	CANON_MEC_MR3^10	D1	SL	
0019	CANON_MEC_MR3^10	D2	SL	
0019	CANON_MEC_MR3^10	D3	SL	
0019	CANON_MEC_MR3^10	D4	SL	
0019	CANON_MEC_MR3^10	D8	US	
0019	CANON_MEC_MR3^10	D9	SQ	
0019	CANON_MEC_MR3^10	DA	US	
0019	CANON_MEC_MR3^10	DB	SL	
0019	CANON_MEC_MR3^10	DC	SL	
0019	CANON_MEC_MR3^10	E1	SL	
0019	CANON_MEC_MR3^10	E4	SL	
0019	CANON_MEC_MR3^10	E5	SQ	
0019	CANON_MEC_MR3^10	E6	SQ	
0019	CANON_MEC_MR3^10	E9	SL	
0019	CANON_MEC_MR3^10	EA	UI	
0019	CANON_MEC_MR3^10	EB	SL	
0019	CANON_MEC_MR3^10	EC	US	
0019	CANON_MEC_MR3^10	EE	FL	
0019	CANON_MEC_MR3^10	EF	FL	
0019	CANON_MEC_MR3^10	F0	SL	
0019	CANON_MEC_MR3^10	F1	FL	
0019	CANON_MEC_MR3^10	F2	FL	
0019	CANON_MEC_MR3^10	F3	SL	
0019	CANON_MEC_MR3^10	F4	FD	
0019	CANON_MEC_MR3^10	F5	SL	
0019	CANON_MEC_MR3^10	F6	UI	
0019	CANON_MEC_MR3^10	F8	US	
0019	CANON_MEC_MR3^10	F9	SL	
0019	CANON_MEC_MR3^10	FA	FL	
0019	CANON_MEC_MR3^10	FB	UL	
0019	CANON_MEC_MR3^10	FC	FL	
0019	CANON_MEC_MR3^10	FD	FL	
0019	CANON_MEC_MR3^10	FE	SL	
0019	CANON_MEC_MR3^10	FF	SL	
0019	CANON_MEC_MR3^11	01	OB	
0019	CANON_MEC_MR3^11	02	SL	
0019	CANON_MEC_MR3^11	03	SL	
0019	CANON_MEC_MR3^11	04	SL	
0019	CANON_MEC_MR3^11	08	SH	
0019	CANON_MEC_MR3^11	09	SL	
0019	CANON_MEC_MR3^11	0A	SL	
0019	CANON_MEC_MR3^11	0C	SL	
0019	CANON_MEC_MR3^11	19	SQ	
0019	CANON_MEC_MR3^11	1A	FL	
0019	CANON_MEC_MR3^11	24	SL	
0019	CANON_MEC_MR3^11	25	SL	
0019	CANON_MEC_MR3^11	26	SL	
0019	CANON_MEC_MR3^11	28	SL	
0019	CANON_MEC_MR3^11	29	SL	
0019	CANON_MEC_MR3^11	2A	FL	
0019	CANON_MEC_MR3^11	2B	FL	
0019	CANON_MEC_MR3^11	2C	SL	
0019	CANON_MEC_MR3^11	2D	SL	
0019	CANON_MEC_MR3^11	2E	SL	
0019	CANON_MEC_MR3^11	30	SL	
0019	CANON_MEC_MR3^11	31	SL	
0019	CANON_MEC_MR3^11	32	SL	
0019	CANON_MEC_MR3^11	34	FL	
0019	CANON_MEC_MR3^11	35	SL	
0019	CANON_MEC_MR3^11	36	FL	
0019	CANON_MEC_MR3^11	37	SL	
0019	CANON_MEC_MR3^11	38	SL	
0019	CANON_MEC_MR3^11	39	FL	
0019	CANON_MEC_MR3^11	3A	FL	
0019	CANON_MEC_MR3^11	3D	SL	
0019	CANON_MEC_MR3^11	3E	FL	
0019	CANON_MEC_MR3^11	3F	UI	
0019	CANON_MEC_MR3^11	40	US	
0019	CANON_MEC_MR3^11	41	US	
0019	CANON_MEC_MR3^11	42	SL	
0019	CANON_MEC_MR3^11	43	SL	
0019	CANON_MEC_MR3^11	44	SL	
0019	CANON_MEC_MR3^11	46	FL	
0019	CANON_MEC_MR3^11	48	LT	
0019	CANON_MEC_MR3^11	49	LT	
0019	CANON_MEC_MR3^11	4C	SL	
0019	CANON_MEC_MR3^11	4D	SL	
0019	CANON_MEC_MR3^11	4E	SL	
0019	CANON_MEC_MR3^11	55	LO	
0019	CANON_MEC_MR3^11	57	FL	
0019	CANON_MEC_MR3^11	58	US	
0019	CANON_MEC_MR3^11	59	US	
0019	CANON_MEC_MR3^11	5D	SL	
0019	CANON_MEC_MR3^11	5E	US	
0019	CANON_MEC_MR3^11	5F	FL	
0019	CANON_MEC_MR3^11	60	SL	
0019	CANON_MEC_MR3^11	61	FL	
0019	CANON_MEC_MR3^11	62	FL	
0019	CANON_MEC_MR3^11	63	SL	
0019	CANON_MEC_MR3^11	65	SL	
0019	CANON_MEC_MR3^11	66	SL	
0019	CANON_MEC_MR3^11	68	SL	
0019	CANON_MEC_MR3^11	69	SL	
0019	CANON_MEC_MR3^11	6A	SL	
0019	CANON_MEC_MR3^11	6B	SL	
0019	CANON_MEC_MR3^11	6D	SH	
0019	CANON_MEC_MR3^11	6E	SH	
0019	CANON_MEC_MR3^11	6F	FL	
0019	CANON_MEC_MR3^11	71	SL	
0019	CANON_MEC_MR3^11	72	FL	
0019	CANON_MEC_MR3^11	73	FL	
0019	CANON_MEC_MR3^11	77	FL	
0019	CANON_MEC_MR3^11	78	SL	
0019	CANON_MEC_MR3^11	79	FL	
0019	CANON_MEC_MR3^11	7A	SL	
0019	CANON_MEC_MR3^11	7C	FL	
0019	CANON_MEC_MR3^11	7D	SL	
0019	CANON_MEC_MR3^11	7E	SL	
0019	CANON_MEC_MR3^11	7F	SL	
0019	CANON_MEC_MR3^11	80	FL	
0019	CANON_MEC_MR3^11	83	FL	
0019	CANON_MEC_MR3^11	87	SL	
0019	CANON_MEC_MR3^11	8A	US	
0019	CANON_MEC_MR3^11	8F	SL	
0019	CANON_MEC_MR3^11	92	SL	
0019	CANON_MEC_MR3^11	93	SL	
0019	CANON_MEC_MR3^11	94	FL	
0019	CANON_MEC_MR3^11	9A	SL	
0019	CANON_MEC_MR3^11	9B	US	
0019	CANON_MEC_MR3^11	9C	FL	
0019	CANON_MEC_MR3^11	9D	SL	
0019	CANON_MEC_MR3^11	9E	SL	
0019	CANON_MEC_MR3^11	9F	SL	
0019	CANON_MEC_MR3^11	A1	SL	
0019	CANON_MEC_MR3^11	A2	SL	
0019	CANON_MEC_MR3^11	A3	SL	
0019	CANON_MEC_MR3^11	A5	US	
0019	CANON_MEC_MR3^11	A6	US	
0019	CANON_MEC_MR3^11	A8	SL	
0019	CANON_MEC_MR3^11	AD	SL	
0019	CANON_MEC_MR3^11	AE	SL	
0019	CANON_MEC_MR3^11	B0	FL	
0019	CANON_MEC_MR3^11	B1	SL	
0019	CANON_MEC_MR3^11	B2	US	
0019	CANON_MEC_MR3^11	B3	US	
0019	CANON_MEC_MR3^11	B4	US	
0019	CANON_MEC_MR3^11	B5	FL	
0019	CANON_MEC_MR3^11	B6	SL	
0019	CANON_MEC_MR3^11	B7	US	
0019	CANON_MEC_MR3^11	B9	US	
0019	CANON_MEC_MR3^11	BB	FL	
0019	CANON_MEC_MR3^11	BC	SL	
0019	CANON_MEC_MR3^11	BD	SL	
0019	CANON_MEC_MR3^11	BE	FL	
0019	CANON_MEC_MR3^11	BF	SL	
0019	CANON_MEC_MR3^11	C0	SL	
0019	CANON_MEC_MR3^11	C1	US	
0019	CANON_MEC_MR3^11	C2	SL	
0019	CANON_MEC_MR3^11	C3	FL	
0019	CANON_MEC_MR3^11	C4	SL	
0019	CANON_MEC_MR3^11	CD	SL	
0019	CANON_MEC_MR3^11	E1	FL	
0019	CANON_MEC_MR3^11	E3	SL	
0019	CANON_MEC_MR3^11	E4	DS	
0019	CANON_MEC_MR3^11	E5	SQ	
0019	CANON_MEC_MR3^11	E6	SQ	
0019	CANON_MEC_MR3^11	F1	SL	Diffusion b-value x Toshiba Orientation
0019	CANON_MEC_MR3^11	F2	FL	
0019	CANON_MEC_MR3^11	F3	SL	
0019	CANON_MEC_MR3^11	F4	SL	
0019	CANON_MEC_MR3^11	F5	SQ	
0019	CANON_MEC_MR3^11	F6	SL	
0019	CANON_MEC_MR3^11	F7	SL	
0019	CANON_MEC_MR3^11	F8	SL	
0019	CANON_MEC_MR3^11	F9	SL	
0019	CANON_MEC_MR3^11	FA	SL	
0019	CANON_MEC_MR3^11	FB	FL	
0019	CANON_MEC_MR3^11	FC	FL	
0019	CANON_MEC_MR3^11	FD	SL	
0019	CANON_MEC_MR3^11	FE	SL	
0019	CANON_MEC_MR3^11	FF	SL	
0019	CANON_MEC_MR3^12	00	SL	
0019	CANON_MEC_MR3^12	01	SL	
0019	CANON_MEC_MR3^12	02	SL	
0019	CANON_MEC_MR3^12	03	SL	
0019	CANON_MEC_MR3^12	04	SL	
0019	CANON_MEC_MR3^12	05	SH	
0019	CANON_MEC_MR3^12	06	FL	
0019	CANON_MEC_MR3^12	07	UL	
0019	CANON_MEC_MR3^12	08	UL	
0019	CANON_MEC_MR3^12	09	SL	
0019	CANON_MEC_MR3^12	0A	SL	
0019	CANON_MEC_MR3^12	0B	SL	
0019	CANON_MEC_MR3^12	0C	UL	
0019	CANON_MEC_MR3^12	0D	SQ	
0019	CANON_MEC_MR3^12	0E	US	
0019	CANON_MEC_MR3^12	10	SL	
0019	CANON_MEC_MR3^12	11	SL	
0019	CANON_MEC_MR3^12	12	SL	
0019	CANON_MEC_MR3^12	13	FL	
0019	CANON_MEC_MR3^12	14	FL	
0019	CANON_MEC_MR3^12	18	UL	
0019	CANON_MEC_MR3^12	28	DS	
0019	CANON_MEC_MR3^12	2A	DS	
0019	CANON_MEC_MR3^12	2B	SQ	
0019	CANON_MEC_MR3^12	32	SH	
0019	CANON_MEC_MR3^12	34	SL	
0019	CANON_MEC_MR3^12	52	FL	
0019	CANON_MEC_MR3^12	76	OB	
0019	CANON_MEC_MR3^12	79	SQ	
0019	CANON_MEC_MR3^12	80	FD	
0019	CANON_MEC_MR3^12	86	LO	
0019	CANON_MEC_MR3^12	87	SQ	
0019	CANON_MEC_MR3^12	88	US	
0019	CANON_MEC_MR3^12	89	SL	
0019	CANON_MEC_MR3^12	8A	US	
0019	CANON_MEC_MR3^12	8B	US	
0019	CANON_MEC_MR3^12	93	SL	
0019	CANON_MEC_MR3^12	94	UI	
0019	CANON_MEC_MR3^12	95	UI	
0019	CANON_MEC_MR3^12	97	FL	
0019	CANON_MEC_MR3^12	98	FL	
0019	CANON_MEC_MR3^12	99	LO	
0019	CANON_MEC_MR3^12	9A	DS	
0019	CANON_MEC_MR3^12	9B	IS	
0019	CANON_MEC_MR3^12	9C	DS	
0019	CANON_MEC_MR3^12	9D	US	
0019	CANON_MEC_MR3^12	9E	FL	
0019	CANON_MEC_MR3^12	9F	FL	
0019	CANON_MEC_MR3^12	A0	FL	
0019	CANON_MEC_MR3^12	A1	FL	
0019	CANON_MEC_MR3^12	A2	FL	
0019	CANON_MEC_MR3^12	A3	FL	
0019	CANON_MEC_MR3^12	A4	FL	
0019	CANON_MEC_MR3^12	A5	FL	
0019	CANON_MEC_MR3^12	A6	FL	
0019	CANON_MEC_MR3^12	A7	FL	
0019	CANON_MEC_MR3^12	A8	FL	
0019	CANON_MEC_MR3^12	AA	FL	
0019	CANON_MEC_MR3^12	AB	FL	
0019	CANON_MEC_MR3^12	AC	FL	
0019	CANON_MEC_MR3^12	AD	FL	
0019	CANON_MEC_MR3^12	AE	FL	
0019	CANON_MEC_MR3^12	AF	FL	
0019	CANON_MEC_MR3^12	B3	FD	
0019	CANON_MEC_MR3^12	C2	US	
0019	CANON_MEC_MR3^12	C3	FL	
0019	CANON_MEC_MR3^12	C4	SL	
0019	CANON_MEC_MR3^12	C5	SL	
0019	CANON_MEC_MR3^12	C6	SL	
0019	CANON_MEC_MR3^12	C7	FL	
0019	CANON_MEC_MR3^12	CD	LO	
0019	CANON_MEC_MR3^12	CE	UL	
0019	CANON_MEC_MR3^12	CF	FL	
0019	CANON_MEC_MR3^12	D1	FL	
0019	CANON_MEC_MR3^12	D2	US	
0019	CANON_MEC_MR3^12	D3	SS	
0019	CANON_MEC_MR3^12	D4	US	
0019	CANON_MEC_MR3^12	D5	FL	
0019	CANON_MEC_MR3^12	D6	FL	
0019	CANON_MEC_MR3^12	D7	US	
0019	CANON_MEC_MR3^12	DE	US	
0019	CANON_MEC_MR3^12	DF	US	
0019	CANON_MEC_MR3^12	E0	US	
0019	CANON_MEC_MR3^12	E1	FL	
0019	CANON_MEC_MR3^12	E2	FL	
0019	CANON_MEC_MR3^12	E3	TM	
0019	CANON_MEC_MR3^12	E4	US	
0019	CANON_MEC_MR3^12	EB	US	
0019	CANON_MEC_MR3^12	EC	US	
0019	CANON_MEC_MR3^12	EF	DS	
0019	CANON_MEC_MR3^12	F0	LO	
0019	CANON_MEC_MR3^12	F1	LO	
0019	CANON_MEC_MR3^12	FA	LT	
0019	CANON_MEC_MR3^12	FB	FL	
0019	CANON_MEC_MR3^12	FC	FL	
0019	CANON_MEC_MR3^12	FD	SL	
0019	CANON_MEC_MR3^12	FE	SL	
0019	CANON_MEC_MR3^13	02	US	
0019	CANON_MEC_MR3^13	03	SL	
0019	CANON_MEC_MR3^13	04	US	
0019	CANON_MEC_MR3^13	05	SL	
0019	CANON_MEC_MR3^13	08	SL	
0019	CANON_MEC_MR3^13	09	SQ	
0019	CANON_MEC_MR3^13	0A	FD	
0019	CANON_MEC_MR3^13	0B	FD	
0019	CANON_MEC_MR3^13	0C	FD	
0019	CANON_MEC_MR3^13	0F	SH	
0019	CANON_MEC_MR3^13	14	SH	
0019	CANON_MEC_MR3^13	19	US	
0019	CANON_MEC_MR3^13	1B	US	
0019	CANON_MEC_MR3^13	1F	US	
0019	CANON_MEC_MR3^13	22	SL	
0019	CARDIO-D.R. 1.0	00	CS	ImageBlankingShape
0019	CARDIO-D.R. 1.0	02	IS	ImageBlankingLeftVerticalEdge
0019	CARDIO-D.R. 1.0	04	IS	ImageBlankingRightVerticalEdge
0019	CARDIO-D.R. 1.0	06	IS	ImageBlankingUpperHorizontalEdge
0019	CARDIO-D.R. 1.0	08	IS	ImageBlankingLowerHorizontalEdge
0019	CARDIO-D.R. 1.0	10	IS	CenterOfCircularImageBlanking
0019	CARDIO-D.R. 1.0	12	IS	RadiusOfCircularImageBlanking
0019	CARDIO-D.R. 1.0	30	UL	MaximumImageFrameSize
0019	CEMAX-ICON	00	LT	CR Processing Parameters
0019	CEMAX-ICON	10	LO	CR Exposure Menu Code
0019	CEMAX-ICON	20	LO	CR Exposure Menu String
0019	CEMAX-ICON	30	LO	CR EDR Mode
0019	CEMAX-ICON	40	LO	CR Latitude
0019	CEMAX-ICON	50	LO	CR Group Number
0019	CEMAX-ICON	60	LO	CR Equipment ID
0019	CEMAX-ICON	70	LO	CR Image Serial Number
0019	CEMAX-ICON	80	LO	CR Bar Code Number
0019	CEMAX-ICON	90	LO	CR Film Output Exposure
0019	Canon Inc.	10	OB	Canon Protocol Information
0019	Canon Inc.	13	OB	
0019	Canon Inc.	15	DS	Canon Imager Pixel Spacing
0019	Canon Inc.	16	LT	Canon Study Instance UID
0019	Canon Inc.	17	DS	
0019	Canon Inc.	18	OB	
0019	Canon Inc.	19	OB	
0019	Canon Inc.	1A	OB	
0019	Canon Inc.	1B	LO	Canon Patient Name
0019	Canon Inc.	1C	IS	
0019	Canon Inc.	1E	IS	
0019	Canon Inc.	1F	OB	Canon Protocol Data
0019	Canon Inc.	21	IS	
0019	Canon Inc.	60	US	Performed number of series
0019	Canon Inc.	70	US	Performed number of images
0019	Canon Inc.	7F	OB	Canon Internal Data 111
0019	DIDI TO PCR 1.1	00	LT	Post Mode String
0019	DIDI TO PCR 1.1	01	LT	Post Data
0019	DIDI TO PCR 1.1	10	LT	Image Header
0019	DIDI TO PCR 1.1	22	LO	Route AET
0019	DIDI TO PCR 1.1	23	DS	PCRPrintScale
0019	DIDI TO PCR 1.1	24	ST	PCR Print Job End
0019	DIDI TO PCR 1.1	25	IS	PCRNoFilmCopies
0019	DIDI TO PCR 1.1	26	IS	PCRFilmLayoutPosition
0019	DIDI TO PCR 1.1	27	ST	PCR Print Report Name
0019	DIDI TO PCR 1.1	70	ST	RAD Protocol Printer
0019	DIDI TO PCR 1.1	71	ST	RAD Protocol Medium
0019	DIDI TO PCR 1.1	80	LO	Original Filename
0019	DIDI TO PCR 1.1	81	SH	Filter Type
0019	DIDI TO PCR 1.1	82	LT	Stitching
0019	DIDI TO PCR 1.1	89	IS	Exposure Index
0019	DIDI TO PCR 1.1	8A	IS	Collimator X
0019	DIDI TO PCR 1.1	8B	IS	Collimator Y
0019	DIDI TO PCR 1.1	8C	LO	Print Marker
0019	DIDI TO PCR 1.1	8D	LO	RGDV Name
0019	DIDI TO PCR 1.1	8E	LO	Acqd Sensitivity
0019	DIDI TO PCR 1.1	8F	LO	Processing Category
0019	DIDI TO PCR 1.1	90	LO	UnprocessedFlag
0019	DIDI TO PCR 1.1	91	DS	Key Values
0019	DIDI TO PCR 1.1	92	LO	Destination Postprocessing Function
0019	DIDI TO PCR 1.1	A0	LO	Version
0019	DIDI TO PCR 1.1	A1	LO	Ranging Mode
0019	DIDI TO PCR 1.1	A2	DS	Abdomen Brightness
0019	DIDI TO PCR 1.1	A3	DS	Fixed Brightness
0019	DIDI TO PCR 1.1	A4	DS	Detail Contrast
0019	DIDI TO PCR 1.1	A5	DA	Contrast Balance
0019	DIDI TO PCR 1.1	A6	DS	Structure Boost
0019	DIDI TO PCR 1.1	A7	DS	Structure Preference
0019	DIDI TO PCR 1.1	A8	DS	Noise Robustness
0019	DIDI TO PCR 1.1	A9	DS	Noise Dose Limit
0019	DIDI TO PCR 1.1	AA	DS	Noise Dose Step
0019	DIDI TO PCR 1.1	AB	DS	Noise Frequency Limit
0019	DIDI TO PCR 1.1	AC	DS	Weak Contrast Limit
0019	DIDI TO PCR 1.1	AD	DS	Strong Contrast Limit
0019	DIDI TO PCR 1.1	AE	DS	Structure Boost Offset
0019	DIDI TO PCR 1.1	AF	LO	Smooth Gain
0019	DIDI TO PCR 1.1	B0	LO	Measure Field 1
0019	DIDI TO PCR 1.1	B1	LO	Measure Field 2
0019	DIDI TO PCR 1.1	B2	IS	Key Percentile 1
0019	DIDI TO PCR 1.1	B3	IS	Key Percentile 2
0019	DIDI TO PCR 1.1	B4	IS	Density LUT
0019	DIDI TO PCR 1.1	B5	DS	Brightness
0019	DIDI TO PCR 1.1	B6	DS	Gamma
0019	DLX_SERIE_01	01	DS	AngleValueLArm
0019	DLX_SERIE_01	02	DS	AngleValuePArm
0019	DLX_SERIE_01	03	DS	AngleValueCArm
0019	DLX_SERIE_01	04	CS	AngleLabelLArm
0019	DLX_SERIE_01	05	CS	AngleLabelPArm
0019	DLX_SERIE_01	06	CS	AngleLabelCArm
0019	DLX_SERIE_01	07	ST	ProcedureName
0019	DLX_SERIE_01	08	ST	ExamName
0019	DLX_SERIE_01	09	SH	PatientSize
0019	DLX_SERIE_01	0A	IS	RecordView
0019	DLX_SERIE_01	10	DS	InjectorDelay
0019	DLX_SERIE_01	11	CS	AutoInject
0019	DLX_SERIE_01	14	IS	AcquisitionMode
0019	DLX_SERIE_01	15	CS	CameraRotationEnabled
0019	DLX_SERIE_01	16	CS	ReverseSweep
0019	DLX_SERIE_01	17	IS	SpatialFilterStrength
0019	DLX_SERIE_01	18	IS	ZoomFactor
0019	DLX_SERIE_01	19	IS	XZoomCenter
0019	DLX_SERIE_01	1A	IS	YZoomCenter
0019	DLX_SERIE_01	1B	DS	Focus
0019	DLX_SERIE_01	1C	CS	Dose
0019	DLX_SERIE_01	1D	IS	SideMark
0019	DLX_SERIE_01	1E	IS	PercentageLandscape
0019	DLX_SERIE_01	1F	DS	ExposureDuration
0019	DLX_SERIE_01	20	SH	Ip Address
0019	DLX_SERIE_01	21	DS	Table Vertical Position
0019	DLX_SERIE_01	22	DS	Table Longitudinal Position
0019	DLX_SERIE_01	23	DS	Table Lateral Position
0019	DLX_SERIE_01	24	DS	Lambda cm Pincushion Distortion
0019	DLX_SERIE_01	25	DS	Slope LV Regression
0019	DLX_SERIE_01	26	DS	Intercept LV Regression
0019	DLX_SERIE_01	27	DS	Image chain FWHM psf mm min
0019	DLX_SERIE_01	28	DS	Image chain FWHM psf mm max
0019	EPI Private Header	18	IS	
0019	EPI Private Header	28	FD	
0019	FDMS 1.0	15	LO	KanjiBodyPartForExposure
0019	FDMS 1.0	30	LO	Menu Character String
0019	FDMS 1.0	32	LO	KanjiMenuName
0019	FDMS 1.0	40	CS	ImageProcessingType
0019	FDMS 1.0	50	CS	EDRMode
0019	FDMS 1.0	60	SH	RadiographersCode
0019	FDMS 1.0	70	IS	SplitExposureFormat
0019	FDMS 1.0	71	IS	NoOfSplitExposureFrames
0019	FDMS 1.0	80	IS	ReadingPositionSpecification
0019	FDMS 1.0	81	IS	ReadingSensitivityCenter
0019	FDMS 1.0	90	SH	FilmAnnotationCharacterString1
0019	FDMS 1.0	91	SH	FilmAnnotationCharacterString2
0019	FDMS 1.0	A0	SQ	Exposure Status Sequence
0019	FDMS 1.0	A1	CS	Exposure Status
0019	FDMS 1.0	A2	CS	Exposure Kind
0019	GE ??? From Adantage Review CS	30	LO	CREDRMode
0019	GE ??? From Adantage Review CS	40	LO	CRLatitude
0019	GE ??? From Adantage Review CS	50	LO	CRGroupNumber
0019	GE ??? From Adantage Review CS	70	LO	CRImageSerialNumber
0019	GE ??? From Adantage Review CS	80	LO	CRBarCodeNumber
0019	GE ??? From Adantage Review CS	90	LO	CRFilmOutputExposures
0019	GEMS_ACQU_01	01	LT	
0019	GEMS_ACQU_01	02	SL	NumberOfCellsInDetector
0019	GEMS_ACQU_01	03	DS	CellNumberAtTheta
0019	GEMS_ACQU_01	04	DS	CellSpacing
0019	GEMS_ACQU_01	05	LT	
0019	GEMS_ACQU_01	0E	US	
0019	GEMS_ACQU_01	0F	DS	HorizontalFrameOfReference
0019	GEMS_ACQU_01	11	SS	SeriesContrast
0019	GEMS_ACQU_01	12	SS	LastPseq
0019	GEMS_ACQU_01	13	SS	StartNumberForBaseline
0019	GEMS_ACQU_01	14	SS	End
0019	GEMS_ACQU_01	15	SS	StartNumberForEnhancedScans
0019	GEMS_ACQU_01	16	SS	EndNumberForEnhancedScans
0019	GEMS_ACQU_01	17	SS	SeriesPlane
0019	GEMS_ACQU_01	18	LO	FirstScanRAS
0019	GEMS_ACQU_01	19	DS	FirstScanLocation
0019	GEMS_ACQU_01	1A	LO	LastScanRAS
0019	GEMS_ACQU_01	1B	DS	LastScanLocation
0019	GEMS_ACQU_01	1E	DS	DisplayFieldOfView
0019	GEMS_ACQU_01	20	DS	
0019	GEMS_ACQU_01	22	DS	
0019	GEMS_ACQU_01	23	DS	TableSpeed
0019	GEMS_ACQU_01	24	DS	MidScanTime
0019	GEMS_ACQU_01	25	SS	MidScanFlag
0019	GEMS_ACQU_01	26	SL	DegreesOfAzimuth
0019	GEMS_ACQU_01	27	DS	GantryPeriod
0019	GEMS_ACQU_01	2A	DS	XrayOnPosition
0019	GEMS_ACQU_01	2B	DS	XrayOffPosition
0019	GEMS_ACQU_01	2C	SL	NumberOfTriggers
0019	GEMS_ACQU_01	2D	US	
0019	GEMS_ACQU_01	2E	DS	AngleOfFirstView
0019	GEMS_ACQU_01	2F	DS	TriggerFrequency
0019	GEMS_ACQU_01	39	SS	ScanFOVType
0019	GEMS_ACQU_01	3A	IS	
0019	GEMS_ACQU_01	3B	LT	
0019	GEMS_ACQU_01	40	SS	StatReconFlag
0019	GEMS_ACQU_01	41	SS	ComputeType
0019	GEMS_ACQU_01	42	SS	SegmentNumber
0019	GEMS_ACQU_01	43	SS	TotalSegmentsRequested
0019	GEMS_ACQU_01	44	DS	InterscanDelay
0019	GEMS_ACQU_01	47	SS	ViewCompressionFactor
0019	GEMS_ACQU_01	48	US	
0019	GEMS_ACQU_01	49	US	
0019	GEMS_ACQU_01	4A	SS	TotalNumberOfRefChannels
0019	GEMS_ACQU_01	4B	SL	DataSizeForScanData
0019	GEMS_ACQU_01	52	SS	ReconPostProcessingFlag
0019	GEMS_ACQU_01	57	SS	CTWaterNumber
0019	GEMS_ACQU_01	58	SS	CTBoneNumber
0019	GEMS_ACQU_01	5A	FL	AcquisitionDuration
0019	GEMS_ACQU_01	5D	US	
0019	GEMS_ACQU_01	5E	SL	NumberOfChannels1To512
0019	GEMS_ACQU_01	5F	SL	IncrementBetweenChannels
0019	GEMS_ACQU_01	60	SL	StartingView
0019	GEMS_ACQU_01	61	SL	NumberOfViews
0019	GEMS_ACQU_01	62	SL	IncrementBetweenViews
0019	GEMS_ACQU_01	6A	SS	DependantOnNumberOfViewsProcessed
0019	GEMS_ACQU_01	6B	SS	FieldOfViewInDetectorCells
0019	GEMS_ACQU_01	70	SS	ValueOfBackProjectionButton
0019	GEMS_ACQU_01	71	SS	SetIfFatqEstimatesWereUsed
0019	GEMS_ACQU_01	72	DS	ZChannelAvgOverViews
0019	GEMS_ACQU_01	73	DS	AvgOfLeftRefChannelsOverViews
0019	GEMS_ACQU_01	74	DS	MaxLeftChannelOverViews
0019	GEMS_ACQU_01	75	DS	AvgOfRightRefChannelsOverViews
0019	GEMS_ACQU_01	76	DS	MaxRightChannelOverViews
0019	GEMS_ACQU_01	7D	DS	SecondEcho
0019	GEMS_ACQU_01	7E	SS	NumberOfEchos
0019	GEMS_ACQU_01	7F	DS	TableDelta
0019	GEMS_ACQU_01	81	SS	Contiguous
0019	GEMS_ACQU_01	82	US	
0019	GEMS_ACQU_01	83	DS	
0019	GEMS_ACQU_01	84	DS	PeakSAR
0019	GEMS_ACQU_01	85	SS	MonitorSAR
0019	GEMS_ACQU_01	86	US	
0019	GEMS_ACQU_01	87	DS	CardiacRepetition
0019	GEMS_ACQU_01	88	SS	ImagesPerCardiacCycle
0019	GEMS_ACQU_01	8A	SS	ActualReceiveGainAnalog
0019	GEMS_ACQU_01	8B	SS	ActualReceiveGainDigital
0019	GEMS_ACQU_01	8D	DS	DelayAfterTrigger
0019	GEMS_ACQU_01	8F	SS	SwapPhaseFrequency
0019	GEMS_ACQU_01	90	SS	PauseInterval
0019	GEMS_ACQU_01	91	DS	PulseTime
0019	GEMS_ACQU_01	92	SL	SliceOffsetOnFrequencyAxis
0019	GEMS_ACQU_01	93	DS	CenterFrequency
0019	GEMS_ACQU_01	94	SS	TransmitGain
0019	GEMS_ACQU_01	95	SS	AnalogReceiverGain
0019	GEMS_ACQU_01	96	SS	DigitalReceiverGain
0019	GEMS_ACQU_01	97	SL	BitmapDefiningCVs
0019	GEMS_ACQU_01	98	SS	CenterFrequencyMethod
0019	GEMS_ACQU_01	99	US	
0019	GEMS_ACQU_01	9B	SS	PulseSequenceMode
0019	GEMS_ACQU_01	9C	LO	PulseSequenceName
0019	GEMS_ACQU_01	9D	DT	PulseSequenceDate
0019	GEMS_ACQU_01	9E	LO	InternalPulseSequenceName
0019	GEMS_ACQU_01	9F	SS	TransmittingCoil
0019	GEMS_ACQU_01	A0	SS	SurfaceCoilType
0019	GEMS_ACQU_01	A1	SS	ExtremityCoilFlag
0019	GEMS_ACQU_01	A2	SL	RawDataRunNumber
0019	GEMS_ACQU_01	A3	UL	CalibratedFieldStrength
0019	GEMS_ACQU_01	A4	SS	SATFatWaterBone
0019	GEMS_ACQU_01	A5	DS	ReceiveBandwidth
0019	GEMS_ACQU_01	A7	DS	UserData0
0019	GEMS_ACQU_01	A8	DS	UserData1
0019	GEMS_ACQU_01	A9	DS	UserData2
0019	GEMS_ACQU_01	AA	DS	UserData3
0019	GEMS_ACQU_01	AB	DS	UserData4
0019	GEMS_ACQU_01	AC	DS	UserData5
0019	GEMS_ACQU_01	AD	DS	UserData6
0019	GEMS_ACQU_01	AE	DS	UserData7
0019	GEMS_ACQU_01	AF	DS	UserData8
0019	GEMS_ACQU_01	B0	DS	UserData9
0019	GEMS_ACQU_01	B1	DS	UserData10
0019	GEMS_ACQU_01	B2	DS	UserData11
0019	GEMS_ACQU_01	B3	DS	UserData12
0019	GEMS_ACQU_01	B4	DS	UserData13
0019	GEMS_ACQU_01	B5	DS	UserData14
0019	GEMS_ACQU_01	B6	DS	UserData15
0019	GEMS_ACQU_01	B7	DS	UserData16
0019	GEMS_ACQU_01	B8	DS	UserData17
0019	GEMS_ACQU_01	B9	DS	UserData18
0019	GEMS_ACQU_01	BA	DS	UserData19
0019	GEMS_ACQU_01	BB	DS	UserData20
0019	GEMS_ACQU_01	BC	DS	UserData21
0019	GEMS_ACQU_01	BD	DS	UserData22
0019	GEMS_ACQU_01	BE	DS	ProjectionAngle
0019	GEMS_ACQU_01	C0	SS	SaturationPlanes
0019	GEMS_ACQU_01	C1	SS	SurfaceCoilIntensityCorrectionFlag
0019	GEMS_ACQU_01	C2	SS	SATLocationR
0019	GEMS_ACQU_01	C3	SS	SATLocationL
0019	GEMS_ACQU_01	C4	SS	SATLocationA
0019	GEMS_ACQU_01	C5	SS	SATLocationP
0019	GEMS_ACQU_01	C6	SS	SATLocationH
0019	GEMS_ACQU_01	C7	SS	SATLocationF
0019	GEMS_ACQU_01	C8	SS	SATThicknessRL
0019	GEMS_ACQU_01	C9	SS	SATThicknessAP
0019	GEMS_ACQU_01	CA	SS	SATThicknessHF
0019	GEMS_ACQU_01	CB	SS	PrescribedFlowAxis
0019	GEMS_ACQU_01	CC	SS	VelocityEncoding
0019	GEMS_ACQU_01	CD	SS	ThicknessDisclaimer
0019	GEMS_ACQU_01	CE	SS	PrescanType
0019	GEMS_ACQU_01	CF	SS	PrescanStatus
0019	GEMS_ACQU_01	D0	SH	RawDataType
0019	GEMS_ACQU_01	D2	SS	ProjectionAlgorithm
0019	GEMS_ACQU_01	D3	SH	ProjectionAlgorithm
0019	GEMS_ACQU_01	D4	US	
0019	GEMS_ACQU_01	D5	SS	FractionalEcho
0019	GEMS_ACQU_01	D6	SS	PrepPulse
0019	GEMS_ACQU_01	D7	SS	CardiacPhases
0019	GEMS_ACQU_01	D8	SS	VariableEchoFlag
0019	GEMS_ACQU_01	D9	DS	ConcatenatedSAT
0019	GEMS_ACQU_01	DA	SS	ReferenceChannelUsed
0019	GEMS_ACQU_01	DB	DS	BackProjectorCoefficient
0019	GEMS_ACQU_01	DC	SS	PrimarySpeedCorrectionUsed
0019	GEMS_ACQU_01	DD	SS	OverrangeCorrectionUsed
0019	GEMS_ACQU_01	DE	DS	DynamicZAlphaValue
0019	GEMS_ACQU_01	DF	DS	UserData23
0019	GEMS_ACQU_01	E0	DS	UserData24
0019	GEMS_ACQU_01	E1	DS	
0019	GEMS_ACQU_01	E2	DS	VelocityEncodeScale
0019	GEMS_ACQU_01	E3	LT	
0019	GEMS_ACQU_01	E4	LT	
0019	GEMS_ACQU_01	E5	IS	
0019	GEMS_ACQU_01	E6	US	
0019	GEMS_ACQU_01	E8	DS	
0019	GEMS_ACQU_01	E9	DS	
0019	GEMS_ACQU_01	EB	DS	
0019	GEMS_ACQU_01	EC	US	
0019	GEMS_ACQU_01	F1	LT	
0019	GEMS_ACQU_01	F2	SS	FastPhases
0019	GEMS_ACQU_01	F3	LT	
0019	GEMS_ACQU_01	F4	LT	
0019	GEMS_ACQU_01	F9	DS	TransmitGain
0019	GEMS_DL_IMG_01	0B	DS	Fov Dimension Double
0019	GEMS_DL_IMG_01	0C	FL	LV Diastolic contour
0019	GEMS_DL_IMG_01	0D	FL	LV Systolic contour
0019	GEMS_DL_IMG_01	2B	FL	Distance to table top
0019	GEMS_DL_IMG_01	30	LO	Image File Name
0019	GEMS_DL_IMG_01	31	IS	Default Spatial Filter Family
0019	GEMS_DL_IMG_01	32	IS	Default Spatial Filter Strength
0019	GEMS_DL_IMG_01	33	DS	Min Saturation Dose
0019	GEMS_DL_IMG_01	34	DS	Detector Gain
0019	GEMS_DL_IMG_01	35	DS	Patient Dose Limit
0019	GEMS_DL_IMG_01	36	DS	Preproc Image Rate Max
0019	GEMS_DL_IMG_01	37	CS	Sensor Roi Shape
0019	GEMS_DL_IMG_01	38	DS	Sensor Roi x Position
0019	GEMS_DL_IMG_01	39	DS	Sensor Roi y Position
0019	GEMS_DL_IMG_01	3A	DS	Sensor Roi x Size
0019	GEMS_DL_IMG_01	3B	DS	Sensor Roi y Size
0019	GEMS_DL_IMG_01	3D	DS	Noise Sensitivity
0019	GEMS_DL_IMG_01	3E	DS	Sharp Sensitivity
0019	GEMS_DL_IMG_01	3F	DS	Contrast Sensitivity
0019	GEMS_DL_IMG_01	40	DS	Lag Sensitivity
0019	GEMS_DL_IMG_01	41	CS	Tube
0019	GEMS_DL_IMG_01	42	US	Detector Size Rows
0019	GEMS_DL_IMG_01	43	US	Detector Size Columns
0019	GEMS_DL_IMG_01	44	DS	Min Object Size
0019	GEMS_DL_IMG_01	45	DS	Max Object Size
0019	GEMS_DL_IMG_01	46	DS	Max Object Speed
0019	GEMS_DL_IMG_01	47	CS	Object Back Motion
0019	GEMS_DL_IMG_01	48	UL	Exposure Trajectory Family
0019	GEMS_DL_IMG_01	49	DS	Window Time Duration
0019	GEMS_DL_IMG_01	4A	CS	Positioner Angle Display Mode
0019	GEMS_DL_IMG_01	4B	IS	Detector Origin
0019	GEMS_DL_IMG_01	4C	CS	
0019	GEMS_DL_IMG_01	4E	DS	Default Brightness Contrast
0019	GEMS_DL_IMG_01	4F	DS	User Brightness Contrast
0019	GEMS_DL_IMG_01	50	IS	Source Series Number
0019	GEMS_DL_IMG_01	51	IS	Source Image Number
0019	GEMS_DL_IMG_01	52	IS	Source Frame Number
0019	GEMS_DL_IMG_01	53	UI	Source Series Item Id
0019	GEMS_DL_IMG_01	54	UI	Source Image Item Id
0019	GEMS_DL_IMG_01	55	UI	Source Frame Item Id
0019	GEMS_DL_IMG_01	80	DS	Image Dose
0019	GEMS_DL_IMG_01	81	US	Calibration Frame
0019	GEMS_DL_IMG_01	82	CS	Calibration Object
0019	GEMS_DL_IMG_01	83	DS	Calibration Object Size mm
0019	GEMS_DL_IMG_01	84	FL	Calibration Factor
0019	GEMS_DL_IMG_01	85	DA	Calibration Date
0019	GEMS_DL_IMG_01	86	TM	Calibration Time
0019	GEMS_DL_IMG_01	87	US	Calibration Accuracy
0019	GEMS_DL_IMG_01	88	CS	Calibration Extended
0019	GEMS_DL_IMG_01	89	US	Calibration Image Original
0019	GEMS_DL_IMG_01	8A	US	Calibration Frame Original
0019	GEMS_DL_IMG_01	8B	US	Calibration Number Of Points Uif
0019	GEMS_DL_IMG_01	8C	US	Calibration Points Row
0019	GEMS_DL_IMG_01	8D	US	Calibration Points Column
0019	GEMS_DL_IMG_01	8E	FL	Calibration Magnification Ratio
0019	GEMS_DL_IMG_01	8F	LO	Calibration Sw Version
0019	GEMS_DL_IMG_01	90	LO	Extend Calibration Sw Version
0019	GEMS_DL_IMG_01	91	IS	Calibration Return Code
0019	GEMS_DL_IMG_01	92	DS	Detector Rotation Angle
0019	GEMS_DL_IMG_01	93	CS	Spatial Change
0019	GEMS_DL_IMG_01	94	CS	Inconsistent Flag
0019	GEMS_DL_IMG_01	95	CS	Image Sweep
0019	GEMS_DL_IMG_01	96	CS	Internal Label Image
0019	GEMS_DL_IMG_01	97	DS	Angle 1 Increment
0019	GEMS_DL_IMG_01	98	DS	Angle 2 Increment
0019	GEMS_DL_IMG_01	99	DS	Angle 3 Increment
0019	GEMS_DL_IMG_01	9A	DS	Sensor Feedback
0019	GEMS_DL_IMG_01	9B	CS	Grid
0019	GEMS_DL_IMG_01	9C	FL	Default Mask Pixel Shift
0019	GEMS_DL_IMG_01	9D	CS	Applicable Review Mode
0019	GEMS_DL_IMG_01	9E	DS	Log Lut Control Points
0019	GEMS_DL_IMG_01	9F	DS	Exp Lut Control Points
0019	GEMS_DL_IMG_01	A0	DS	ABD Value
0019	GEMS_DL_IMG_01	A1	DS	Sub Window Center
0019	GEMS_DL_IMG_01	A2	DS	Sub Window Width
0019	GEMS_DL_IMG_01	A3	DS	Image Rotation
0019	GEMS_DL_IMG_01	A4	CS	Auto Injection Enabled
0019	GEMS_DL_IMG_01	A5	CS	Injection Phase
0019	GEMS_DL_IMG_01	A6	DS	Injection Delay
0019	GEMS_DL_IMG_01	A7	IS	Reference Injection Frame Number
0019	GEMS_DL_IMG_01	A8	DS	Injection Duration
0019	GEMS_DL_IMG_01	A9	DS	EPT
0019	GEMS_DL_IMG_01	AA	CS	Can Downscan 512
0019	GEMS_DL_IMG_01	AB	IS	Current Spatial Filter Strength
0019	GEMS_DL_IMG_01	AC	DS	Brightness Sensitivity
0019	GEMS_DL_IMG_01	AD	DS	Exp Lut NOSUB Control Points
0019	GEMS_DL_IMG_01	AE	LO	SUB operator LUTs names
0019	GEMS_DL_IMG_01	AF	DS	kVp actual vector
0019	GEMS_DL_IMG_01	B0	DS	mAs actual vector
0019	GEMS_DL_IMG_01	B1	LO	Acquisition Mode Description
0019	GEMS_DL_IMG_01	B2	LO	Acquisition Mode Display Label
0019	GEMS_DL_IMG_01	B3	LO	Acquisition Protocol User Name
0019	GEMS_DL_IMG_01	B8	FL	Recommended display frame rate float
0019	GEMS_DL_IMG_01	B9	FL	ABD Vector
0019	GEMS_DL_IMG_01	BA	CS	Acquisition region
0019	GEMS_DL_IMG_01	BB	CS	Acquisition SUB mode
0019	GEMS_DL_IMG_01	BC	FL	
0019	GEMS_DL_IMG_01	BD	CS	Table rotation status vector
0019	GEMS_DL_IMG_01	BE	FL	Source to image distance per frame vector
0019	GEMS_DL_IMG_01	C2	DS	pw actual vector
0019	GEMS_DL_IMG_01	C4	IS	Spectral filter thickness
0019	GEMS_DL_IMG_01	C5	FL	Preselected pivot rotation speed
0019	GEMS_DL_IMG_01	C7	CS	Patient position per image
0019	GEMS_DL_IMG_01	C8	CS	3D structure of interest
0019	GEMS_DL_IMG_01	C9	CS	3D calibration out of date flag
0019	GEMS_DL_IMG_01	CA	IS	3Dspin expected number of frames
0019	GEMS_DL_IMG_01	D4	FL	Detection gain value
0019	GEMS_DL_IMG_01	D5	FL	mR mAs calibration value
0019	GEMS_DL_IMG_01	DC	LO	DRM LUT file name
0019	GEMS_DL_IMG_01	DD	DS	DRM Strength
0019	GEMS_DL_IMG_01	DE	CS	Acquisition Plane
0019	GEMS_DL_IMG_01	DF	FL	LP off longitudinal position Z
0019	GEMS_DL_IMG_01	E0	FL	DAP of current record
0019	GEMS_DL_IMG_01	E1	FL	Pivot Lateral Angle
0019	GEMS_DL_IMG_01	E2	FL	Carm Lateral Angle
0019	GEMS_DL_IMG_01	E3	FL	Pivot Lateral Angle increment
0019	GEMS_DL_IMG_01	E4	FL	Carm Lateral Angle increment
0019	GEMS_DL_IMG_01	E7	FL	LP off long pos Z first frame
0019	GEMS_DL_IMG_01	E8	FL	LP off long pos Z increment
0019	GEMS_DL_IMG_01	E9	FL	Source to detector distance per frame vector
0019	GEMS_DL_IMG_01	EA	FL	
0019	GEMS_DL_IMG_01	EB	FL	
0019	GEMS_DL_IMG_01	EC	FL	
0019	GEMS_DL_IMG_01	ED	FL	
0019	GEMS_DL_SERIES	0B	DS	fov dimension double
0019	GEMS_DL_SERIES	31	IS	default spatial filter family
0019	GEMS_DL_SERIES	32	IS	default spatial filter strength
0019	GEMS_DL_SERIES	4B	IS	Detector origin
0019	GEMS_DL_SERIES	4E	DS	def_bright_contr
0019	GEMS_DL_SERIES	4F	DS	user_bright_contr
0019	GEMS_DL_SERIES	81	US	Calibration frame
0019	GEMS_DL_SERIES	82	CS	Calibration object
0019	GEMS_DL_SERIES	83	DS	Calibration object size mm
0019	GEMS_DL_SERIES	84	FL	Calibration factor
0019	GEMS_DL_SERIES	85	DA	Calibration date
0019	GEMS_DL_SERIES	86	TM	Calibration time
0019	GEMS_DL_SERIES	87	US	Calibration accuracy
0019	GEMS_DL_SERIES	88	CS	Calibration extended
0019	GEMS_DL_SERIES	89	US	Calibration image original
0019	GEMS_DL_SERIES	8A	US	Calibration frame original
0019	GEMS_DL_SERIES	8B	US	Calibration nb points uif
0019	GEMS_DL_SERIES	8C	US	Calibration points row
0019	GEMS_DL_SERIES	8D	US	Calibration points column
0019	GEMS_DL_SERIES	8E	FL	Calibration mag ratio
0019	GEMS_DL_SERIES	8F	LO	Calibration sw version
0019	GEMS_DL_SERIES	90	LO	Extend calib sw version
0019	GEMS_DL_SERIES	91	IS	Calibration return code
0019	GEMS_DL_SERIES	92	DS	detector_rot_angle
0019	GEMS_DL_SERIES	93	CS	Spatial change
0019	GEMS_DL_SERIES	95	CS	Image sweep
0019	GEMS_DL_SERIES	97	DS	Angle 1 increment
0019	GEMS_DL_SERIES	98	DS	Angle 2 increment
0019	GEMS_DL_SERIES	99	DS	Angle 3 increment
0019	GEMS_DL_SERIES	9A	DS	sensor feedback
0019	GEMS_DL_SERIES	9D	CS	applicable review mode
0019	GEMS_DL_SERIES	9E	DS	log LUT control points
0019	GEMS_DL_SERIES	9F	DS	exp LUT SUB control points
0019	GEMS_DL_SERIES	A0	DS	ABD value
0019	GEMS_DL_SERIES	A1	DS	Sub window center
0019	GEMS_DL_SERIES	A2	DS	Sub window width
0019	GEMS_DL_SERIES	A4	CS	Auto injection enabled
0019	GEMS_DL_SERIES	A5	CS	injection phase
0019	GEMS_DL_SERIES	A6	DS	injection delay
0019	GEMS_DL_SERIES	A7	IS	reference injection frame number
0019	GEMS_DL_SERIES	A9	DS	EPT
0019	GEMS_DL_SERIES	AA	CS	can downscan 512
0019	GEMS_DL_SERIES	AB	IS	current spatial filter strength
0019	GEMS_DL_SERIES	AD	DS	exp LUT NOSUB control points
0019	GEMS_DL_SERIES	AE	LO	SUB operator LUTs names
0019	GEMS_DL_SERIES	C4	IS	Default spatial filter family
0019	GEMS_DL_SERIES	C5	FL	Preselected pivot rotation speed
0019	GEMS_DL_SERIES	C7	CS	Patient position per image
0019	GEMS_DL_SERIES	C8	CS	3D structure of interest
0019	GEMS_DL_SERIES	C9	CS	3D calibration out of date flag
0019	GEMS_DL_SERIES	CA	IS	3Dspin expected number of frames
0019	GEMS_DL_SERIES	D4	FL	Detection gain value
0019	GEMS_DL_SERIES	D5	FL	mR mAs calibration value
0019	GEMS_DL_SERIES	DC	LO	DRM LUT file name
0019	GEMS_DL_SERIES	DD	DS	DRM Strength
0019	GEMS_DL_SERIES_01	4C	CS	internal label
0019	GEMS_DL_SERIES_01	4D	CS	browser hide
0019	GEMS_GENIE_1	5F	SQ	Annotation Sequence
0019	GEMS_PETD_01	01	UI	PET wc_cal_id
0019	GEMS_PETD_01	02	SH	PET compatible_version
0019	GEMS_PETD_01	03	SH	PET software_version
0019	GEMS_PETD_01	04	DT	PET cal_datetime
0019	GEMS_PETD_01	05	SL	PET cal_type
0019	GEMS_PETD_01	06	LO	PET cal_description
0019	GEMS_PETD_01	07	LO	PET cal_hardware
0019	GEMS_PETD_01	08	OB	PET coefficients
0019	GEMS_PETD_01	09	FL	PET activity_factor_hr
0019	GEMS_PETD_01	0A	FL	PET activity_factor_hs
0019	GEMS_PETD_01	0B	FL	PET activity_factor_3d
0019	GEMS_PETD_01	0C	LO	PET scan_id
0019	GEMS_PETD_01	0D	DT	PET scan_datetime
0019	GEMS_PETD_01	0E	SH	PET hosp_identifier
0019	GEMS_PETD_01	0F	FL	PET meas_activity
0019	GEMS_PETD_01	10	DT	PET meas_datetime
0019	GEMS_PETD_01	11	SL	PET axial_filter_3d
0019	GEMS_PETD_01	12	FL	PET axial_cutoff_3d
0019	GEMS_PETD_01	13	SL	PET default_flag
0019	GEMS_PETD_01	14	SL	PET archived
0019	GEMS_PETD_01	15	SL	PET wc_cal_rec_method
0019	GEMS_PETD_01	16	SL	PET activity_factor_2d
0019	GEMS_PETD_01	17	SL	PET isotope
0019	GE_GENESIS_REV3.0	39	SS	AxialType
0019	GE_GENESIS_REV3.0	8F	SS	SwapPhaseFrequency
0019	GE_GENESIS_REV3.0	9C	SS	PulseSequenceName
0019	GE_GENESIS_REV3.0	9F	SS	CoilType
0019	GE_GENESIS_REV3.0	A4	SS	SATFatWaterBone
0019	GE_GENESIS_REV3.0	C0	SS	BitmapOfSATSelections
0019	GE_GENESIS_REV3.0	C1	SS	SurfaceCoilIntensityCorrectionFlag
0019	GE_GENESIS_REV3.0	CB	SS	PhaseContrastFlowAxis
0019	GE_GENESIS_REV3.0	CC	SS	PhaseContrastVelocityEncoding
0019	GE_GENESIS_REV3.0	D5	SS	FractionalEcho
0019	GE_GENESIS_REV3.0	D8	SS	VariableEchoFlag
0019	GE_GENESIS_REV3.0	D9	DS	ConcatenatedSat
0019	GE_GENESIS_REV3.0	F2	SS	NumberOfPhases
0019	HOLOGIC, Inc.	06	LO	
0019	HOLOGIC, Inc.	07	SH	
0019	HOLOGIC, Inc.	08	LO	
0019	HOLOGIC, Inc.	16	DS	
0019	HOLOGIC, Inc.	25	SH	
0019	HOLOGIC, Inc.	26	LO	
0019	HOLOGIC, Inc.	27	SH	
0019	HOLOGIC, Inc.	28	LO	
0019	HOLOGIC, Inc.	29	LO	
0019	HOLOGIC, Inc.	30	US	
0019	HOLOGIC, Inc.	31	US	
0019	HOLOGIC, Inc.	32	US	
0019	HOLOGIC, Inc.	33	US	
0019	HOLOGIC, Inc.	34	US	
0019	HOLOGIC, Inc.	35	US	
0019	HOLOGIC, Inc.	37	LO	
0019	HOLOGIC, Inc.	40	DS	
0019	HOLOGIC, Inc.	41	DS	
0019	HOLOGIC, Inc.	42	IS	
0019	HOLOGIC, Inc.	43	DS	
0019	HOLOGIC, Inc.	44	DS	
0019	HOLOGIC, Inc.	45	IS	
0019	HOLOGIC, Inc.	46	IS	
0019	HOLOGIC, Inc.	60	LT	
0019	HOLOGIC, Inc.	61	OB	
0019	HOLOGIC, Inc.	62	LT	
0019	HOLOGIC, Inc.	70	DS	
0019	HOLOGIC, Inc.	85	SH	
0019	HOLOGIC, Inc.	87	LO	
0019	HOLOGIC, Inc.	88	LO	
0019	HOLOGIC, Inc.	89	DS	
0019	HOLOGIC, Inc.	8A	SQ	
0019	HOLOGIC, Inc.	90	DS	
0019	INTEGRIS 1.0	00	LO	APRName
0019	INTEGRIS 1.0	40	DS	FrameRate
0019	LODOX_STATSCAN	01	IS	
0019	LODOX_STATSCAN	02	IS	
0019	LODOX_STATSCAN	03	DS	
0019	LODOX_STATSCAN	04	DS	
0019	LODOX_STATSCAN	05	DS	
0019	LODOX_STATSCAN	06	DS	
0019	LODOX_STATSCAN	07	DS	
0019	LODOX_STATSCAN	08	DS	
0019	LORAD Selenia	06	OB	Paddle ID
0019	LORAD Selenia	07	OB	Paddle Position
0019	LORAD Selenia	08	OB	Collimation Size
0019	LORAD Selenia	26	OB	
0019	LORAD Selenia	27	OB	
0019	LORAD Selenia	28	OB	
0019	LORAD Selenia	29	OB	
0019	LORAD Selenia	30	OB	
0019	LORAD Selenia	31	OB	
0019	LORAD Selenia	32	OB	
0019	LORAD Selenia	33	OB	
0019	LORAD Selenia	34	OB	
0019	LORAD Selenia	35	OB	
0019	LORAD Selenia	40	OB	
0019	LORAD Selenia	41	OB	
0019	LORAD Selenia	50	OB	
0019	LORAD Selenia	51	OB	
0019	LORAD Selenia	52	OB	
0019	LORAD Selenia	53	OB	
0019	LORAD Selenia	70	OB	
0019	LORAD Selenia	71	OB	
0019	MMCPrivate	00	LO	Private Creator
0019	MMCPrivate	01	LO	ProcType
0019	MMCPrivate	02	LO	Plane
0019	MMCPrivate	03	SH	IsSnapShotSeries
0019	MMCPrivate	04	DS	MaxFsColor
0019	MMCPrivate	05	LO	SeriesCategoryType
0019	MMCPrivate	07	LO	ImageContrastBolusAgent
0019	MMCPrivate	08	DS	ImageSliceThickness
0019	MMCPrivate	09	DS	ImageReconstructionDiameter
0019	MMCPrivate	0A	LO	ImageEchoTime
0019	MMCPrivate	0B	DS	ImageRepetitionTime
0019	MMCPrivate	0C	LO	SequenceType
0019	MMCPrivate	0D	LO	TaskUid
0019	MMCPrivate	0E	OB	SeriesAppData
0019	MMCPrivate	0F	IS	MultiSliceNumber
0019	MMCPrivate	10	LO	ImageScanTime
0019	MMCPrivate	11	LO	IsProtected
0019	MMCPrivate	12	IS	ImageIncrement
0019	MMCPrivate	13	LO	MppsStepStatus
0019	MMCPrivate	14	IS	StorageCommittedCount
0019	MMCPrivate	15	IS	ArchivedCount
0019	MMCPrivate	16	IS	TransferredCount
0019	MMCPrivate	17	LO	IsAllowCascadeSave
0019	MMCPrivate	18	LO	IsAllowCascadeProtect
0019	MMCPrivate	19	LO	IsDeleted
0019	MMCPrivate	1A	UI	CharacterizedImageInstanceUid
0019	MMCPrivate	1B	IS	CharacterizedImageCount
0019	MMCPrivate	1C	LO	InternalWindowWidth
0019	MMCPrivate	1D	LO	InternalWindowLevel
0019	MMCPrivate	1E	LO	?FlipAngle?
0019	MMCPrivate	1F	LO	?InversionTime?
0019	MMCPrivate	20	UI	MultiFrameSopInstanceUid
0019	MMCPrivate	21	OB	?ScanInterface.GroupParamArchive
0019	MeVis BreastCare	01	LO	
0019	PHILIPS MR R5.5/PART	00	DS	Field of View
0019	PHILIPS MR R5.6/PART	00	DS	Field of View
0019	PHILIPS MR SPECTRO;1	01	US	
0019	PHILIPS MR SPECTRO;1	02	US	
0019	PHILIPS MR SPECTRO;1	03	US	
0019	PHILIPS MR SPECTRO;1	04	US	
0019	PHILIPS MR SPECTRO;1	05	US	
0019	PHILIPS MR SPECTRO;1	06	US	
0019	PHILIPS MR SPECTRO;1	07	IS	
0019	PHILIPS MR SPECTRO;1	08	IS	
0019	PHILIPS MR SPECTRO;1	09	IS	
0019	PHILIPS MR SPECTRO;1	10	IS	
0019	PHILIPS MR SPECTRO;1	12	IS	
0019	PHILIPS MR SPECTRO;1	13	IS	
0019	PHILIPS MR SPECTRO;1	14	US	
0019	PHILIPS MR SPECTRO;1	15	US	
0019	PHILIPS MR SPECTRO;1	16	IS	
0019	PHILIPS MR SPECTRO;1	17	IS	
0019	PHILIPS MR SPECTRO;1	20	IS	
0019	PHILIPS MR SPECTRO;1	21	IS	
0019	PHILIPS MR SPECTRO;1	22	IS	
0019	PHILIPS MR SPECTRO;1	23	IS	
0019	PHILIPS MR SPECTRO;1	24	IS	
0019	PHILIPS MR SPECTRO;1	25	IS	
0019	PHILIPS MR SPECTRO;1	26	IS	
0019	PHILIPS MR SPECTRO;1	27	IS	
0019	PHILIPS MR SPECTRO;1	28	IS	
0019	PHILIPS MR SPECTRO;1	29	IS	
0019	PHILIPS MR SPECTRO;1	31	US	
0019	PHILIPS MR SPECTRO;1	32	US	
0019	PHILIPS MR SPECTRO;1	41	LT	
0019	PHILIPS MR SPECTRO;1	42	IS	
0019	PHILIPS MR SPECTRO;1	43	IS	
0019	PHILIPS MR SPECTRO;1	45	US	
0019	PHILIPS MR SPECTRO;1	46	US	
0019	PHILIPS MR SPECTRO;1	47	IS	
0019	PHILIPS MR SPECTRO;1	48	IS	
0019	PHILIPS MR SPECTRO;1	49	US	
0019	PHILIPS MR SPECTRO;1	60	US	
0019	PHILIPS MR SPECTRO;1	61	US	
0019	PHILIPS MR SPECTRO;1	71	IS	
0019	PHILIPS MR SPECTRO;1	72	US	
0019	PHILIPS MR SPECTRO;1	73	US	
0019	PHILIPS MR SPECTRO;1	74	US	
0019	PHILIPS MR SPECTRO;1	76	US	
0019	PHILIPS MR SPECTRO;1	77	US	
0019	PHILIPS MR SPECTRO;1	78	US	
0019	PHILIPS MR SPECTRO;1	79	US	
0019	PHILIPS MR SPECTRO;1	80	IS	
0019	PHILIPS MR/LAST	09	DS	MainMagneticField
0019	PHILIPS MR/LAST	0E	IS	FlowCompensation
0019	PHILIPS MR/LAST	B1	IS	MinimumRRInterval
0019	PHILIPS MR/LAST	B2	IS	MaximumRRInterval
0019	PHILIPS MR/LAST	B3	IS	NumberOfRejections
0019	PHILIPS MR/LAST	B4	IS	NumberOfRRIntervals
0019	PHILIPS MR/LAST	B5	IS	ArrhythmiaRejection
0019	PHILIPS MR/LAST	B7	IS	
0019	PHILIPS MR/LAST	C0	DS	
0019	PHILIPS MR/LAST	C6	IS	CycledMultipleSlice
0019	PHILIPS MR/LAST	CE	IS	REST
0019	PHILIPS MR/LAST	D5	DS	
0019	PHILIPS MR/LAST	D6	IS	FourierInterpolation
0019	PHILIPS MR/LAST	D9	IS	
0019	PHILIPS MR/LAST	E0	IS	Prepulse
0019	PHILIPS MR/LAST	E1	DS	PrepulseDelay
0019	PHILIPS MR/LAST	E2	IS	
0019	PHILIPS MR/LAST	E3	DS	
0019	PHILIPS MR/LAST	E4	IS	
0019	PHILIPS MR/LAST	E5	DS	
0019	PHILIPS MR/LAST	F0	LT	WSProtocolString1
0019	PHILIPS MR/LAST	F1	LT	WSProtocolString2
0019	PHILIPS MR/LAST	F2	LT	WSProtocolString3
0019	PHILIPS MR/LAST	F3	LT	WSProtocolString4
0019	PHILIPS MR/PART	00	DS	Field of View
0019	PHILIPS MR/PART	01	DS	Stack Type
0019	PHILIPS MR/PART	02	DS	
0019	PHILIPS MR/PART	03	DS	
0019	PHILIPS MR/PART	05	DS	CC Angulation
0019	PHILIPS MR/PART	06	DS	AP Angulation
0019	PHILIPS MR/PART	07	DS	LR Angulation
0019	PHILIPS MR/PART	08	IS	Patient Orientation 1
0019	PHILIPS MR/PART	09	IS	Patient Orientation
0019	PHILIPS MR/PART	0A	IS	Slice Orientation
0019	PHILIPS MR/PART	0B	DS	LR Offcenter
0019	PHILIPS MR/PART	0C	DS	CC Offcenter
0019	PHILIPS MR/PART	0D	DS	AP Offcenter
0019	PHILIPS MR/PART	0E	DS	
0019	PHILIPS MR/PART	0F	IS	Number of Slices
0019	PHILIPS MR/PART	10	DS	Slice Factor
0019	PHILIPS MR/PART	11	DS	Echo Times
0019	PHILIPS MR/PART	14	CS	
0019	PHILIPS MR/PART	15	IS	Dynamic Study
0019	PHILIPS MR/PART	18	DS	Heartbeat Interval
0019	PHILIPS MR/PART	19	DS	Repetition Time FFE
0019	PHILIPS MR/PART	1A	DS	FFE Flip Angle
0019	PHILIPS MR/PART	1B	IS	Number of Scans
0019	PHILIPS MR/PART	1C	CS	
0019	PHILIPS MR/PART	1D	CS	
0019	PHILIPS MR/PART	1E	DS	
0019	PHILIPS MR/PART	21	DS	
0019	PHILIPS MR/PART	22	DS	Dynamic Scan Time Begin
0019	PHILIPS MR/PART	23	DS	
0019	PHILIPS MR/PART	24	IS	
0019	PHILIPS MR/PART	25	DS	
0019	PHILIPS MR/PART	26	DS	
0019	PHILIPS MR/PART	27	DS	
0019	PHILIPS MR/PART	28	LO	
0019	PHILIPS MR/PART	29	DS	
0019	PHILIPS MR/PART	30	LO	
0019	PHILIPS MR/PART	31	DS	
0019	PHILIPS MR/PART	40	US	
0019	PHILIPS MR/PART	45	IS	Reconstruction Resolution
0019	PHILIPS MR/PART	50	DS	
0019	PHILIPS MR/PART	51	DS	
0019	PHILIPS MR/PART	52	DS	
0019	PHILIPS MR/PART	53	IS	
0019	PHILIPS MR/PART	54	DS	
0019	PHILIPS MR/PART	55	DS	
0019	PHILIPS MR/PART	56	DS	
0019	PHILIPS MR/PART	57	US	
0019	PHILIPS MR/PART	58	DS	
0019	PHILIPS MR/PART	59	US	
0019	PHILIPS MR/PART	60	DS	
0019	PHILIPS MR/PART	61	DS	
0019	PHILIPS MR/PART	62	DS	
0019	PHILIPS MR/PART	63	DS	
0019	PHILIPS MR/PART	64	DS	Repetition Time SE
0019	PHILIPS MR/PART	65	DS	Repetition Time IR
0019	PHILIPS MR/PART	66	US	
0019	PHILIPS MR/PART	67	DS	
0019	PHILIPS MR/PART	69	IS	Number of Phases
0019	PHILIPS MR/PART	6A	IS	Cardiac Frequency
0019	PHILIPS MR/PART	6B	DS	Inversion Delay
0019	PHILIPS MR/PART	6C	DS	Gate Delay
0019	PHILIPS MR/PART	6D	DS	Gate Width
0019	PHILIPS MR/PART	6E	DS	Trigger Delay Time
0019	PHILIPS MR/PART	70	DS	
0019	PHILIPS MR/PART	80	IS	Number of Chemical Shifts
0019	PHILIPS MR/PART	81	DS	Chemical Shift
0019	PHILIPS MR/PART	84	IS	Number of Rows
0019	PHILIPS MR/PART	85	IS	Number of Samples
0019	PHILIPS MR/PART	8A	CS	
0019	PHILIPS MR/PART	8B	CS	
0019	PHILIPS MR/PART	8C	CS	
0019	PHILIPS MR/PART	8D	CS	
0019	PHILIPS MR/PART	8E	CS	
0019	PHILIPS MR/PART	8F	CS	
0019	PHILIPS MR/PART	90	IS	
0019	PHILIPS MR/PART	91	IS	
0019	PHILIPS MR/PART	92	IS	
0019	PHILIPS MR/PART	93	IS	
0019	PHILIPS MR/PART	94	LO	Magnetization Transfer Contrast
0019	PHILIPS MR/PART	95	LO	Spectral Presaturation With Inversion Recovery
0019	PHILIPS MR/PART	96	IS	
0019	PHILIPS MR/PART	97	LO	
0019	PHILIPS MR/PART	99	LO	
0019	PHILIPS MR/PART	A0	IS	
0019	PHILIPS MR/PART	A1	DS	
0019	PHILIPS MR/PART	A3	DS	
0019	PHILIPS MR/PART	A4	CS	
0019	PHILIPS MR/PART	B4	DS	
0019	PHILIPS MR/PART	B5	DS	
0019	PHILIPS MR/PART	B6	DS	
0019	PHILIPS MR/PART	C0	DS	Trigger Delay Times
0019	PHILIPS MR/PART	C8	IS	
0019	PHILIPS MR/PART	C9	IS	Foldover Direction Transverse
0019	PHILIPS MR/PART	CA	IS	Foldover Direction Sagittal
0019	PHILIPS MR/PART	CB	IS	Foldover Direction Coronal
0019	PHILIPS MR/PART	CC	IS	
0019	PHILIPS MR/PART	CD	IS	
0019	PHILIPS MR/PART	CE	IS	
0019	PHILIPS MR/PART	CF	IS	Number of Echoes
0019	PHILIPS MR/PART	D0	IS	Scan Resolution
0019	PHILIPS MR/PART	D1	US	
0019	PHILIPS MR/PART	D2	LO	Water Fat Shift
0019	PHILIPS MR/PART	D3	DS	
0019	PHILIPS MR/PART	D4	IS	Artifact Reduction
0019	PHILIPS MR/PART	D5	IS	
0019	PHILIPS MR/PART	D6	IS	
0019	PHILIPS MR/PART	D7	DS	Scan Percentage
0019	PHILIPS MR/PART	D8	IS	Halfscan
0019	PHILIPS MR/PART	D9	IS	EPI Factor
0019	PHILIPS MR/PART	DA	IS	Turbo Factor
0019	PHILIPS MR/PART	DB	IS	
0019	PHILIPS MR/PART	E0	IS	Percentage of Scan Completed
0019	PHILIPS MR/PART	E1	IS	Prepulse Delay
0019	PHILIPS MR/PART	E3	DS	Phase Contrast Velocity
0019	PHILIPS MR/PART	F0	IS	
0019	PHILIPS MR/PART	F6	CS	
0019	PHILIPS MR/PART	F7	CS	
0019	PHILIPS MR/PART	F8	CS	
0019	PHILIPS MR/PART	F9	CS	
0019	PHILIPS MR/PART	FA	CS	
0019	PHILIPS MR/PART	FB	CS	
0019	PHILIPS MR/PART	FC	CS	Resonance Frequency
0019	PHILIPS MR/PART	FE	CS	Resonance Frequency
0019	PHILIPS MR/PART 6	10	IS	
0019	PHILIPS MR/PART 7	00	IS	
0019	PHILIPS-MR-1	11	IS	ChemicalShiftNumber
0019	PHILIPS-MR-1	12	IS	PhaseNumber
0019	PMTF INFORMATION DATA^10	01	UL	
0019	PMTF INFORMATION DATA^10	02	SL	
0019	PMTF INFORMATION DATA^10	03	US	
0019	PMTF INFORMATION DATA^10	04	SL	
0019	PMTF INFORMATION DATA^10	05	FL	
0019	PMTF INFORMATION DATA^10	06	SL	
0019	PMTF INFORMATION DATA^10	07	FL	
0019	PMTF INFORMATION DATA^10	08	US	
0019	PMTF INFORMATION DATA^10	09	FL	
0019	PMTF INFORMATION DATA^10	0A	FL	
0019	PMTF INFORMATION DATA^10	0B	FL	
0019	PMTF INFORMATION DATA^10	0C	US	
0019	PMTF INFORMATION DATA^10	0D	SL	
0019	PMTF INFORMATION DATA^10	0E	SL	
0019	PMTF INFORMATION DATA^10	0F	SL	
0019	PMTF INFORMATION DATA^10	10	US	
0019	PMTF INFORMATION DATA^10	11	SL	
0019	PMTF INFORMATION DATA^10	12	US	
0019	PMTF INFORMATION DATA^10	13	SL	
0019	PMTF INFORMATION DATA^10	14	US	
0019	PMTF INFORMATION DATA^10	15	SL	
0019	PMTF INFORMATION DATA^10	16	FL	
0019	PMTF INFORMATION DATA^10	17	SL	
0019	PMTF INFORMATION DATA^10	18	US	
0019	PMTF INFORMATION DATA^10	19	SL	
0019	PMTF INFORMATION DATA^10	1A	US	
0019	PMTF INFORMATION DATA^10	1B	SL	
0019	PMTF INFORMATION DATA^10	1C	SL	
0019	PMTF INFORMATION DATA^10	1D	SL	
0019	PMTF INFORMATION DATA^10	1E	US	
0019	PMTF INFORMATION DATA^10	1F	SL	
0019	PMTF INFORMATION DATA^10	20	FL	
0019	PMTF INFORMATION DATA^10	21	US	
0019	PMTF INFORMATION DATA^10	22	SL	
0019	PMTF INFORMATION DATA^10	23	FL	
0019	PMTF INFORMATION DATA^10	24	FL	
0019	PMTF INFORMATION DATA^10	25	FL	
0019	PMTF INFORMATION DATA^10	26	SL	
0019	PMTF INFORMATION DATA^10	27	SL	
0019	PMTF INFORMATION DATA^10	28	SL	
0019	PMTF INFORMATION DATA^10	29	SH	
0019	PMTF INFORMATION DATA^10	2A	SL	
0019	PMTF INFORMATION DATA^10	2B	SH	
0019	PMTF INFORMATION DATA^10	2C	SL	
0019	PMTF INFORMATION DATA^10	2D	SL	
0019	PMTF INFORMATION DATA^10	2E	US	
0019	PMTF INFORMATION DATA^10	2F	FL	
0019	PMTF INFORMATION DATA^10	30	UL	
0019	PMTF INFORMATION DATA^10	31	OF	
0019	PMTF INFORMATION DATA^10	32	FL	
0019	PMTF INFORMATION DATA^10	33	SL	
0019	PMTF INFORMATION DATA^10	34	SL	
0019	PMTF INFORMATION DATA^10	35	SL	
0019	PMTF INFORMATION DATA^10	36	SQ	
0019	PMTF INFORMATION DATA^10	38	SL	
0019	PMTF INFORMATION DATA^10	39	SL	
0019	PMTF INFORMATION DATA^10	3A	SL	
0019	PMTF INFORMATION DATA^10	3B	SL	
0019	PMTF INFORMATION DATA^10	3C	SL	
0019	PMTF INFORMATION DATA^10	3D	SL	
0019	PMTF INFORMATION DATA^10	3E	SL	
0019	PMTF INFORMATION DATA^10	3F	SL	
0019	PMTF INFORMATION DATA^10	42	US	
0019	PMTF INFORMATION DATA^10	43	US	
0019	PMTF INFORMATION DATA^10	44	SL	
0019	PMTF INFORMATION DATA^10	45	SS	
0019	PMTF INFORMATION DATA^10	46	US	
0019	PMTF INFORMATION DATA^10	47	FL	
0019	PMTF INFORMATION DATA^10	48	US	
0019	PMTF INFORMATION DATA^10	49	US	
0019	PMTF INFORMATION DATA^10	4B	US	
0019	PMTF INFORMATION DATA^10	4C	US	
0019	PMTF INFORMATION DATA^10	4D	SL	
0019	PMTF INFORMATION DATA^10	4E	US	
0019	PMTF INFORMATION DATA^10	4F	US	
0019	PMTF INFORMATION DATA^10	50	SL	
0019	PMTF INFORMATION DATA^10	51	SL	
0019	PMTF INFORMATION DATA^10	52	LO	
0019	PMTF INFORMATION DATA^10	54	US	
0019	PMTF INFORMATION DATA^10	55	US	
0019	PMTF INFORMATION DATA^10	56	FL	
0019	PMTF INFORMATION DATA^10	57	FL	
0019	PMTF INFORMATION DATA^10	58	FL	
0019	PMTF INFORMATION DATA^10	59	SL	
0019	PMTF INFORMATION DATA^10	5A	FL	
0019	PMTF INFORMATION DATA^10	5D	FL	
0019	PMTF INFORMATION DATA^10	5E	SL	
0019	PMTF INFORMATION DATA^10	5F	FL	
0019	PMTF INFORMATION DATA^10	60	US	
0019	PMTF INFORMATION DATA^10	61	US	
0019	PMTF INFORMATION DATA^10	62	US	
0019	PMTF INFORMATION DATA^10	63	FL	
0019	PMTF INFORMATION DATA^10	64	FL	
0019	PMTF INFORMATION DATA^10	65	SL	
0019	PMTF INFORMATION DATA^10	69	FL	
0019	PMTF INFORMATION DATA^10	6A	US	
0019	PMTF INFORMATION DATA^10	6B	SL	
0019	PMTF INFORMATION DATA^10	6D	SL	
0019	PMTF INFORMATION DATA^10	6E	FL	
0019	PMTF INFORMATION DATA^10	6F	SL	
0019	PMTF INFORMATION DATA^10	70	LO	
0019	PMTF INFORMATION DATA^10	71	LO	?Sequence Options?
0019	PMTF INFORMATION DATA^10	73	LO	?Sequence Options?
0019	PMTF INFORMATION DATA^10	75	LO	
0019	PMTF INFORMATION DATA^10	76	LO	
0019	PMTF INFORMATION DATA^10	78	LO	
0019	PMTF INFORMATION DATA^10	7B	LO	
0019	PMTF INFORMATION DATA^10	7C	FL	
0019	PMTF INFORMATION DATA^10	7D	FL	
0019	PMTF INFORMATION DATA^10	7E	SL	
0019	PMTF INFORMATION DATA^10	7F	SL	
0019	PMTF INFORMATION DATA^10	85	FL	
0019	PMTF INFORMATION DATA^10	86	SL	
0019	PMTF INFORMATION DATA^10	87	FL	
0019	PMTF INFORMATION DATA^10	88	LO	?RxGain?
0019	PMTF INFORMATION DATA^10	8A	SL	
0019	PMTF INFORMATION DATA^10	8C	UL	
0019	PMTF INFORMATION DATA^10	8D	TM	
0019	PMTF INFORMATION DATA^10	8E	SL	
0019	PMTF INFORMATION DATA^10	92	SL	
0019	PMTF INFORMATION DATA^10	93	FL	
0019	PMTF INFORMATION DATA^10	96	US	
0019	PMTF INFORMATION DATA^10	9B	FL	
0019	PMTF INFORMATION DATA^10	9C	SL	
0019	PMTF INFORMATION DATA^10	A0	SL	
0019	PMTF INFORMATION DATA^10	A1	DS	
0019	PMTF INFORMATION DATA^10	A2	SL	
0019	PMTF INFORMATION DATA^10	A3	SL	
0019	PMTF INFORMATION DATA^10	A4	FL	
0019	PMTF INFORMATION DATA^10	A5	FL	
0019	PMTF INFORMATION DATA^10	A6	SL	
0019	PMTF INFORMATION DATA^10	A8	FL	?Repetition Time (/100)
0019	PMTF INFORMATION DATA^10	A9	SL	
0019	PMTF INFORMATION DATA^10	AB	FL	
0019	PMTF INFORMATION DATA^10	AC	US	
0019	PMTF INFORMATION DATA^10	AD	FL	
0019	PMTF INFORMATION DATA^10	AE	FL	
0019	PMTF INFORMATION DATA^10	AF	SL	
0019	PMTF INFORMATION DATA^10	B0	SL	
0019	PMTF INFORMATION DATA^10	B1	SL	
0019	PMTF INFORMATION DATA^10	B4	SL	
0019	PMTF INFORMATION DATA^10	B5	SL	
0019	PMTF INFORMATION DATA^10	B6	SL	
0019	PMTF INFORMATION DATA^10	B7	FL	
0019	PMTF INFORMATION DATA^10	BA	FL	
0019	PMTF INFORMATION DATA^10	BB	FL	
0019	PMTF INFORMATION DATA^10	BC	FL	
0019	PMTF INFORMATION DATA^10	BD	SL	
0019	PMTF INFORMATION DATA^10	BE	SL	Acquisition Duration
0019	PMTF INFORMATION DATA^10	C1	SL	
0019	PMTF INFORMATION DATA^10	C3	SL	
0019	PMTF INFORMATION DATA^10	C6	FL	
0019	PMTF INFORMATION DATA^10	C9	SL	
0019	PMTF INFORMATION DATA^10	CA	LO	Sequence Name
0019	PMTF INFORMATION DATA^10	CB	UL	
0019	PMTF INFORMATION DATA^10	CC	UL	
0019	PMTF INFORMATION DATA^10	CD	SL	
0019	PMTF INFORMATION DATA^10	CE	SL	
0019	PMTF INFORMATION DATA^10	CF	SL	?acquired series (vs postproc)?
0019	PMTF INFORMATION DATA^10	D0	US	
0019	PMTF INFORMATION DATA^10	D1	SL	
0019	PMTF INFORMATION DATA^10	D2	SL	
0019	PMTF INFORMATION DATA^10	D3	SL	
0019	PMTF INFORMATION DATA^10	D4	SL	
0019	PMTF INFORMATION DATA^10	D8	US	
0019	PMTF INFORMATION DATA^10	D9	SQ	
0019	PMTF INFORMATION DATA^10	DA	US	
0019	PMTF INFORMATION DATA^10	DB	SL	
0019	PMTF INFORMATION DATA^10	DC	SL	
0019	PMTF INFORMATION DATA^10	E1	SL	
0019	PMTF INFORMATION DATA^10	E4	SL	
0019	PMTF INFORMATION DATA^10	E5	SQ	
0019	PMTF INFORMATION DATA^10	E6	SQ	
0019	PMTF INFORMATION DATA^10	E9	SL	
0019	PMTF INFORMATION DATA^10	EA	UI	
0019	PMTF INFORMATION DATA^10	EB	SL	
0019	PMTF INFORMATION DATA^10	EC	US	
0019	PMTF INFORMATION DATA^10	EE	FL	
0019	PMTF INFORMATION DATA^10	EF	FL	
0019	PMTF INFORMATION DATA^10	F0	SL	
0019	PMTF INFORMATION DATA^10	F1	FL	
0019	PMTF INFORMATION DATA^10	F2	FL	
0019	PMTF INFORMATION DATA^10	F3	SL	
0019	PMTF INFORMATION DATA^10	F4	FD	
0019	PMTF INFORMATION DATA^10	F5	SL	
0019	PMTF INFORMATION DATA^10	F6	UI	
0019	PMTF INFORMATION DATA^10	F8	US	
0019	PMTF INFORMATION DATA^10	F9	SL	
0019	PMTF INFORMATION DATA^10	FA	FL	
0019	PMTF INFORMATION DATA^10	FB	UL	
0019	PMTF INFORMATION DATA^10	FC	FL	
0019	PMTF INFORMATION DATA^10	FD	FL	
0019	PMTF INFORMATION DATA^10	FE	SL	
0019	PMTF INFORMATION DATA^10	FF	SL	
0019	PMTF INFORMATION DATA^11	01	OB	?character set?
0019	PMTF INFORMATION DATA^11	02	SL	
0019	PMTF INFORMATION DATA^11	03	SL	
0019	PMTF INFORMATION DATA^11	04	SL	
0019	PMTF INFORMATION DATA^11	07	OB	
0019	PMTF INFORMATION DATA^11	08	SH	
0019	PMTF INFORMATION DATA^11	09	SL	
0019	PMTF INFORMATION DATA^11	0A	SL	
0019	PMTF INFORMATION DATA^11	0B	OB	
0019	PMTF INFORMATION DATA^11	0C	SL	
0019	PMTF INFORMATION DATA^11	19	SQ	
0019	PMTF INFORMATION DATA^11	1A	FL	
0019	PMTF INFORMATION DATA^11	24	SL	
0019	PMTF INFORMATION DATA^11	25	SL	
0019	PMTF INFORMATION DATA^11	26	SL	
0019	PMTF INFORMATION DATA^11	28	SL	
0019	PMTF INFORMATION DATA^11	29	SL	
0019	PMTF INFORMATION DATA^11	2A	FL	
0019	PMTF INFORMATION DATA^11	2B	FL	
0019	PMTF INFORMATION DATA^11	2C	SL	
0019	PMTF INFORMATION DATA^11	2D	SL	
0019	PMTF INFORMATION DATA^11	2E	SL	
0019	PMTF INFORMATION DATA^11	30	SL	
0019	PMTF INFORMATION DATA^11	31	SL	
0019	PMTF INFORMATION DATA^11	32	SL	
0019	PMTF INFORMATION DATA^11	34	FL	
0019	PMTF INFORMATION DATA^11	35	SL	
0019	PMTF INFORMATION DATA^11	36	FL	
0019	PMTF INFORMATION DATA^11	37	SL	
0019	PMTF INFORMATION DATA^11	38	SL	
0019	PMTF INFORMATION DATA^11	39	FL	
0019	PMTF INFORMATION DATA^11	3A	FL	Repetition Time (/100)
0019	PMTF INFORMATION DATA^11	3C	FL	
0019	PMTF INFORMATION DATA^11	3D	SL	
0019	PMTF INFORMATION DATA^11	3E	FL	
0019	PMTF INFORMATION DATA^11	3F	UI	
0019	PMTF INFORMATION DATA^11	40	US	
0019	PMTF INFORMATION DATA^11	41	US	
0019	PMTF INFORMATION DATA^11	42	SL	
0019	PMTF INFORMATION DATA^11	43	SL	
0019	PMTF INFORMATION DATA^11	44	SL	
0019	PMTF INFORMATION DATA^11	46	FL	
0019	PMTF INFORMATION DATA^11	48	LT	?QD Whole Body?
0019	PMTF INFORMATION DATA^11	49	LT	?Atlas Head?
0019	PMTF INFORMATION DATA^11	4C	SL	
0019	PMTF INFORMATION DATA^11	4D	SL	?postproc series?
0019	PMTF INFORMATION DATA^11	4E	SL	
0019	PMTF INFORMATION DATA^11	55	LO	
0019	PMTF INFORMATION DATA^11	57	FL	
0019	PMTF INFORMATION DATA^11	58	US	
0019	PMTF INFORMATION DATA^11	59	US	
0019	PMTF INFORMATION DATA^11	5C	SL	
0019	PMTF INFORMATION DATA^11	5D	SL	
0019	PMTF INFORMATION DATA^11	5F	FL	
0019	PMTF INFORMATION DATA^11	60	SL	
0019	PMTF INFORMATION DATA^11	61	FL	
0019	PMTF INFORMATION DATA^11	62	FL	
0019	PMTF INFORMATION DATA^11	63	SL	
0019	PMTF INFORMATION DATA^11	65	SL	
0019	PMTF INFORMATION DATA^11	67	FL	
0019	PMTF INFORMATION DATA^11	68	SL	
0019	PMTF INFORMATION DATA^11	6C	FL	
0019	PMTF INFORMATION DATA^11	6D	SH	
0019	PMTF INFORMATION DATA^11	6E	SH	Sequence Name
0019	PMTF INFORMATION DATA^11	6F	FL	
0019	PMTF INFORMATION DATA^11	70	FL	
0019	PMTF INFORMATION DATA^11	71	SL	
0019	PMTF INFORMATION DATA^11	72	FL	
0019	PMTF INFORMATION DATA^11	78	SL	
0019	PMTF INFORMATION DATA^11	7A	SL	
0019	PMTF INFORMATION DATA^11	7C	FL	
0019	PMTF INFORMATION DATA^11	7D	SL	
0019	PMTF INFORMATION DATA^11	7E	SL	
0019	PMTF INFORMATION DATA^11	7F	SL	
0019	PMTF INFORMATION DATA^11	80	FL	
0019	PMTF INFORMATION DATA^11	84	SL	
0019	PMTF INFORMATION DATA^11	87	SL	
0019	PMTF INFORMATION DATA^11	8A	US	
0019	PMTF INFORMATION DATA^11	8B	SL	
0019	PMTF INFORMATION DATA^11	8C	SL	
0019	PMTF INFORMATION DATA^11	8F	SL	
0019	PMTF INFORMATION DATA^11	90	SL	
0019	PMTF INFORMATION DATA^11	91	SL	
0019	PMTF INFORMATION DATA^11	92	SL	
0019	PMTF INFORMATION DATA^11	93	SL	
0019	PMTF INFORMATION DATA^11	94	FL	
0019	PMTF INFORMATION DATA^11	9A	SL	
0019	PMTF INFORMATION DATA^11	9B	US	
0019	PMTF INFORMATION DATA^11	9C	FL	
0019	PMTF INFORMATION DATA^11	9D	SL	
0019	PMTF INFORMATION DATA^11	9E	SL	
0019	PMTF INFORMATION DATA^11	9F	SL	
0019	PMTF INFORMATION DATA^11	A0	SL	
0019	PMTF INFORMATION DATA^11	A1	SL	
0019	PMTF INFORMATION DATA^11	A5	US	
0019	PMTF INFORMATION DATA^11	A6	US	
0019	PMTF INFORMATION DATA^11	A8	SL	
0019	PMTF INFORMATION DATA^11	AB	US	
0019	PMTF INFORMATION DATA^11	AD	SL	
0019	PMTF INFORMATION DATA^11	AE	SL	
0019	PMTF INFORMATION DATA^11	B0	FL	
0019	PMTF INFORMATION DATA^11	B1	SL	
0019	PMTF INFORMATION DATA^11	B2	US	
0019	PMTF INFORMATION DATA^11	B3	US	
0019	PMTF INFORMATION DATA^11	B4	US	
0019	PMTF INFORMATION DATA^11	B5	FL	
0019	PMTF INFORMATION DATA^11	B6	SL	
0019	PMTF INFORMATION DATA^11	B7	US	
0019	PMTF INFORMATION DATA^11	B9	US	
0019	PMTF INFORMATION DATA^11	BB	FL	
0019	PMTF INFORMATION DATA^11	BC	SL	
0019	PMTF INFORMATION DATA^11	BD	SL	
0019	PMTF INFORMATION DATA^11	BE	FL	
0019	PMTF INFORMATION DATA^11	BF	SL	
0019	PMTF INFORMATION DATA^11	C0	SL	
0019	PMTF INFORMATION DATA^11	C1	US	
0019	PMTF INFORMATION DATA^11	C3	FL	
0019	PMTF INFORMATION DATA^11	C4	SL	
0019	PMTF INFORMATION DATA^11	CD	SL	
0019	PMTF INFORMATION DATA^11	E0	FL	
0019	PMTF INFORMATION DATA^11	E1	FL	
0019	PMTF INFORMATION DATA^11	E3	SL	
0019	PMTF INFORMATION DATA^11	E4	DS	
0019	PMTF INFORMATION DATA^11	E5	SQ	
0019	PMTF INFORMATION DATA^11	E6	SQ	
0019	PMTF INFORMATION DATA^11	F0	SL	
0019	PMTF INFORMATION DATA^11	F1	SL	Diffusion b-value x Toshiba Orientation
0019	PMTF INFORMATION DATA^11	F2	FL	Specific Absorption Rate Values
0019	PMTF INFORMATION DATA^11	F3	SL	
0019	PMTF INFORMATION DATA^11	F4	SL	
0019	PMTF INFORMATION DATA^11	F5	SQ	
0019	PMTF INFORMATION DATA^11	F6	SL	
0019	PMTF INFORMATION DATA^11	F7	SL	
0019	PMTF INFORMATION DATA^11	F8	SL	
0019	PMTF INFORMATION DATA^11	F9	SL	
0019	PMTF INFORMATION DATA^11	FA	SL	
0019	PMTF INFORMATION DATA^11	FB	FL	
0019	PMTF INFORMATION DATA^11	FC	FL	
0019	PMTF INFORMATION DATA^11	FD	SL	
0019	PMTF INFORMATION DATA^11	FE	SL	
0019	PMTF INFORMATION DATA^11	FF	SL	
0019	PMTF INFORMATION DATA^12	00	SL	
0019	PMTF INFORMATION DATA^12	01	SL	
0019	PMTF INFORMATION DATA^12	02	SL	
0019	PMTF INFORMATION DATA^12	03	SL	
0019	PMTF INFORMATION DATA^12	04	SL	
0019	PMTF INFORMATION DATA^12	05	SH	?Sequence Variant?
0019	PMTF INFORMATION DATA^12	06	FL	
0019	PMTF INFORMATION DATA^12	07	UL	
0019	PMTF INFORMATION DATA^12	08	UL	
0019	PMTF INFORMATION DATA^12	09	SL	
0019	PMTF INFORMATION DATA^12	0A	SL	
0019	PMTF INFORMATION DATA^12	0B	SL	
0019	PMTF INFORMATION DATA^12	0C	UL	
0019	PMTF INFORMATION DATA^12	0D	SQ	
0019	PMTF INFORMATION DATA^12	0E	US	
0019	PMTF INFORMATION DATA^12	10	SL	
0019	PMTF INFORMATION DATA^12	11	SL	
0019	PMTF INFORMATION DATA^12	12	SL	
0019	PMTF INFORMATION DATA^12	13	FL	
0019	PMTF INFORMATION DATA^12	14	FL	
0019	PMTF INFORMATION DATA^12	18	UL	
0019	PMTF INFORMATION DATA^12	28	DS	
0019	PMTF INFORMATION DATA^12	2B	SQ	
0019	PMTF INFORMATION DATA^12	32	SH	Sequence Name
0019	PMTF INFORMATION DATA^12	34	SL	
0019	PMTF INFORMATION DATA^12	52	FL	
0019	PMTF INFORMATION DATA^12	76	OB	
0019	PMTF INFORMATION DATA^12	79	SQ	
0019	PMTF INFORMATION DATA^12	80	FD	Acquisition Duration
0019	PMTF INFORMATION DATA^12	85	US	
0019	PMTF INFORMATION DATA^12	86	LO	
0019	PMTF INFORMATION DATA^12	87	SQ	
0019	PMTF INFORMATION DATA^12	88	US	Series Number Global
0019	PMTF INFORMATION DATA^12	89	SL	
0019	PMTF INFORMATION DATA^12	8A	US	Series Number Global
0019	PMTF INFORMATION DATA^12	8B	US	
0019	PMTF INFORMATION DATA^12	8F	OB	
0019	PMTF INFORMATION DATA^12	93	SL	?num?
0019	PMTF INFORMATION DATA^12	94	UI	Referenced SOP Instance UID
0019	PMTF INFORMATION DATA^12	95	UI	
0019	PMTF INFORMATION DATA^12	96	LO	?PASTA?
0019	PMTF INFORMATION DATA^12	98	FL	
0019	PMTF INFORMATION DATA^12	99	LO	Sequence Name
0019	PMTF INFORMATION DATA^12	9A	DS	Series Number Local
0019	PMTF INFORMATION DATA^12	9B	DS	
0019	PMTF INFORMATION DATA^12	9C	DS	?num?
0019	PMTF INFORMATION DATA^12	9D	US	
0019	PMTF INFORMATION DATA^12	9E	FL	
0019	PMTF INFORMATION DATA^12	9F	FL	
0019	PMTF INFORMATION DATA^12	A0	FL	
0019	PMTF INFORMATION DATA^12	A1	FL	
0019	PMTF INFORMATION DATA^12	A2	FL	
0019	PMTF INFORMATION DATA^12	A3	FL	
0019	PMTF INFORMATION DATA^12	A4	FL	
0019	PMTF INFORMATION DATA^12	A5	FL	
0019	PMTF INFORMATION DATA^12	A6	FL	
0019	PMTF INFORMATION DATA^12	A7	FL	
0019	PMTF INFORMATION DATA^12	A8	FL	
0019	PMTF INFORMATION DATA^12	A9	FL	
0019	PMTF INFORMATION DATA^12	AA	FL	
0019	PMTF INFORMATION DATA^12	AB	FL	
0019	PMTF INFORMATION DATA^12	AC	FL	
0019	PMTF INFORMATION DATA^12	AD	FL	
0019	PMTF INFORMATION DATA^12	AE	FL	
0019	PMTF INFORMATION DATA^12	AF	FL	
0019	PMTF INFORMATION DATA^12	B3	FD	Acquisition Duration
0019	PMTF INFORMATION DATA^12	B4	LO	
0019	PMTF INFORMATION DATA^12	C2	US	
0019	PMTF INFORMATION DATA^12	C3	FL	
0019	PMTF INFORMATION DATA^12	C4	SL	
0019	PMTF INFORMATION DATA^12	C5	SL	
0019	PMTF INFORMATION DATA^12	C6	SL	
0019	PMTF INFORMATION DATA^12	C7	FL	
0019	PMTF INFORMATION DATA^12	CC	SS	
0019	PMTF INFORMATION DATA^12	CD	LO	
0019	PMTF INFORMATION DATA^12	CE	UL	
0019	PMTF INFORMATION DATA^12	CF	FL	
0019	PMTF INFORMATION DATA^12	D1	FL	
0019	PMTF INFORMATION DATA^12	D2	US	
0019	PMTF INFORMATION DATA^12	D3	SS	
0019	PMTF INFORMATION DATA^12	D4	US	
0019	PMTF INFORMATION DATA^12	D5	FL	
0019	PMTF INFORMATION DATA^12	D6	FL	
0019	PMTF INFORMATION DATA^12	D7	US	?vect2?
0019	PMTF INFORMATION DATA^12	D8	FL	
0019	PMTF INFORMATION DATA^12	DE	US	?num?
0019	PMTF INFORMATION DATA^12	DF	US	
0019	PMTF INFORMATION DATA^12	E0	US	
0019	PMTF INFORMATION DATA^12	E1	FL	?vect3?
0019	PMTF INFORMATION DATA^12	E2	FL	?vect3?
0019	PMTF INFORMATION DATA^12	E3	TM	?time?
0019	PMTF INFORMATION DATA^12	E4	US	?vect2?
0019	PMTF INFORMATION DATA^12	EB	US	?num?
0019	PMTF INFORMATION DATA^12	EC	US	?num?
0019	PMTF INFORMATION DATA^12	EF	DS	
0019	PMTF INFORMATION DATA^12	F0	LO	
0019	PMTF INFORMATION DATA^12	F1	LO	
0019	PMTF INFORMATION DATA^12	FC	FL	
0019	PMTF INFORMATION DATA^12	FD	SL	
0019	PMTF INFORMATION DATA^12	FE	SL	
0019	SIEMENS CM VA0  ACQU	10	LT	ParameterFileName
0019	SIEMENS CM VA0  ACQU	11	LO	SequenceFileName
0019	SIEMENS CM VA0  ACQU	12	LT	SequenceFileOwner
0019	SIEMENS CM VA0  ACQU	13	LT	SequenceDescription
0019	SIEMENS CM VA0  ACQU	14	LT	EPIFileName
0019	SIEMENS CM VA0  ACQU	20	LO	Mode File Name
0019	SIEMENS CM VA0  ACQU	30	LO	Convolution Kernel Comment 1
0019	SIEMENS CM VA0  ACQU	31	LO	Convolution Kernel Comment 2
0019	SIEMENS CM VA0  ACQU	32	LO	Convolution Kernel Comment 3
0019	SIEMENS CM VA0  ACQU	33	LO	Convolution Kernel Comment 4
0019	SIEMENS CM VA0  ACQU	34	LO	Convolution Kernel Comment 5
0019	SIEMENS CM VA0  ACQU	35	LO	Convolution Kernel Comment 6
0019	SIEMENS CM VA0  ACQU	36	LO	Convolution Kernel Comment 7
0019	SIEMENS CM VA0  ACQU	37	LO	Convolution Kernel Comment 8
0019	SIEMENS CM VA0  ACQU	38	LO	Convolution Kernel Comment 9
0019	SIEMENS CM VA0  ACQU	39	LO	Convolution Kernel Comment 10
0019	SIEMENS CM VA0  ACQU	3A	LO	Reading Code RZ1 Comment 1
0019	SIEMENS CM VA0  ACQU	3B	LO	Reading Code RZ1 Comment 2
0019	SIEMENS CM VA0  ACQU	3C	LO	Reading Code RZ2 Comment 1
0019	SIEMENS CM VA0  CMS	10	DS	NetFrequency
0019	SIEMENS CM VA0  CMS	20	LT	MeasurementMode
0019	SIEMENS CM VA0  CMS	30	LT	CalculationMode
0019	SIEMENS CM VA0  CMS	50	IS	NoiseLevel
0019	SIEMENS CM VA0  CMS	60	IS	NumberOfDataBytes
0019	SIEMENS CM VA0  CMS	70	DS	
0019	SIEMENS CM VA0  CMS	80	LO	
0019	SIEMENS CM VA0  COAD	3D	LO	Reading Code RZ2 Comment 2
0019	SIEMENS CT VA0  COAD	10	DS	DistanceSourceToSourceSideCollimator
0019	SIEMENS CT VA0  COAD	11	DS	DistanceSourceToDetectorSideCollimator
0019	SIEMENS CT VA0  COAD	20	IS	NumberOfPossibleChannels
0019	SIEMENS CT VA0  COAD	21	IS	MeanChannelNumber
0019	SIEMENS CT VA0  COAD	22	DS	DetectorSpacing
0019	SIEMENS CT VA0  COAD	23	DS	DetectorCenter
0019	SIEMENS CT VA0  COAD	24	DS	ReadingIntegrationTime
0019	SIEMENS CT VA0  COAD	50	DS	DetectorAlignment
0019	SIEMENS CT VA0  COAD	52	DS	
0019	SIEMENS CT VA0  COAD	54	DS	
0019	SIEMENS CT VA0  COAD	60	DS	FocusAlignment
0019	SIEMENS CT VA0  COAD	65	UL	FocalSpotDeflectionAmplitude
0019	SIEMENS CT VA0  COAD	66	UL	FocalSpotDeflectionPhase
0019	SIEMENS CT VA0  COAD	67	UL	FocalSpotDeflectionOffset
0019	SIEMENS CT VA0  COAD	70	DS	WaterScalingFactor
0019	SIEMENS CT VA0  COAD	71	DS	InterpolationFactor
0019	SIEMENS CT VA0  COAD	80	LT	PatientRegion
0019	SIEMENS CT VA0  COAD	82	LT	PatientPhaseOfLife
0019	SIEMENS CT VA0  COAD	90	DS	OsteoOffset
0019	SIEMENS CT VA0  COAD	92	DS	OsteoRegressionLineSlope
0019	SIEMENS CT VA0  COAD	93	DS	OsteoRegressionLineIntercept
0019	SIEMENS CT VA0  COAD	94	DS	OsteoStandardizationCode
0019	SIEMENS CT VA0  COAD	96	IS	OsteoPhantomNumber
0019	SIEMENS CT VA0  COAD	A0	DS	Spiral Location Begin
0019	SIEMENS CT VA0  COAD	A1	DS	Spiral Location End
0019	SIEMENS CT VA0  COAD	A2	CS	Spiral z Profile
0019	SIEMENS CT VA0  COAD	A3	US	
0019	SIEMENS CT VA0  COAD	A4	DS	
0019	SIEMENS CT VA0  COAD	A5	DS	
0019	SIEMENS CT VA0  COAD	A6	US	
0019	SIEMENS CT VA0  COAD	A7	US	
0019	SIEMENS CT VA0  COAD	A8	US	
0019	SIEMENS CT VA0  COAD	A9	DS	
0019	SIEMENS CT VA0  COAD	AA	LT	
0019	SIEMENS CT VA0  COAD	AB	DS	
0019	SIEMENS CT VA0  COAD	AC	DS	
0019	SIEMENS CT VA0  COAD	AD	DS	
0019	SIEMENS CT VA0  COAD	AE	DS	
0019	SIEMENS CT VA0  COAD	AF	DS	
0019	SIEMENS CT VA0  COAD	B0	DS	FeedPerRotation
0019	SIEMENS CT VA0  COAD	B1	SH	Admin Data Version
0019	SIEMENS CT VA0  COAD	BD	IS	PulmoTriggerLevel
0019	SIEMENS CT VA0  COAD	BE	DS	ExpiratoricReserveVolume
0019	SIEMENS CT VA0  COAD	BF	DS	VitalCapacity
0019	SIEMENS CT VA0  COAD	C0	DS	PulmoWater
0019	SIEMENS CT VA0  COAD	C1	DS	PulmoAir
0019	SIEMENS CT VA0  COAD	C2	DA	PulmoDate
0019	SIEMENS CT VA0  COAD	C3	TM	PulmoTime
0019	SIEMENS CT VA0  COAD	C4	UL	
0019	SIEMENS CT VA0  COAD	C5	IS	
0019	SIEMENS CT VA0  GEN	10	DS	SourceSideCollimatorAperture
0019	SIEMENS CT VA0  GEN	11	DS	DetectorSideCollimatorAperture
0019	SIEMENS CT VA0  GEN	20	DS	ExposureTime
0019	SIEMENS CT VA0  GEN	21	DS	ExposureCurrent
0019	SIEMENS CT VA0  GEN	25	DS	KVPGeneratorPowerCurrent
0019	SIEMENS CT VA0  GEN	26	DS	GeneratorVoltage
0019	SIEMENS CT VA0  GEN	40	UL	MasterControlMask
0019	SIEMENS CT VA0  GEN	42	US	ProcessingMask
0019	SIEMENS CT VA0  GEN	44	US	
0019	SIEMENS CT VA0  GEN	45	US	
0019	SIEMENS CT VA0  GEN	62	IS	NumberOfVirtuellChannels
0019	SIEMENS CT VA0  GEN	70	IS	NumberOfReadings
0019	SIEMENS CT VA0  GEN	71	LT	
0019	SIEMENS CT VA0  GEN	74	IS	NumberOfProjections
0019	SIEMENS CT VA0  GEN	75	IS	NumberOfBytes
0019	SIEMENS CT VA0  GEN	80	LT	ReconstructionAlgorithmSet
0019	SIEMENS CT VA0  GEN	81	LT	ReconstructionAlgorithmIndex
0019	SIEMENS CT VA0  GEN	82	LT	RegenerationSoftwareVersion
0019	SIEMENS CT VA0  GEN	84	IS	Multiscan Reconstruction Increment
0019	SIEMENS CT VA0  GEN	85	IS	Multiscan Reconstruction Width
0019	SIEMENS CT VA0  GEN	88	DS	
0019	SIEMENS DLR.01	10	LT	MeasurementMode
0019	SIEMENS DLR.01	11	LT	ImageType
0019	SIEMENS DLR.01	15	LT	SoftwareVersion
0019	SIEMENS DLR.01	20	LT	MPMCode
0019	SIEMENS DLR.01	21	LT	Latitude
0019	SIEMENS DLR.01	22	LT	Sensitivity
0019	SIEMENS DLR.01	23	LT	EDR
0019	SIEMENS DLR.01	24	LT	LFix
0019	SIEMENS DLR.01	25	LT	SFix
0019	SIEMENS DLR.01	26	LT	PresetMode
0019	SIEMENS DLR.01	27	LT	Region
0019	SIEMENS DLR.01	28	LT	Subregion
0019	SIEMENS DLR.01	30	LT	Orientation
0019	SIEMENS DLR.01	31	LT	MarkOnFilm
0019	SIEMENS DLR.01	32	LT	RotationOnDRC
0019	SIEMENS DLR.01	40	LT	ReaderType
0019	SIEMENS DLR.01	41	LT	SubModality
0019	SIEMENS DLR.01	42	LT	ReaderSerialNumber
0019	SIEMENS DLR.01	50	LT	CassetteScale
0019	SIEMENS DLR.01	51	LT	CassetteMatrix
0019	SIEMENS DLR.01	52	LT	CassetteSubmatrix
0019	SIEMENS DLR.01	53	LT	Barcode
0019	SIEMENS DLR.01	60	LT	ContrastType
0019	SIEMENS DLR.01	61	LT	RotationAmount
0019	SIEMENS DLR.01	62	LT	RotationCenter
0019	SIEMENS DLR.01	63	LT	DensityShift
0019	SIEMENS DLR.01	64	US	FrequencyRank
0019	SIEMENS DLR.01	65	LT	FrequencyEnhancement
0019	SIEMENS DLR.01	66	LT	FrequencyType
0019	SIEMENS DLR.01	67	LT	KernelLength
0019	SIEMENS DLR.01	68	UL	KernelMode
0019	SIEMENS DLR.01	69	UL	ConvolutionMode
0019	SIEMENS DLR.01	70	LT	PLASource
0019	SIEMENS DLR.01	71	LT	PLADestination
0019	SIEMENS DLR.01	75	LT	UIDOriginalImage
0019	SIEMENS DLR.01	76	LT	
0019	SIEMENS DLR.01	80	LT	ReaderHeader
0019	SIEMENS DLR.01	90	LT	PLAOfSecondaryDestination
0019	SIEMENS DLR.01	A0	DS	
0019	SIEMENS DLR.01	A1	DS	
0019	SIEMENS MED	01	SS	
0019	SIEMENS MED	02	SS	
0019	SIEMENS MED	03	SS	
0019	SIEMENS MED	04	ST	
0019	SIEMENS MED	05	ST	
0019	SIEMENS MED	06	SL	
0019	SIEMENS MED	07	SL	
0019	SIEMENS MED	08	SS	
0019	SIEMENS MED	09	SS	
0019	SIEMENS MED	0A	ST	
0019	SIEMENS MED	0B	ST	
0019	SIEMENS MED	0C	SS	
0019	SIEMENS MED	0D	ST	
0019	SIEMENS MED	0E	ST	
0019	SIEMENS MED	0F	SL	
0019	SIEMENS MED	11	ST	
0019	SIEMENS MED	12	ST	
0019	SIEMENS MED	13	SS	
0019	SIEMENS MED	14	SS	
0019	SIEMENS MED	15	SS	
0019	SIEMENS MED	16	SS	
0019	SIEMENS MED	17	SS	
0019	SIEMENS MED	18	SS	
0019	SIEMENS MED	19	SS	
0019	SIEMENS MED	1A	SS	
0019	SIEMENS MED	1B	SS	
0019	SIEMENS MED	1C	SS	
0019	SIEMENS MED	1D	SS	
0019	SIEMENS MED	20	SL	
0019	SIEMENS MED	21	SL	
0019	SIEMENS MED	22	SL	
0019	SIEMENS MED	23	SS	
0019	SIEMENS MED	24	SL	
0019	SIEMENS MED	25	SL	
0019	SIEMENS MED	26	SL	
0019	SIEMENS MED	27	SL	
0019	SIEMENS MED	30	SL	
0019	SIEMENS MED	31	SL	
0019	SIEMENS MED	32	SL	
0019	SIEMENS MED	41	SS	
0019	SIEMENS MED	42	SS	
0019	SIEMENS MED	43	SS	
0019	SIEMENS MED	44	SS	
0019	SIEMENS MED	45	SL	
0019	SIEMENS MED	47	SL	
0019	SIEMENS MED	48	ST	
0019	SIEMENS MED	49	SL	
0019	SIEMENS MED	4A	SS	
0019	SIEMENS MED	4B	SS	
0019	SIEMENS MED	4C	SL	
0019	SIEMENS MED	4E	SS	
0019	SIEMENS MED	4F	SS	
0019	SIEMENS MED	50	SS	
0019	SIEMENS MED	51	SS	
0019	SIEMENS MED	52	SS	
0019	SIEMENS MED	53	SS	
0019	SIEMENS MED	54	ST	
0019	SIEMENS MED	55	SS	
0019	SIEMENS MED	56	SS	
0019	SIEMENS MED	57	SS	
0019	SIEMENS MED	58	SS	
0019	SIEMENS MED	59	SS	
0019	SIEMENS MED	5A	ST	
0019	SIEMENS MED	5B	SS	
0019	SIEMENS MED	5C	SS	
0019	SIEMENS MED	5D	SS	
0019	SIEMENS MED	5E	SS	
0019	SIEMENS MED	5F	SS	
0019	SIEMENS MED	60	SS	
0019	SIEMENS MED	61	SS	
0019	SIEMENS MED	62	SS	
0019	SIEMENS MED	63	SS	
0019	SIEMENS MED	64	SS	
0019	SIEMENS MED	65	SS	
0019	SIEMENS MED	66	SS	
0019	SIEMENS MED	67	SS	
0019	SIEMENS MED	68	SL	
0019	SIEMENS MED	69	SS	
0019	SIEMENS MED	6A	SS	
0019	SIEMENS MED	6B	SL	
0019	SIEMENS MED	6C	SL	
0019	SIEMENS MED	6D	SS	
0019	SIEMENS MED	6E	SS	
0019	SIEMENS MED	6F	SS	
0019	SIEMENS MED	70	ST	
0019	SIEMENS MED	71	ST	
0019	SIEMENS MED	72	SL	
0019	SIEMENS MED	73	SL	
0019	SIEMENS MED	74	SS	
0019	SIEMENS MED	75	SS	
0019	SIEMENS MED	76	SS	
0019	SIEMENS MED	77	SS	
0019	SIEMENS MED	78	SS	
0019	SIEMENS MED	7F	SS	
0019	SIEMENS MED	80	SS	
0019	SIEMENS MED	81	SS	
0019	SIEMENS MED	82	SL	
0019	SIEMENS MED	83	SS	
0019	SIEMENS MED	84	SS	
0019	SIEMENS MED	85	SS	
0019	SIEMENS MED	86	SS	
0019	SIEMENS MED	87	SS	
0019	SIEMENS MED	88	SL	
0019	SIEMENS MED	89	SS	
0019	SIEMENS MED	8A	SL	
0019	SIEMENS MED	8D	SL	
0019	SIEMENS MED	8E	SL	
0019	SIEMENS MED	91	SL	
0019	SIEMENS MED	92	SL	
0019	SIEMENS MED	93	SL	
0019	SIEMENS MED	94	SS	
0019	SIEMENS MED	95	SS	
0019	SIEMENS MED	96	SL	
0019	SIEMENS MED	97	SS	
0019	SIEMENS MED	A0	SS	
0019	SIEMENS MED	A1	SS	
0019	SIEMENS MED	A2	SL	
0019	SIEMENS MED	A3	SL	
0019	SIEMENS MED	A4	SL	
0019	SIEMENS MED	C0	SL	
0019	SIEMENS MED	C1	SS	
0019	SIEMENS MED	C2	SS	
0019	SIEMENS MED	F0	SL	
0019	SIEMENS MED NM	01	SS	Number of detectors
0019	SIEMENS MED NM	02	SS	Number of scalers
0019	SIEMENS MED NM	03	SS	Scaler Index
0019	SIEMENS MED NM	04	DS	Radionuclide Units
0019	SIEMENS MED NM	05	DS	Radiopharmaceutical
0019	SIEMENS MED NM	06	FL	Display Magnification
0019	SIEMENS MED NM	07	SL	Scaler Counts
0019	SIEMENS MED NM	08	SS	Processed Flag 0 Raw 1 Process
0019	SIEMENS MED NM	09	SS	MicroDELTA Parameter Blocks
0019	SIEMENS MED NM	0A	LO	MicroDELTA File Extension
0019	SIEMENS MED NM	0B	LO	MicroDELTA Write ID
0019	SIEMENS MED NM	0C	SS	MicroDELTA Write Version
0019	SIEMENS MED NM	0D	CS	MicroDELTA Mode
0019	SIEMENS MED NM	0E	LO	MicroDELTA ESFR
0019	SIEMENS MED NM	0F	SL	Siemens ICON Data Type
0019	SIEMENS MED NM	10	OW	MicroDELTA Expansion Blocks
0019	SIEMENS MED NM	11	CS	MicroDELTA Version
0019	SIEMENS MED NM	12	LO	MicroDELTA Trend
0019	SIEMENS MED NM	13	SS	MicroDELTA Number of Overlays
0019	SIEMENS MED NM	14	SS	MicroDELTA Overlay Block
0019	SIEMENS MED NM	15	SS	MicroDELTA Color Table Extra
0019	SIEMENS MED NM	16	SS	Number of Views
0019	SIEMENS MED NM	17	SS	MicroDELTA Thyroid Markers
0019	SIEMENS MED NM	18	SS	MicroDELTA Color Table Used
0019	SIEMENS MED NM	19	SS	Save Screen Flag 1 SaveScreen
0019	SIEMENS MED NM	1A	SS	MicroDELTA Overlay Map
0019	SIEMENS MED NM	1B	SS	SGI Converted LookUp Table
0019	SIEMENS MED NM	1C	SS	MicroDELTA Mystery1
0019	SIEMENS MED NM	1D	SS	MicroDELTA Mystery2
0019	SIEMENS MED NM	20	FL	Time of Lasix Administration
0019	SIEMENS MED NM	21	FL	Lasix Dose mg
0019	SIEMENS MED NM	22	FL	Bladder Esidual Volume cc
0019	SIEMENS MED NM	23	SS	Bladder Image Extension
0019	SIEMENS MED NM	24	FL	Serum Creatinine mg/dl
0019	SIEMENS MED NM	25	FL	TER
0019	SIEMENS MED NM	26	FL	TER Lower Limit
0019	SIEMENS MED NM	27	FL	Body Surface Area m2
0019	SIEMENS MED NM	30	FL	CTQ Normal Margin
0019	SIEMENS MED NM	31	FL	CTQ Abnormal Sagittal Margin
0019	SIEMENS MED NM	32	FL	CTQ Abnormal Oblique Margin
0019	SIEMENS MED NM	41	SS	Accepted Beats
0019	SIEMENS MED NM	42	SS	Rejected Beats
0019	SIEMENS MED NM	43	SS	Percent of R-R Interval Framed
0019	SIEMENS MED NM	44	SS	Beats Rejected Post PVC
0019	SIEMENS MED NM	45	FL	Trigger Source
0019	SIEMENS MED NM	47	FL	Beat Rejection Parameter
0019	SIEMENS MED NM	48	SH	Rejection Scheme
0019	SIEMENS MED NM	49	FL	PVC Threshold msec
0019	SIEMENS MED NM	4A	SS	Framing Mode 1 Forward 2 F/B
0019	SIEMENS MED NM	4B	SS	Autobeat Window 0 No 1 Yes
0019	SIEMENS MED NM	4C	FL	MicroDELTA Acquisition Time per Window msec
0019	SIEMENS MED NM	4E	SS	CTQ Unknown Entry Count
0019	SIEMENS MED NM	4F	SS	CTQ Matrix Size
0019	SIEMENS MED NM	50	SS	CTQ has been used
0019	SIEMENS MED NM	51	SS	CTQ Male Entry Count
0019	SIEMENS MED NM	52	SS	CTQ Female Entry Count
0019	SIEMENS MED NM	53	SS	CTQ Stress/Rest Time Delay
0019	SIEMENS MED NM	54	CS	CTQ Time Delay Units
0019	SIEMENS MED NM	55	SS	CTQ Min Oblique Stack Count
0019	SIEMENS MED NM	56	SS	CTQ Max Oblique Stack Count
0019	SIEMENS MED NM	57	SS	CTQ Min Sagittal Stack Count
0019	SIEMENS MED NM	58	SS	CTQ Max Sagittal Stack Count
0019	SIEMENS MED NM	59	SS	CTQ Min Radius Percent
0019	SIEMENS MED NM	5A	UL	CTQ Find Max or Average Flag
0019	SIEMENS MED NM	5B	SS	CTQ Basal Slice Index Offset
0019	SIEMENS MED NM	5C	SS	CTQ Starting Line Index
0019	SIEMENS MED NM	5D	SS	CTQ Line Counts
0019	SIEMENS MED NM	5E	SS	CTQ Radii Counts
0019	SIEMENS MED NM	5F	SS	CTQ Radial Angle Increment
0019	SIEMENS MED NM	60	SS	Whole Body Processed Flag 0:Raw 1:Img1-Img2 2:Im
0019	SIEMENS MED NM	61	SS	Whole Body View
0019	SIEMENS MED NM	62	SS	WB Display Field Length in cm
0019	SIEMENS MED NM	63	SS	WB Scan Length in cm
0019	SIEMENS MED NM	64	SS	WB Scan Speed cm/min
0019	SIEMENS MED NM	65	SS	WB Scan Speed Mode 0 Manual 1 Auto
0019	SIEMENS MED NM	66	SS	WB Scan Start 0 Head 1 Feet
0019	SIEMENS MED NM	67	SS	WB Scan Direction 0 Lt to Rt 1 Rt to Lt
0019	SIEMENS MED NM	68	FL	WB Aperature Width in cm
0019	SIEMENS MED NM	69	SS	WB Number of Passes
0019	SIEMENS MED NM	6A	SS	WB Scan Time msec
0019	SIEMENS MED NM	6B	FL	WB Anterior kCounts View 1
0019	SIEMENS MED NM	6C	FL	WB Anterior kCounts View 2
0019	SIEMENS MED NM	6D	FL	WB Count Density
0019	SIEMENS MED NM	6E	SS	WB Reference View Flag 1 Ref
0019	SIEMENS MED NM	6F	FL	WB Coun Density Speed cm/min
0019	SIEMENS MED NM	70	CS	WB Scan Type
0019	SIEMENS MED NM	71	LO	WB IRIS Corr. File Name
0019	SIEMENS MED NM	72	FL	WB Posterior kCounts View 1
0019	SIEMENS MED NM	73	FL	WB Posterior kCounts View 2
0019	SIEMENS MED NM	74	SS	WB Ant View Status No Img 1 Complete 2 Aborted
0019	SIEMENS MED NM	75	SS	WB Post View Status No Img 1 Complete 2 Aborted
0019	SIEMENS MED NM	76	SS	WB Post Scan Time msec
0019	SIEMENS MED NM	77	SS	WB Ant Pixel Overflow 1 Yes
0019	SIEMENS MED NM	78	SS	WB Post Pixel Overflow 1 Yes
0019	SIEMENS MED NM	7F	SS	Segment Type 0 Segments 2 Time/Segment
0019	SIEMENS MED NM	80	SS	Number of Segments
0019	SIEMENS MED NM	81	SS	PVC Rejection Flag 1 Reject
0019	SIEMENS MED NM	82	SL	Total Counts Framed
0019	SIEMENS MED NM	83	SS	Total Beats Framed
0019	SIEMENS MED NM	84	SS	Present Time of Day
0019	SIEMENS MED NM	85	SS	Framed Counts
0019	SIEMENS MED NM	86	SS	Time per Segment msec
0019	SIEMENS MED NM	87	LT	BBA Miscellaneous Info
0019	SIEMENS MED NM	88	SL	Tolerance %
0019	SIEMENS MED NM	89	SS	SWG
0019	SIEMENS MED NM	8A	SL	R-R Interval msec
0019	SIEMENS MED NM	8D	SL	Total Counts in Acquisition
0019	SIEMENS MED NM	8E	SL	Rejection Type
0019	SIEMENS MED NM	91	FL	Phase Total Counts
0019	SIEMENS MED NM	92	SL	Phase Pause msec
0019	SIEMENS MED NM	93	SL	Phase Start msec
0019	SIEMENS MED NM	94	SS	Window Center Method 0 Avg 1 Peak
0019	SIEMENS MED NM	95	SS	Number of Beats to Average
0019	SIEMENS MED NM	96	FL	Histogram Bin Interval msec
0019	SIEMENS MED NM	97	SS	Counts in Peak Bin
0019	SIEMENS MED NM	A0	SS	VPDs Detected
0019	SIEMENS MED NM	A1	SS	Number of Phases
0019	SIEMENS MED NM	A2	SL	Requested Frame Duration msec
0019	SIEMENS MED NM	A3	SL	Frames per Phase
0019	SIEMENS MED NM	A4	SL	Frame Pause msec
0019	SIEMENS MED NM	A5	SS	Number of repeats per phase
0019	SIEMENS MED NM	A6	SS	Cycles per repeat
0019	SIEMENS MED NM	A7	SL	Repeat start time
0019	SIEMENS MED NM	A8	SL	Repeat stop time
0019	SIEMENS MED NM	A9	SL	Effective repeat time
0019	SIEMENS MED NM	AA	SS	Acquired cycles per repeat
0019	SIEMENS MED NM	C0	FL	Head Tilt degrees
0019	SIEMENS MED NM	C1	SS	Uniformity Correction Flag
0019	SIEMENS MED NM	C2	SS	Overflow Flag
0019	SIEMENS MED NM	C3	ST	
0019	SIEMENS MED NM	F0	FL	Pixel Dimensions
0019	SIEMENS MED SMS USG ANTARES	00	SH	Private Creator Version
0019	SIEMENS MED SMS USG ANTARES	03	FD	Frame Rate
0019	SIEMENS MED SMS USG ANTARES	0C	US	Burned in Graphics
0019	SIEMENS MED SMS USG ANTARES	0D	SH	SieClear Index
0019	SIEMENS MED SMS USG ANTARES	20	SH	B-Mode Submode
0019	SIEMENS MED SMS USG ANTARES	21	FD	B-Mode Dynamic Range
0019	SIEMENS MED SMS USG ANTARES	22	FD	B-Mode Overall Gain
0019	SIEMENS MED SMS USG ANTARES	23	US	B-Mode Res/Speed Index
0019	SIEMENS MED SMS USG ANTARES	24	US	B-Mode Edge Enhance Index
0019	SIEMENS MED SMS USG ANTARES	25	US	B-Mode Persistence Index
0019	SIEMENS MED SMS USG ANTARES	26	US	B-Mode Map Index
0019	SIEMENS MED SMS USG ANTARES	27	US	???
0019	SIEMENS MED SMS USG ANTARES	28	US	???
0019	SIEMENS MED SMS USG ANTARES	29	US	???
0019	SIEMENS MED SMS USG ANTARES	2A	US	B-Mode Tint Type
0019	SIEMENS MED SMS USG ANTARES	2D	US	B-Mode Tint Index
0019	SIEMENS MED SMS USG ANTARES	2E	SH	ClarifyVE Index
0019	SIEMENS MED SMS USG ANTARES	31	US	
0019	SIEMENS MED SMS USG ANTARES	3B	LT	Protocol Info CalcGroups
0019	SIEMENS MED SMS USG ANTARES	67	US	
0019	SIEMENS MED SMS USG ANTARES	6A	US	Doppler Trace Inverted
0019	SIEMENS MED SMS USG ANTARES	6C	US	Doppler Tint Type
0019	SIEMENS MED SMS USG ANTARES	A0	LT	
0019	SIEMENS MED SMS USG S2000	00	SH	Private Creator Version
0019	SIEMENS MED SMS USG S2000	03	FD	Frame Rate
0019	SIEMENS MED SMS USG S2000	0C	US	Burned in Graphics
0019	SIEMENS MED SMS USG S2000	0D	SH	SieClear Index
0019	SIEMENS MED SMS USG S2000	20	SH	B-Mode Submode
0019	SIEMENS MED SMS USG S2000	21	FD	B-Mode Dynamic Range
0019	SIEMENS MED SMS USG S2000	22	FD	B-Mode Overall Gain
0019	SIEMENS MED SMS USG S2000	23	US	B-Mode Res/Speed Index
0019	SIEMENS MED SMS USG S2000	24	US	B-Mode Edge Enhance Index
0019	SIEMENS MED SMS USG S2000	25	US	B-Mode Persistence Index
0019	SIEMENS MED SMS USG S2000	26	US	B-Mode Map Index
0019	SIEMENS MED SMS USG S2000	27	US	??
0019	SIEMENS MED SMS USG S2000	28	US	??
0019	SIEMENS MED SMS USG S2000	29	US	??
0019	SIEMENS MED SMS USG S2000	2A	US	B-Mode Tint Type
0019	SIEMENS MED SMS USG S2000	2D	US	B-Mode Tint Index
0019	SIEMENS MED SMS USG S2000	2E	SH	ClarifyVE Index
0019	SIEMENS MED SMS USG S2000	3B	LT	IPDA/MDA Data
0019	SIEMENS MED SMS USG S2000	3C	UT	Thumbnail Data
0019	SIEMENS MED SP DXMG WH AWS 1	01	UL	AEC Coordinates
0019	SIEMENS MED SP DXMG WH AWS 1	02	US	AEC Coordinates Size
0019	SIEMENS MED SP DXMG WH AWS 1	10	ST	Derivation Description
0019	SIEMENS MR HEADER	08	CS	CSA Image Header Type
0019	SIEMENS MR HEADER	09	LO	CSA Image Header Version ??
0019	SIEMENS MR HEADER	0A	US	NumberOfImagesInMosaic
0019	SIEMENS MR HEADER	0B	DS	SliceMeasurementDuration
0019	SIEMENS MR HEADER	0C	IS	B_value
0019	SIEMENS MR HEADER	0D	CS	DiffusionDirectionality
0019	SIEMENS MR HEADER	0E	FD	DiffusionGradientDirection
0019	SIEMENS MR HEADER	0F	SH	GradientMode
0019	SIEMENS MR HEADER	11	SH	FlowCompensation
0019	SIEMENS MR HEADER	12	SL	TablePositionOrigin
0019	SIEMENS MR HEADER	13	SL	ImaAbsTablePosition
0019	SIEMENS MR HEADER	14	IS	ImaRelTablePosition
0019	SIEMENS MR HEADER	15	FD	SlicePosition_PCS
0019	SIEMENS MR HEADER	16	DS	TimeAfterStart
0019	SIEMENS MR HEADER	17	DS	SliceResolution
0019	SIEMENS MR HEADER	18	IS	RealDwellTime
0019	SIEMENS MR HEADER	23	IS	FMRIStimulInfo
0019	SIEMENS MR HEADER	24	FD	
0019	SIEMENS MR HEADER	25	FD	RBMoCoTrans
0019	SIEMENS MR HEADER	26	FD	RBMoCoRot
0019	SIEMENS MR HEADER	27	FD	B_matrix
0019	SIEMENS MR HEADER	28	FD	BandwidthPerPixelPhaseEncode
0019	SIEMENS MR HEADER	29	FD	MosaicRefAcqTimes
0019	SIEMENS MR VA0  COAD	12	DS	MagneticFieldStrength
0019	SIEMENS MR VA0  COAD	14	DS	ADCVoltage
0019	SIEMENS MR VA0  COAD	16	DS	ADCOffset
0019	SIEMENS MR VA0  COAD	20	DS	TransmitterAmplitude
0019	SIEMENS MR VA0  COAD	21	IS	NumberOfTransmitterAmplitudes
0019	SIEMENS MR VA0  COAD	22	DS	TransmitterAttenuator
0019	SIEMENS MR VA0  COAD	24	DS	TransmitterCalibration
0019	SIEMENS MR VA0  COAD	26	DS	TransmitterReference
0019	SIEMENS MR VA0  COAD	50	DS	ReceiverTotalGain
0019	SIEMENS MR VA0  COAD	51	DS	ReceiverAmplifierGain
0019	SIEMENS MR VA0  COAD	52	DS	ReceiverPreamplifierGain
0019	SIEMENS MR VA0  COAD	54	DS	ReceiverCableAttenuation
0019	SIEMENS MR VA0  COAD	55	DS	ReceiverReferenceGain
0019	SIEMENS MR VA0  COAD	56	DS	ReceiverFilterFrequency
0019	SIEMENS MR VA0  COAD	60	DS	ReconstructionScaleFactor
0019	SIEMENS MR VA0  COAD	62	DS	ReferenceScaleFactor
0019	SIEMENS MR VA0  COAD	70	DS	PhaseGradientAmplitude
0019	SIEMENS MR VA0  COAD	71	DS	ReadoutGradientAmplitude
0019	SIEMENS MR VA0  COAD	72	DS	SelectionGradientAmplitude
0019	SIEMENS MR VA0  COAD	80	DS	GradientDelayTime
0019	SIEMENS MR VA0  COAD	82	DS	TotalGradientDelayTime
0019	SIEMENS MR VA0  COAD	90	LT	SensitivityCorrectionLabel
0019	SIEMENS MR VA0  COAD	91	DS	SaturationPhaseEncodingVectorCoronalComponent
0019	SIEMENS MR VA0  COAD	92	DS	SaturationReadoutVectorCoronalComponent
0019	SIEMENS MR VA0  COAD	A0	US	RFWatchdogMask
0019	SIEMENS MR VA0  COAD	A1	DS	EPIReconstructionSlope
0019	SIEMENS MR VA0  COAD	A2	DS	RFPowerErrorIndicator
0019	SIEMENS MR VA0  COAD	A5	DS	SpecificAbsorptionRateWholeBody
0019	SIEMENS MR VA0  COAD	A6	DS	SpecificEnergyDose
0019	SIEMENS MR VA0  COAD	B0	UL	AdjustmentStatusMask
0019	SIEMENS MR VA0  COAD	C1	DS	EPICapacity
0019	SIEMENS MR VA0  COAD	C2	DS	EPIInductance
0019	SIEMENS MR VA0  COAD	C3	IS	EPISwitchConfigurationCode
0019	SIEMENS MR VA0  COAD	C4	IS	EPISwitchHardwareCode
0019	SIEMENS MR VA0  COAD	C5	DS	EPISwitchDelayTime
0019	SIEMENS MR VA0  COAD	D1	DS	FlowSensitivity
0019	SIEMENS MR VA0  COAD	D2	LT	CalculationSubmode
0019	SIEMENS MR VA0  COAD	D3	DS	FieldOfViewRatio
0019	SIEMENS MR VA0  COAD	D4	IS	BaseRawMatrixSize
0019	SIEMENS MR VA0  COAD	D5	IS	2DOversamplingLines
0019	SIEMENS MR VA0  COAD	D6	IS	3DPhaseOversamplingPartitions
0019	SIEMENS MR VA0  COAD	D7	IS	EchoLinePosition
0019	SIEMENS MR VA0  COAD	D8	IS	EchoColumnPosition
0019	SIEMENS MR VA0  COAD	D9	IS	LinesPerSegment
0019	SIEMENS MR VA0  COAD	DA	LT	PhaseCodingDirection
0019	SIEMENS MR VA0  GEN	10	DS	TotalMeasurementTimeNominal
0019	SIEMENS MR VA0  GEN	11	DS	TotalMeasurementTimeCurrent
0019	SIEMENS MR VA0  GEN	12	DS	StartDelayTime
0019	SIEMENS MR VA0  GEN	13	DS	DwellTime
0019	SIEMENS MR VA0  GEN	14	IS	NumberOfPhases
0019	SIEMENS MR VA0  GEN	16	UL	SequenceControlMask
0019	SIEMENS MR VA0  GEN	18	UL	MeasurementStatusMask
0019	SIEMENS MR VA0  GEN	20	IS	NumberOfFourierLinesNominal
0019	SIEMENS MR VA0  GEN	21	IS	NumberOfFourierLinesCurrent
0019	SIEMENS MR VA0  GEN	26	IS	NumberOfFourierLinesAfterZero
0019	SIEMENS MR VA0  GEN	28	IS	FirstMeasuredFourierLine
0019	SIEMENS MR VA0  GEN	30	IS	AcquisitionColumns
0019	SIEMENS MR VA0  GEN	31	IS	ReconstructionColumns
0019	SIEMENS MR VA0  GEN	40	IS	ArrayCoilElementNumber
0019	SIEMENS MR VA0  GEN	41	UL	ArrayCoilElementSelectMask
0019	SIEMENS MR VA0  GEN	42	UL	ArrayCoilElementDataMask
0019	SIEMENS MR VA0  GEN	43	IS	ArrayCoilElementToADCConnect
0019	SIEMENS MR VA0  GEN	44	DS	ArrayCoilElementNoiseLevel
0019	SIEMENS MR VA0  GEN	45	IS	ArrayCoilADCPairNumber
0019	SIEMENS MR VA0  GEN	46	UL	ArrayCoilCombinationMask
0019	SIEMENS MR VA0  GEN	50	IS	NumberOfAverages
0019	SIEMENS MR VA0  GEN	60	DS	FlipAngle
0019	SIEMENS MR VA0  GEN	70	IS	NumberOfPrescans
0019	SIEMENS MR VA0  GEN	81	LT	FilterTypeForRawData
0019	SIEMENS MR VA0  GEN	82	DS	FilterParameterForRawData
0019	SIEMENS MR VA0  GEN	83	LT	FilterTypeForImageData
0019	SIEMENS MR VA0  GEN	84	DS	FilterParameterForImageData
0019	SIEMENS MR VA0  GEN	85	LT	FilterTypeForPhaseCorrection
0019	SIEMENS MR VA0  GEN	86	DS	FilterParameterForPhaseCorrection
0019	SIEMENS MR VA0  GEN	87	LT	NormalizationFilterTypeForImageData
0019	SIEMENS MR VA0  GEN	88	DS	NormalizationFilterParameterForImageData
0019	SIEMENS MR VA0  GEN	90	IS	NumberOfSaturationRegions
0019	SIEMENS MR VA0  GEN	91	DS	SaturationPhaseEncodingVectorSagittalComponent
0019	SIEMENS MR VA0  GEN	92	DS	SaturationReadoutVectorSagittalComponent
0019	SIEMENS MR VA0  GEN	93	DS	EPIStimulationMonitorMode
0019	SIEMENS MR VA0  GEN	94	DS	ImageRotationAngle
0019	SIEMENS MR VA0  GEN	96	UL	CoilIDMask
0019	SIEMENS MR VA0  GEN	97	UL	CoilClassMask
0019	SIEMENS MR VA0  GEN	98	DS	CoilPosition
0019	SIEMENS MR VA0  GEN	A0	DS	EPIReconstructionPhase
0019	SIEMENS MR VA0  GEN	A1	DS	EPIReconstructionSlope
0019	SIEMENS RA GEN	15	LO	AcquiredPlane
0019	SIEMENS RA GEN	1F	SS	DefaultTableIsoCenterHeight
0019	SIEMENS RA GEN	20	SL	SceneFlag
0019	SIEMENS RA GEN	22	SL	RefPhotofileFlag
0019	SIEMENS RA GEN	24	LO	SceneName
0019	SIEMENS RA GEN	26	SS	AcquisitionIndex
0019	SIEMENS RA GEN	28	SS	MixedPulseMode
0019	SIEMENS RA GEN	2A	SS	NoOfPositions
0019	SIEMENS RA GEN	2C	SS	NoOfPhases
0019	SIEMENS RA GEN	2E	SS	FrameRateForPositions
0019	SIEMENS RA GEN	30	SS	NoOfFramesForPositions
0019	SIEMENS RA GEN	32	SS	SteppingDirection
0019	SIEMENS RA GEN	34	US	
0019	SIEMENS RA GEN	36	US	
0019	SIEMENS RA GEN	38	US	
0019	SIEMENS RA GEN	3A	US	
0019	SIEMENS RA GEN	3C	US	
0019	SIEMENS RA GEN	3E	US	
0019	SIEMENS RA GEN	40	US	
0019	SIEMENS RA GEN	42	US	
0019	SIEMENS RA GEN	44	SS	ImageTransferDelay
0019	SIEMENS RA GEN	46	SL	InversFlag
0019	SIEMENS RA GEN	48	US	
0019	SIEMENS RA GEN	4A	US	
0019	SIEMENS RA GEN	4C	SS	BlankingCircleDiameter
0019	SIEMENS RA GEN	50	SL	StandDataValid
0019	SIEMENS RA GEN	52	SS	TableTilt
0019	SIEMENS RA GEN	54	SS	TableAxisRotation
0019	SIEMENS RA GEN	56	SS	TableLongitudalPosition
0019	SIEMENS RA GEN	58	SS	TableSideOffset
0019	SIEMENS RA GEN	5A	SS	TableIsoCenterHeight
0019	SIEMENS RA GEN	5E	SL	CollimationDataValid
0019	SIEMENS RA GEN	60	SL	PeriSequenceNo
0019	SIEMENS RA GEN	62	SL	PeriTotalScenes
0019	SIEMENS RA GEN	64	SL	PeriOverlapTop
0019	SIEMENS RA GEN	66	SL	PeriOverlapBottom
0019	SIEMENS RA GEN	68	SL	RawImageNumber
0019	SIEMENS RA GEN	6A	SL	XRayDataValid
0019	SIEMENS RA GEN	70	US	
0019	SIEMENS RA GEN	72	US	
0019	SIEMENS RA GEN	74	US	
0019	SIEMENS RA GEN	76	SL	FillingAverageFactor
0019	SIEMENS RA GEN	78	US	
0019	SIEMENS RA GEN	7A	US	
0019	SIEMENS RA GEN	7C	US	
0019	SIEMENS RA GEN	7E	US	
0019	SIEMENS RA GEN	80	US	
0019	SIEMENS RA GEN	82	US	
0019	SIEMENS RA GEN	84	US	
0019	SIEMENS RA GEN	86	US	
0019	SIEMENS RA GEN	88	US	
0019	SIEMENS RA GEN	8A	US	
0019	SIEMENS RA GEN	8C	US	
0019	SIEMENS RA GEN	8E	US	
0019	SIEMENS RA GEN	92	US	
0019	SIEMENS RA GEN	94	US	
0019	SIEMENS RA GEN	96	US	
0019	SIEMENS RA GEN	98	US	
0019	SIEMENS RA GEN	9A	US	
0019	SIEMENS RA GEN	9C	SL	IntensifierLevelCalibrationFactor
0019	SIEMENS RA GEN	9E	SL	NativeReviewFlag
0019	SIEMENS RA GEN	A2	SL	SceneNumber
0019	SIEMENS RA GEN	A4	SS	AcquisitionMode
0019	SIEMENS RA GEN	A5	SS	AcquisitonFrameRate
0019	SIEMENS RA GEN	A6	SL	ECGFlag
0019	SIEMENS RA GEN	A7	SL	AdditionalSceneData
0019	SIEMENS RA GEN	A8	SL	FileCopyFlag
0019	SIEMENS RA GEN	A9	SL	PhlebovisionFlag
0019	SIEMENS RA GEN	AA	SL	Co2Flag
0019	SIEMENS RA GEN	AB	SS	MaxSpeed
0019	SIEMENS RA GEN	AC	SS	StepWidth
0019	SIEMENS RA GEN	AD	SL	DigitalAcquisitionZoom
0019	SIEMENS RA GEN	FF	SS	Internal
0019	SIEMENS RA PLANE A	15	LT	OfflineUID
0019	SIEMENS RA PLANE A	18	SS	Internal
0019	SIEMENS RA PLANE A	19	SS	Internal
0019	SIEMENS RA PLANE A	1A	SS	Internal
0019	SIEMENS RA PLANE A	1B	SS	Internal
0019	SIEMENS RA PLANE A	1C	SS	Internal
0019	SIEMENS RA PLANE A	1D	SS	Internal
0019	SIEMENS RA PLANE A	1E	SS	Internal
0019	SIEMENS RA PLANE A	1F	SS	Internal
0019	SIEMENS RA PLANE A	20	SS	SystemCalibFactorPlaneA
0019	SIEMENS RA PLANE A	22	SS	XRayParameterSetNo
0019	SIEMENS RA PLANE A	24	SS	XRaySystem
0019	SIEMENS RA PLANE A	26	US	
0019	SIEMENS RA PLANE A	28	SS	AcquiredDisplayMode
0019	SIEMENS RA PLANE A	2A	SS	AcquisitionDelay
0019	SIEMENS RA PLANE A	2C	US	
0019	SIEMENS RA PLANE A	2E	SS	MaxFramesLimit
0019	SIEMENS RA PLANE A	30	US	MaximumFrameSizeNIU
0019	SIEMENS RA PLANE A	32	SS	SubtractedFilterType
0019	SIEMENS RA PLANE A	34	SS	FilterFactorNative
0019	SIEMENS RA PLANE A	36	SS	AnatomicBackgroundFactor
0019	SIEMENS RA PLANE A	38	SS	WindowUpperLimitNative
0019	SIEMENS RA PLANE A	3A	SS	WindowLowerLimitNative
0019	SIEMENS RA PLANE A	3C	SS	WindowBrightnessPhase1
0019	SIEMENS RA PLANE A	3E	SS	WindowBrightnessPhase2
0019	SIEMENS RA PLANE A	40	SS	WindowContrastPhase1
0019	SIEMENS RA PLANE A	42	SS	WindowContrastPhase2
0019	SIEMENS RA PLANE A	44	SS	FilterFactorSub
0019	SIEMENS RA PLANE A	46	SS	PeakOpacified
0019	SIEMENS RA PLANE A	48	SL	MaskFrame
0019	SIEMENS RA PLANE A	4A	SL	BIHFrame
0019	SIEMENS RA PLANE A	4C	SS	CentBeamAngulationCaudCran
0019	SIEMENS RA PLANE A	4E	SS	CentBeamAngulationLRAnterior
0019	SIEMENS RA PLANE A	50	SS	LongitudinalPosition
0019	SIEMENS RA PLANE A	52	SS	SideOffset
0019	SIEMENS RA PLANE A	54	SS	IsoCenterHeight
0019	SIEMENS RA PLANE A	56	SS	ImageTwist
0019	SIEMENS RA PLANE A	58	SS	SourceImageDistance
0019	SIEMENS RA PLANE A	5A	SS	MechanicalMagnificationFactor
0019	SIEMENS RA PLANE A	5C	SL	CalibrationFlag
0019	SIEMENS RA PLANE A	5E	SL	CalibrationAngleCranCaud
0019	SIEMENS RA PLANE A	60	SL	CalibrationAngleRAOLAO
0019	SIEMENS RA PLANE A	62	SL	CalibrationTableToFloorDist
0019	SIEMENS RA PLANE A	64	SL	CalibrationIsocenterToFloorDist
0019	SIEMENS RA PLANE A	66	SL	CalibrationIsocenterToSourceDist
0019	SIEMENS RA PLANE A	68	SL	CalibrationSourceToII
0019	SIEMENS RA PLANE A	6A	SL	CalibrationIIZoom
0019	SIEMENS RA PLANE A	6C	SL	CalibrationIIField
0019	SIEMENS RA PLANE A	6E	SL	CalibrationFactor
0019	SIEMENS RA PLANE A	70	SL	CalibrationObjectToImageDistance
0019	SIEMENS RA PLANE A	72	SL	CalibrationSystemFactor
0019	SIEMENS RA PLANE A	74	SL	CalibrationSystemCorrection
0019	SIEMENS RA PLANE A	76	SL	CalibrationSystemIIFormats
0019	SIEMENS RA PLANE A	78	SL	CalibrationGantryDataValid
0019	SIEMENS RA PLANE A	7A	SS	CollimatorSquareBreadth
0019	SIEMENS RA PLANE A	7C	SS	CollimatorSquareHeight
0019	SIEMENS RA PLANE A	7E	SS	CollimatorSquareDiameter
0019	SIEMENS RA PLANE A	80	SS	CollimaterFingerTurnAngle
0019	SIEMENS RA PLANE A	82	SS	CollimaterFingerPosition
0019	SIEMENS RA PLANE A	84	SS	CollimaterDiaphragmTurnAngle
0019	SIEMENS RA PLANE A	86	SS	CollimaterDiaphragmPosition1
0019	SIEMENS RA PLANE A	88	SS	CollimaterDiaphragmPosition2
0019	SIEMENS RA PLANE A	8A	SS	CollimaterDiaphragmMode
0019	SIEMENS RA PLANE A	8C	SS	CollimaterBeamLimitBreadth
0019	SIEMENS RA PLANE A	8E	SS	CollimaterBeamLimitHeight
0019	SIEMENS RA PLANE A	90	SS	CollimaterBeamLimitDiameter
0019	SIEMENS RA PLANE A	92	SS	X-RayControlMOde
0019	SIEMENS RA PLANE A	94	SS	X-RaySystem
0019	SIEMENS RA PLANE A	96	SS	FocalSpot
0019	SIEMENS RA PLANE A	98	SS	ExposureControl
0019	SIEMENS RA PLANE A	9A	SL	XRayVoltage
0019	SIEMENS RA PLANE A	9C	SL	XRayCurrent
0019	SIEMENS RA PLANE A	9E	SL	XRayCurrentTimeProduct
0019	SIEMENS RA PLANE A	A0	SL	XRayPulseTime
0019	SIEMENS RA PLANE A	A2	SL	XRaySceneTimeFluoroClock
0019	SIEMENS RA PLANE A	A4	SS	MaximumPulseRate
0019	SIEMENS RA PLANE A	A6	SS	PulsesPerScene
0019	SIEMENS RA PLANE A	A8	SL	DoseAreaProductOfScene
0019	SIEMENS RA PLANE A	AA	SS	Dose
0019	SIEMENS RA PLANE A	AC	SS	DoseRate
0019	SIEMENS RA PLANE A	AE	SL	IIToCoverDistance
0019	SIEMENS RA PLANE A	B0	SS	LastFramePhase1
0019	SIEMENS RA PLANE A	B1	SS	FrameRatePhase1
0019	SIEMENS RA PLANE A	B2	SS	LastFramePhase2
0019	SIEMENS RA PLANE A	B3	SS	FrameRatePhase2
0019	SIEMENS RA PLANE A	B4	SS	LastFramePhase3
0019	SIEMENS RA PLANE A	B5	SS	FrameRatePhase3
0019	SIEMENS RA PLANE A	B6	SS	LastFramePhase4
0019	SIEMENS RA PLANE A	B7	SS	FrameRatePhase4
0019	SIEMENS RA PLANE A	B8	SS	GammaOfNativeImage
0019	SIEMENS RA PLANE A	B9	SS	GammaOfTVSystem
0019	SIEMENS RA PLANE A	BB	SL	PixelshiftX
0019	SIEMENS RA PLANE A	BC	SL	PixelshiftY
0019	SIEMENS RA PLANE A	BD	SL	MaskAverageFactor
0019	SIEMENS RA PLANE A	BE	SL	BlankingCircleFlag
0019	SIEMENS RA PLANE A	BF	SL	CircleRowStart
0019	SIEMENS RA PLANE A	C0	SL	CircleRowEnd
0019	SIEMENS RA PLANE A	C1	SL	CircleColumnStart
0019	SIEMENS RA PLANE A	C2	SL	CircleColumnEnd
0019	SIEMENS RA PLANE A	C3	SL	CircleDiameter
0019	SIEMENS RA PLANE A	C4	SL	RectangularCollimaterFlag
0019	SIEMENS RA PLANE A	C5	SL	RectangleRowStart
0019	SIEMENS RA PLANE A	C6	SL	RectangleRowEnd
0019	SIEMENS RA PLANE A	C7	SL	RectangleColumnStart
0019	SIEMENS RA PLANE A	C8	SL	RectangleColumnEnd
0019	SIEMENS RA PLANE A	C9	SL	RectangleAngulation
0019	SIEMENS RA PLANE A	CA	SL	IrisCollimatorFlag
0019	SIEMENS RA PLANE A	CB	SL	IrisRowStart
0019	SIEMENS RA PLANE A	CC	SL	IrisRowEnd
0019	SIEMENS RA PLANE A	CD	SL	IrisColumnStart
0019	SIEMENS RA PLANE A	CE	SL	IrisColumnEnd
0019	SIEMENS RA PLANE A	CF	SL	IrisAngulation
0019	SIEMENS RA PLANE A	D1	SS	NumberOfFramesPlane
0019	SIEMENS RA PLANE A	D2	SS	Internal
0019	SIEMENS RA PLANE A	D3	SS	Internal
0019	SIEMENS RA PLANE A	D4	SS	Internal
0019	SIEMENS RA PLANE A	D5	SS	Internal
0019	SIEMENS RA PLANE A	D6	SS	Internal
0019	SIEMENS RA PLANE A	D7	SS	Internal
0019	SIEMENS RA PLANE A	D8	SS	Internal
0019	SIEMENS RA PLANE A	D9	SS	Internal
0019	SIEMENS RA PLANE A	DA	SS	Internal
0019	SIEMENS RA PLANE A	DB	SS	Internal
0019	SIEMENS RA PLANE A	DC	SS	Internal
0019	SIEMENS RA PLANE A	DD	SL	AnatomicBackground
0019	SIEMENS RA PLANE A	DE	SL	AutoWindowBase
0019	SIEMENS RA PLANE A	DF	SS	Internal
0019	SIEMENS RA PLANE A	E0	SL	Internal
0019	SIEMENS RA PLANE B	18	SS	Internal
0019	SIEMENS RA PLANE B	19	SS	Internal
0019	SIEMENS RA PLANE B	1A	SS	Internal
0019	SIEMENS RA PLANE B	1B	SS	Internal
0019	SIEMENS RA PLANE B	1C	SS	Internal
0019	SIEMENS RA PLANE B	1D	SS	Internal
0019	SIEMENS RA PLANE B	1E	SS	Internal
0019	SIEMENS RA PLANE B	1F	SS	Internal
0019	SIEMENS RA PLANE B	20	SL	SystemCalibFactorPlaneB
0019	SIEMENS RA PLANE B	22	US	
0019	SIEMENS RA PLANE B	24	US	
0019	SIEMENS RA PLANE B	26	US	
0019	SIEMENS RA PLANE B	28	US	
0019	SIEMENS RA PLANE B	2A	US	
0019	SIEMENS RA PLANE B	2C	US	
0019	SIEMENS RA PLANE B	2E	US	
0019	SIEMENS RA PLANE B	30	US	
0019	SIEMENS RA PLANE B	32	US	
0019	SIEMENS RA PLANE B	34	US	
0019	SIEMENS RA PLANE B	36	US	
0019	SIEMENS RA PLANE B	38	US	
0019	SIEMENS RA PLANE B	3A	US	
0019	SIEMENS RA PLANE B	3C	US	
0019	SIEMENS RA PLANE B	3E	US	
0019	SIEMENS RA PLANE B	40	US	
0019	SIEMENS RA PLANE B	42	US	
0019	SIEMENS RA PLANE B	44	US	
0019	SIEMENS RA PLANE B	46	US	
0019	SIEMENS RA PLANE B	48	US	
0019	SIEMENS RA PLANE B	4A	US	
0019	SIEMENS RA PLANE B	4C	US	
0019	SIEMENS RA PLANE B	4E	US	
0019	SIEMENS RA PLANE B	50	US	
0019	SIEMENS RA PLANE B	52	US	
0019	SIEMENS RA PLANE B	54	US	
0019	SIEMENS RA PLANE B	56	US	
0019	SIEMENS RA PLANE B	58	US	
0019	SIEMENS RA PLANE B	5A	US	
0019	SIEMENS RA PLANE B	5C	US	
0019	SIEMENS RA PLANE B	5E	US	
0019	SIEMENS RA PLANE B	60	US	
0019	SIEMENS RA PLANE B	62	US	
0019	SIEMENS RA PLANE B	64	US	
0019	SIEMENS RA PLANE B	66	US	
0019	SIEMENS RA PLANE B	68	US	
0019	SIEMENS RA PLANE B	6A	US	
0019	SIEMENS RA PLANE B	6C	US	
0019	SIEMENS RA PLANE B	6E	US	
0019	SIEMENS RA PLANE B	70	US	
0019	SIEMENS RA PLANE B	72	UL	Calibration System Factor
0019	SIEMENS RA PLANE B	74	UL	Calibration System Correction
0019	SIEMENS RA PLANE B	76	UL	Calibration System II Formats
0019	SIEMENS RA PLANE B	78	US	
0019	SIEMENS RA PLANE B	7A	US	
0019	SIEMENS RA PLANE B	7C	US	
0019	SIEMENS RA PLANE B	7E	US	
0019	SIEMENS RA PLANE B	80	US	
0019	SIEMENS RA PLANE B	82	US	
0019	SIEMENS RA PLANE B	84	US	
0019	SIEMENS RA PLANE B	86	US	
0019	SIEMENS RA PLANE B	88	US	
0019	SIEMENS RA PLANE B	8A	US	
0019	SIEMENS RA PLANE B	8C	US	
0019	SIEMENS RA PLANE B	8E	US	
0019	SIEMENS RA PLANE B	90	US	
0019	SIEMENS RA PLANE B	92	US	
0019	SIEMENS RA PLANE B	94	US	
0019	SIEMENS RA PLANE B	96	US	
0019	SIEMENS RA PLANE B	98	US	
0019	SIEMENS RA PLANE B	9A	US	
0019	SIEMENS RA PLANE B	9C	US	
0019	SIEMENS RA PLANE B	9E	US	
0019	SIEMENS RA PLANE B	A0	US	
0019	SIEMENS RA PLANE B	A2	US	
0019	SIEMENS RA PLANE B	A4	US	
0019	SIEMENS RA PLANE B	A6	US	
0019	SIEMENS RA PLANE B	A8	US	
0019	SIEMENS RA PLANE B	AA	US	
0019	SIEMENS RA PLANE B	AC	US	
0019	SIEMENS SIENET	01	DS	
0019	SIEMENS SMS-AX  VIEW 1.0	00	US	ReviewMode
0019	SIEMENS SMS-AX  VIEW 1.0	01	US	AnatomicalBackgroundPercent
0019	SIEMENS SMS-AX  VIEW 1.0	02	US	NumberOfPhases
0019	SIEMENS SMS-AX  VIEW 1.0	03	US	ApplyAnatomicalBackground
0019	SIEMENS SMS-AX  VIEW 1.0	04	SS	PixelShiftArray
0019	SIEMENS SMS-AX  VIEW 1.0	05	US	Brightness
0019	SIEMENS SMS-AX  VIEW 1.0	06	US	Contrast
0019	SIEMENS SMS-AX  VIEW 1.0	07	US	Enabled
0019	SIEMENS SMS-AX  VIEW 1.0	08	US	NativeEdgeEnhancementPercentGain
0019	SIEMENS SMS-AX  VIEW 1.0	09	SS	NativeEdgeEnhancementLUTIndex
0019	SIEMENS SMS-AX  VIEW 1.0	0A	SS	NativeEdgeEnhancementKernelSize
0019	SIEMENS SMS-AX  VIEW 1.0	0B	US	SubtrEdgeEnhancementPercentGain
0019	SIEMENS SMS-AX  VIEW 1.0	0C	SS	SubtrEdgeEnhancementLUTIndex
0019	SIEMENS SMS-AX  VIEW 1.0	0D	SS	SubtrEdgeEnhancementKernelSize
0019	SIEMENS SMS-AX  VIEW 1.0	0E	US	FadePercent
0019	SIEMENS SMS-AX  VIEW 1.0	0F	US	FlippedBeforeLateralityApplied
0019	SIEMENS SMS-AX  VIEW 1.0	10	US	ApplyFade
0019	SIEMENS SMS-AX  VIEW 1.0	11	US	RefImages Taken
0019	SIEMENS SMS-AX  VIEW 1.0	12	US	Zoom
0019	SIEMENS SMS-AX  VIEW 1.0	13	SS	PanX
0019	SIEMENS SMS-AX  VIEW 1.0	14	SS	PanY
0019	SIEMENS SMS-AX  VIEW 1.0	15	SS	NativeEdgeEnhancementAdvPercGain
0019	SIEMENS SMS-AX  VIEW 1.0	16	SS	SubtrEdgeEnhancementAdvPercGain
0019	SIEMENS SMS-AX  VIEW 1.0	17	US	InvertFlag
0019	SIEMENS SMS-AX  VIEW 1.0	1A	OB	Quant1KOverlay
0019	SIEMENS SMS-AX  VIEW 1.0	1B	US	OriginalResolution
0019	SIEMENS SMS-AX  VIEW 1.0	1C	DS	AutoWindowCenter
0019	SIEMENS SMS-AX  VIEW 1.0	1D	DS	AutoWindowWidth
0019	SIEMENS Selma	06	IS	
0019	SIEMENS Selma	07	IS	
0019	SIEMENS Selma	08	IS	
0019	SIEMENS Selma	26	LO	
0019	SIEMENS Selma	29	LO	
0019	SIEMENS Selma	30	US	
0019	SIEMENS Selma	31	US	
0019	SIEMENS Selma	32	US	
0019	SIEMENS Selma	33	US	
0019	SIEMENS Selma	34	US	
0019	SIEMENS Selma	35	US	
0019	SPI-P Release 1	00	LO	
0019	SPI-P Release 1	01	LO	
0019	SPI-P Release 1	10	US	MainsFrequency
0019	SPI-P Release 1	25	LT	OriginalPixelDataQuality
0019	SPI-P Release 1	30	US	ECGTriggering
0019	SPI-P Release 1	50	US	VideoScanMode
0019	SPI-P Release 1	51	US	VideoLineRate
0019	SPI-P Release 1	60	US	XrayTechnique
0019	SPI-P Release 1	61	DS	ImageIdentifierFromat
0019	SPI-P Release 1	62	US	IrisDiaphragm
0019	SPI-P Release 1	63	CS	Filter
0019	SPI-P Release 1	64	CS	CineParallel
0019	SPI-P Release 1	65	CS	CineMaster
0019	SPI-P Release 1	70	US	ExposureChannel
0019	SPI-P Release 1	72	US	ProcessingChannel
0019	SPI-P Release 1	80	DS	AcquisitionDelay
0019	SPI-P Release 1	90	CS	VideoWhiteCompression
0019	SPI-P Release 1	A0	US	Angulation
0019	SPI-P Release 1	A1	US	Rotation
0019	SPI-P Release 1;1	02	US	SampleBitsAllocated
0019	SPI-P Release 1;1	03	US	SampleBitsStored
0019	SPI-P Release 1;1	04	US	SampleHighBit
0019	SPI-P Release 1;1	05	US	SampleRepresentation
0019	SPI-P Release 1;1	12	US	SampleBitsAllocated2
0019	SPI-P Release 1;1	13	US	SampleBitsStored2
0019	SPI-P Release 1;1	14	US	SampleHighBit2
0019	SPI-P Release 1;1	15	US	SampleRepresentation2
0019	SPI-P-CTBE Release 1	00	IS	
0019	SPI-P-CTBE Release 1	02	IS	
0019	SPI-P-CTBE Release 1	03	DS	
0019	SPI-P-CTBE Release 1	04	IS	
0019	SPI-P-CTBE Release 1	05	DS	
0019	SPI-P-CTBE Release 1	0B	DS	
0019	SPI-P-CTBE Release 1	0C	IS	
0019	SPI-P-CTBE Release 1	14	IS	
0019	SPI-P-CTBE Release 1	18	IS	
0019	SPI-P-CTBE Release 1	19	IS	
0019	SPI-P-CTBE Release 1	1A	DS	
0019	SPI-P-CTBE Release 1	1B	IS	
0019	SPI-P-CTBE Release 1	1C	IS	
0019	SPI-P-CTBE Release 1	1D	DS	
0019	SPI-P-GV-CT Release 1	08	IS	
0019	SPI-P-GV-CT Release 1	09	IS	
0019	SPI-P-GV-CT Release 1	0A	IS	
0019	SPI-P-GV-CT Release 1	10	LO	
0019	SPI-P-GV-CT Release 1	20	TM	
0019	SPI-P-GV-CT Release 1	50	LO	
0019	SPI-P-GV-CT Release 1	60	DS	
0019	SPI-P-GV-CT Release 1	61	US	
0019	SPI-P-GV-CT Release 1	63	LO	
0019	SPI-P-GV-CT Release 1	64	US	
0019	SPI-P-GV-CT Release 1	65	IS	
0019	SPI-P-GV-CT Release 1	70	LT	
0019	SPI-P-GV-CT Release 1	80	LO	
0019	SPI-P-GV-CT Release 1	81	LO	
0019	SPI-P-GV-CT Release 1	90	LO	
0019	SPI-P-GV-CT Release 1	A0	LO	
0019	SPI-P-GV-CT Release 1	A1	US	
0019	SPI-P-GV-CT Release 1	A2	US	
0019	SPI-P-GV-CT Release 1	A3	US	
0019	SPI-P-GV-CT Release 1	B0	LO	
0019	SPI-P-GV-CT Release 1	B1	LO	
0019	SPI-P-PCR Release 2	10	US	Reader Mode
0019	SPI-P-PCR Release 2	20	ST	MRM Code
0019	SPI-P-PCR Release 2	30	US	
0019	SPI-P-PCR Release 2	40	DS	Latitude
0019	SPI-P-PCR Release 2	60	ST	View Name
0019	SPI-P-PCR Release 2	80	US	
0019	SPI-P-PCR Release 2	A1	ST	
0019	SPI-P-PCR Release 2	A3	DS	
0019	SPI-P-PCR Release 2	A4	DS	
0019	SPI-P-PCR Release 2	A5	DS	
0019	SPI-P-PCR Release 2	A6	DS	
0019	SPI-P-PCR Release 2	A7	DS	
0019	SPI-P-PCR Release 2	A8	DS	
0019	SPI-P-PCR Release 2	A9	DS	
0019	SPI-P-PCR Release 2	AA	DS	
0019	SPI-P-PCR Release 2	AB	DS	
0019	SPI-P-PCR Release 2	AC	DS	
0019	SPI-P-PCR Release 2	AD	DS	
0019	SPI-P-PCR Release 2	AE	DS	
0019	SPI-P-PCR Release 2	AF	ST	
0019	SPI-P-PCR Release 2	B0	ST	
0019	SPI-P-PCR Release 2	B1	ST	
0019	SPI-P-PCR Release 2	B2	IS	
0019	SPI-P-PCR Release 2	B3	IS	
0019	SPI-P-PCR Release 2	B4	IS	
0019	SPI-P-PCR Release 2	B5	DS	
0019	SPI-P-PCR Release 2	B6	DS	
0019	SPI-P-PCR Release 2	B7	ST	
0019	SPI-P-PCR Release 2	B8	DS	
0019	SPI-P-PCR Release 2	B9	ST	
0019	SPI-P-PCR Release 2	BA	ST	
0019	SPI-P-Private-DiDi Release 1	00	LT	Post Mode String
0019	SPI-P-Private-DiDi Release 1	01	LT	Post Data
0019	SPI-P-Private-DiDi Release 1	10	LT	Image Header
0019	SPI-P-Private-DiDi Release 1	20	LT	SCPreName
0019	SPI-P-Private-DiDi Release 1	21	IS	SCPostNo
0019	SPI-P-Private-DiDi Release 1	22	LT	SCSOPInstanceUID
0019	SPI-P-Private-DiDi Release 1	23	LT	SCCreationDate
0019	SPI-P-Private-DiDi Release 1	24	LT	SCProcessingCategory
0019	SPI-P-Private-DiDi Release 1	25	LT	SCPostMethod
0019	SPI-P-Private-DiDi Release 1	26	LT	SCPostString
0019	SPI-P-Private-DiDi Release 1	27	LT	SCPostString2
0019	SPI-P-Private-DiDi Release 1	28	LT	SCMode
0019	SPI-P-Private-DiDi Release 1	29	IS	SCStCommit
0019	SPI-P-Private-DiDi Release 1	2A	IS	SCExported
0019	SPI-P-Private-DiDi Release 1	2B	IS	SCPrinted
0019	SPI-P-Private-DiDi Release 1	2C	LT	SCOperator
0019	SPI-P-Private-DiDi Release 1	40	LT	SCPreName
0019	SPI-P-Private-DiDi Release 1	41	IS	SCPreType
0019	SPI-P-Private_ICS Release 1	30	DS	
0019	SPI-P-Private_ICS Release 1	31	LO	
0019	SPI-P-XSB-DCI Release 1	10	LT	VideoBeamBoost
0019	SPI-P-XSB-DCI Release 1	11	US	ChannelGeneratingVideoSync
0019	SPI-P-XSB-DCI Release 1	12	US	VideoGain
0019	SPI-P-XSB-DCI Release 1	13	US	VideoOffset
0019	SPI-P-XSB-DCI Release 1	20	DS	RTDDataCompressionFactor
0019	SPI-P-XSB-VISUB Release 1	20	LO	
0019	SPI-P-XSB-VISUB Release 1	50	LO	
0019	SVISION	00	IS	AECField
0019	SVISION	01	IS	AECFilmScreen
0019	SVISION	02	IS	AECDensity
0019	SVISION	10	IS	PatientThickness
0019	SVISION	16	IS	
0019	SVISION	18	IS	BeamDistance
0019	SVISION	20	IS	WorkstationNumber
0019	SVISION	28	IS	TubeNumber
0019	SVISION	30	IS	BuckyGrid
0019	SVISION	34	IS	Focus
0019	SVISION	38	IS	Child
0019	SVISION	40	IS	CollimatorDistanceX
0019	SVISION	41	IS	CollimatorDistanceY
0019	SVISION	50	IS	CentralBeamHeight
0019	SVISION	60	IS	BuckyAngle
0019	SVISION	68	IS	CArmAngle
0019	SVISION	69	IS	CollimatorAngle
0019	SVISION	70	IS	FilterNumber
0019	SVISION	74	LO	FilterMaterial1
0019	SVISION	75	LO	FilterMaterial2
0019	SVISION	78	DS	FilterThickness1
0019	SVISION	79	DS	FilterThickness2
0019	SVISION	80	IS	BuckyFormat
0019	SVISION	81	ST	ObjectPosition
0019	SVISION	90	LO	DeskCommand
0019	SVISION	91	IS	Central Beam X
0019	SVISION	92	IS	Central Beam Y
0019	SVISION	93	IS	Tube Turn Angle
0019	SVISION	94	IS	Stand drive level
0019	SVISION	A0	DS	ExtendedExposureTime
0019	SVISION	A1	DS	ActualExposureTime
0019	SVISION	A8	DS	ExtendedXRayTubeCurrent
0019	SVISION	B0	IS	Dose Indicator
0019	SVISION	B1	IS	Shift Reference Value
0019	SVISION	F0	IS	
0019	Siemens Ultrasound Miscellaneous	20	SH	
0019	Siemens: Thorax/Multix FD Lab Settings	00	LT	Internal Value
0019	Siemens: Thorax/Multix FD Lab Settings	01	DS	
0019	Siemens: Thorax/Multix FD Lab Settings	02	LO	Total Area Dose Product
0019	Siemens: Thorax/Multix FD Lab Settings	03	US	
0019	Siemens: Thorax/Multix FD Lab Settings	04	LO	
0019	Siemens: Thorax/Multix FD Lab Settings	05	US	Cassette Image
0019	Siemens: Thorax/Multix FD Lab Settings	06	FD	Table Object Distance
0019	Siemens: Thorax/Multix FD Lab Settings	07	FD	Table Detector Distance
0019	Siemens: Thorax/Multix FD Lab Settings	08	US	Ortho Step Distance
0019	TOSHIBA_MEC_1.0	01	US	
0019	TOSHIBA_MEC_1.0	02	US	
0019	TOSHIBA_MEC_CT_1.0	01	IS	
0019	TOSHIBA_MEC_CT_1.0	02	IS	
0019	TOSHIBA_MEC_CT_1.0	03	US	
0019	TOSHIBA_MEC_CT_1.0	04	LT	
0019	TOSHIBA_MEC_CT_1.0	05	LT	
0019	TOSHIBA_MEC_CT_1.0	06	US	
0019	TOSHIBA_MEC_CT_1.0	07	US	
0019	TOSHIBA_MEC_CT_1.0	08	LT	OrientationHeadFeet
0019	TOSHIBA_MEC_CT_1.0	09	LT	ViewDirection
0019	TOSHIBA_MEC_CT_1.0	0A	LT	OrientationSupineProne
0019	TOSHIBA_MEC_CT_1.0	0B	DS	
0019	TOSHIBA_MEC_CT_1.0	0C	US	
0019	TOSHIBA_MEC_CT_1.0	0D	TM	Time
0019	TOSHIBA_MEC_CT_1.0	0E	DS	
0019	TOSHIBA_MEC_CT_1.0	11	IS	
0019	TOSHIBA_MEC_CT_1.0	22	UL	
0019	TOSHIBA_MEC_CT_1.0	23	US	
0019	TOSHIBA_MEC_CT_1.0	30	LO	?Protocol Name?
0019	TOSHIBA_MEC_CT_1.0	41	LO	?Date?
0019	TOSHIBA_MEC_CT_1.0	86	DS	?Nominal Cardiac Trigger Delay Time?
0019	TOSHIBA_MEC_CT_1.0	87	DS	?Cardiac R-R Interval Specified?
0019	TOSHIBA_MEC_MR3^10	01	UL	
0019	TOSHIBA_MEC_MR3^10	02	SL	
0019	TOSHIBA_MEC_MR3^10	03	US	
0019	TOSHIBA_MEC_MR3^10	04	SL	
0019	TOSHIBA_MEC_MR3^10	05	FL	
0019	TOSHIBA_MEC_MR3^10	06	SL	
0019	TOSHIBA_MEC_MR3^10	07	FL	
0019	TOSHIBA_MEC_MR3^10	08	US	
0019	TOSHIBA_MEC_MR3^10	09	FL	
0019	TOSHIBA_MEC_MR3^10	0A	FL	
0019	TOSHIBA_MEC_MR3^10	0B	FL	
0019	TOSHIBA_MEC_MR3^10	0C	US	
0019	TOSHIBA_MEC_MR3^10	0D	SL	
0019	TOSHIBA_MEC_MR3^10	0E	SL	
0019	TOSHIBA_MEC_MR3^10	0F	SL	
0019	TOSHIBA_MEC_MR3^10	10	US	
0019	TOSHIBA_MEC_MR3^10	11	SL	
0019	TOSHIBA_MEC_MR3^10	12	US	
0019	TOSHIBA_MEC_MR3^10	13	SL	
0019	TOSHIBA_MEC_MR3^10	14	US	
0019	TOSHIBA_MEC_MR3^10	15	SL	
0019	TOSHIBA_MEC_MR3^10	16	FL	
0019	TOSHIBA_MEC_MR3^10	17	SL	
0019	TOSHIBA_MEC_MR3^10	18	US	
0019	TOSHIBA_MEC_MR3^10	19	SL	
0019	TOSHIBA_MEC_MR3^10	1A	US	
0019	TOSHIBA_MEC_MR3^10	1B	SL	
0019	TOSHIBA_MEC_MR3^10	1C	SL	
0019	TOSHIBA_MEC_MR3^10	1D	SL	
0019	TOSHIBA_MEC_MR3^10	1E	US	
0019	TOSHIBA_MEC_MR3^10	1F	SL	
0019	TOSHIBA_MEC_MR3^10	20	FL	
0019	TOSHIBA_MEC_MR3^10	21	US	
0019	TOSHIBA_MEC_MR3^10	22	SL	
0019	TOSHIBA_MEC_MR3^10	23	FL	
0019	TOSHIBA_MEC_MR3^10	24	FL	
0019	TOSHIBA_MEC_MR3^10	25	FL	
0019	TOSHIBA_MEC_MR3^10	26	SL	
0019	TOSHIBA_MEC_MR3^10	27	SL	
0019	TOSHIBA_MEC_MR3^10	28	SL	
0019	TOSHIBA_MEC_MR3^10	29	SH	
0019	TOSHIBA_MEC_MR3^10	2B	SH	
0019	TOSHIBA_MEC_MR3^10	2C	SL	
0019	TOSHIBA_MEC_MR3^10	2D	SL	
0019	TOSHIBA_MEC_MR3^10	2E	US	
0019	TOSHIBA_MEC_MR3^10	2F	FL	
0019	TOSHIBA_MEC_MR3^10	30	UL	
0019	TOSHIBA_MEC_MR3^10	31	OF	
0019	TOSHIBA_MEC_MR3^10	32	FL	
0019	TOSHIBA_MEC_MR3^10	33	SL	
0019	TOSHIBA_MEC_MR3^10	34	SL	
0019	TOSHIBA_MEC_MR3^10	35	SL	
0019	TOSHIBA_MEC_MR3^10	36	SQ	
0019	TOSHIBA_MEC_MR3^10	38	SL	
0019	TOSHIBA_MEC_MR3^10	3A	SL	
0019	TOSHIBA_MEC_MR3^10	3B	SL	
0019	TOSHIBA_MEC_MR3^10	3C	SL	
0019	TOSHIBA_MEC_MR3^10	3D	SL	
0019	TOSHIBA_MEC_MR3^10	3E	SL	
0019	TOSHIBA_MEC_MR3^10	3F	SL	
0019	TOSHIBA_MEC_MR3^10	42	US	
0019	TOSHIBA_MEC_MR3^10	43	US	
0019	TOSHIBA_MEC_MR3^10	44	SL	
0019	TOSHIBA_MEC_MR3^10	45	SS	
0019	TOSHIBA_MEC_MR3^10	46	US	
0019	TOSHIBA_MEC_MR3^10	47	FL	
0019	TOSHIBA_MEC_MR3^10	48	US	
0019	TOSHIBA_MEC_MR3^10	49	US	
0019	TOSHIBA_MEC_MR3^10	4B	US	
0019	TOSHIBA_MEC_MR3^10	4C	US	
0019	TOSHIBA_MEC_MR3^10	4D	SL	
0019	TOSHIBA_MEC_MR3^10	4E	US	
0019	TOSHIBA_MEC_MR3^10	4F	US	
0019	TOSHIBA_MEC_MR3^10	50	SL	
0019	TOSHIBA_MEC_MR3^10	51	SL	
0019	TOSHIBA_MEC_MR3^10	52	LO	
0019	TOSHIBA_MEC_MR3^10	54	US	
0019	TOSHIBA_MEC_MR3^10	55	US	
0019	TOSHIBA_MEC_MR3^10	57	FL	
0019	TOSHIBA_MEC_MR3^10	58	FL	
0019	TOSHIBA_MEC_MR3^10	59	SL	
0019	TOSHIBA_MEC_MR3^10	5A	FL	
0019	TOSHIBA_MEC_MR3^10	5D	FL	
0019	TOSHIBA_MEC_MR3^10	5E	SL	
0019	TOSHIBA_MEC_MR3^10	5F	FL	
0019	TOSHIBA_MEC_MR3^10	60	US	
0019	TOSHIBA_MEC_MR3^10	61	US	
0019	TOSHIBA_MEC_MR3^10	62	US	
0019	TOSHIBA_MEC_MR3^10	63	FL	
0019	TOSHIBA_MEC_MR3^10	64	FL	
0019	TOSHIBA_MEC_MR3^10	65	SL	
0019	TOSHIBA_MEC_MR3^10	69	FL	
0019	TOSHIBA_MEC_MR3^10	6A	US	
0019	TOSHIBA_MEC_MR3^10	6B	SL	
0019	TOSHIBA_MEC_MR3^10	6D	SL	
0019	TOSHIBA_MEC_MR3^10	6E	FL	
0019	TOSHIBA_MEC_MR3^10	6F	SL	
0019	TOSHIBA_MEC_MR3^10	70	LO	
0019	TOSHIBA_MEC_MR3^10	71	LO	
0019	TOSHIBA_MEC_MR3^10	73	LO	
0019	TOSHIBA_MEC_MR3^10	75	LO	
0019	TOSHIBA_MEC_MR3^10	76	LO	
0019	TOSHIBA_MEC_MR3^10	78	LO	
0019	TOSHIBA_MEC_MR3^10	7B	LO	
0019	TOSHIBA_MEC_MR3^10	7C	FL	
0019	TOSHIBA_MEC_MR3^10	7D	FL	
0019	TOSHIBA_MEC_MR3^10	7E	SL	
0019	TOSHIBA_MEC_MR3^10	7F	SL	
0019	TOSHIBA_MEC_MR3^10	85	FL	
0019	TOSHIBA_MEC_MR3^10	86	SL	
0019	TOSHIBA_MEC_MR3^10	87	FL	
0019	TOSHIBA_MEC_MR3^10	88	LO	
0019	TOSHIBA_MEC_MR3^10	8A	SL	
0019	TOSHIBA_MEC_MR3^10	8C	UL	
0019	TOSHIBA_MEC_MR3^10	8D	TM	
0019	TOSHIBA_MEC_MR3^10	8E	SL	
0019	TOSHIBA_MEC_MR3^10	92	SL	
0019	TOSHIBA_MEC_MR3^10	93	FL	
0019	TOSHIBA_MEC_MR3^10	96	US	
0019	TOSHIBA_MEC_MR3^10	9B	FL	
0019	TOSHIBA_MEC_MR3^10	9C	SL	
0019	TOSHIBA_MEC_MR3^10	A0	SL	
0019	TOSHIBA_MEC_MR3^10	A1	DS	
0019	TOSHIBA_MEC_MR3^10	A2	SL	
0019	TOSHIBA_MEC_MR3^10	A3	SL	
0019	TOSHIBA_MEC_MR3^10	A4	FL	
0019	TOSHIBA_MEC_MR3^10	A5	FL	
0019	TOSHIBA_MEC_MR3^10	A6	SL	
0019	TOSHIBA_MEC_MR3^10	A8	FL	
0019	TOSHIBA_MEC_MR3^10	A9	SL	
0019	TOSHIBA_MEC_MR3^10	AB	FL	
0019	TOSHIBA_MEC_MR3^10	AC	US	
0019	TOSHIBA_MEC_MR3^10	AD	FL	
0019	TOSHIBA_MEC_MR3^10	AE	FL	
0019	TOSHIBA_MEC_MR3^10	AF	SL	
0019	TOSHIBA_MEC_MR3^10	B0	SL	
0019	TOSHIBA_MEC_MR3^10	B1	SL	
0019	TOSHIBA_MEC_MR3^10	B4	SL	
0019	TOSHIBA_MEC_MR3^10	B5	SL	
0019	TOSHIBA_MEC_MR3^10	B6	SL	
0019	TOSHIBA_MEC_MR3^10	B7	FL	
0019	TOSHIBA_MEC_MR3^10	BA	FL	
0019	TOSHIBA_MEC_MR3^10	BB	FL	
0019	TOSHIBA_MEC_MR3^10	BC	FL	
0019	TOSHIBA_MEC_MR3^10	BD	SL	
0019	TOSHIBA_MEC_MR3^10	BE	SL	
0019	TOSHIBA_MEC_MR3^10	C1	SL	
0019	TOSHIBA_MEC_MR3^10	C3	SL	
0019	TOSHIBA_MEC_MR3^10	C6	FL	
0019	TOSHIBA_MEC_MR3^10	C9	SL	
0019	TOSHIBA_MEC_MR3^10	CA	LO	
0019	TOSHIBA_MEC_MR3^10	CB	UL	
0019	TOSHIBA_MEC_MR3^10	CC	UL	
0019	TOSHIBA_MEC_MR3^10	CD	SL	
0019	TOSHIBA_MEC_MR3^10	CE	SL	
0019	TOSHIBA_MEC_MR3^10	CF	SL	
0019	TOSHIBA_MEC_MR3^10	D0	US	
0019	TOSHIBA_MEC_MR3^10	D1	SL	
0019	TOSHIBA_MEC_MR3^10	D2	SL	
0019	TOSHIBA_MEC_MR3^10	D3	SL	
0019	TOSHIBA_MEC_MR3^10	D4	SL	
0019	TOSHIBA_MEC_MR3^10	D8	US	
0019	TOSHIBA_MEC_MR3^10	D9	SQ	
0019	TOSHIBA_MEC_MR3^10	DA	US	
0019	TOSHIBA_MEC_MR3^10	DB	SL	
0019	TOSHIBA_MEC_MR3^10	DC	SL	
0019	TOSHIBA_MEC_MR3^10	E1	SL	
0019	TOSHIBA_MEC_MR3^10	E4	SL	
0019	TOSHIBA_MEC_MR3^10	E5	SQ	
0019	TOSHIBA_MEC_MR3^10	E6	SQ	
0019	TOSHIBA_MEC_MR3^10	E9	SL	
0019	TOSHIBA_MEC_MR3^10	EA	UI	
0019	TOSHIBA_MEC_MR3^10	EB	SL	
0019	TOSHIBA_MEC_MR3^10	EC	US	
0019	TOSHIBA_MEC_MR3^10	EE	FL	
0019	TOSHIBA_MEC_MR3^10	EF	FL	
0019	TOSHIBA_MEC_MR3^10	F0	SL	
0019	TOSHIBA_MEC_MR3^10	F1	FL	
0019	TOSHIBA_MEC_MR3^10	F2	FL	
0019	TOSHIBA_MEC_MR3^10	F3	SL	
0019	TOSHIBA_MEC_MR3^10	F4	FD	
0019	TOSHIBA_MEC_MR3^10	F5	SL	
0019	TOSHIBA_MEC_MR3^10	F6	UI	
0019	TOSHIBA_MEC_MR3^10	F8	US	
0019	TOSHIBA_MEC_MR3^10	F9	SL	
0019	TOSHIBA_MEC_MR3^10	FA	FL	
0019	TOSHIBA_MEC_MR3^10	FB	UL	
0019	TOSHIBA_MEC_MR3^10	FC	FL	
0019	TOSHIBA_MEC_MR3^10	FD	FL	
0019	TOSHIBA_MEC_MR3^10	FE	SL	
0019	TOSHIBA_MEC_MR3^10	FF	SL	
0019	TOSHIBA_MEC_MR3^11	02	SL	
0019	TOSHIBA_MEC_MR3^11	03	SL	
0019	TOSHIBA_MEC_MR3^11	04	SL	
0019	TOSHIBA_MEC_MR3^11	08	SH	
0019	TOSHIBA_MEC_MR3^11	09	SL	
0019	TOSHIBA_MEC_MR3^11	0A	SL	
0019	TOSHIBA_MEC_MR3^11	0B	OB	
0019	TOSHIBA_MEC_MR3^11	0C	SL	
0019	TOSHIBA_MEC_MR3^11	19	SQ	
0019	TOSHIBA_MEC_MR3^11	24	SL	
0019	TOSHIBA_MEC_MR3^11	25	SL	
0019	TOSHIBA_MEC_MR3^11	26	SL	
0019	TOSHIBA_MEC_MR3^11	28	SL	
0019	TOSHIBA_MEC_MR3^11	29	SL	
0019	TOSHIBA_MEC_MR3^11	2A	FL	
0019	TOSHIBA_MEC_MR3^11	2B	FL	
0019	TOSHIBA_MEC_MR3^11	2C	SL	
0019	TOSHIBA_MEC_MR3^11	2D	SL	
0019	TOSHIBA_MEC_MR3^11	2E	SL	
0019	TOSHIBA_MEC_MR3^11	30	SL	
0019	TOSHIBA_MEC_MR3^11	31	SL	
0019	TOSHIBA_MEC_MR3^11	32	SL	
0019	TOSHIBA_MEC_MR3^11	34	FL	
0019	TOSHIBA_MEC_MR3^11	35	SL	
0019	TOSHIBA_MEC_MR3^11	36	FL	
0019	TOSHIBA_MEC_MR3^11	37	SL	
0019	TOSHIBA_MEC_MR3^11	38	SL	
0019	TOSHIBA_MEC_MR3^11	39	FL	
0019	TOSHIBA_MEC_MR3^11	3A	FL	
0019	TOSHIBA_MEC_MR3^11	3C	FL	
0019	TOSHIBA_MEC_MR3^11	3E	FL	
0019	TOSHIBA_MEC_MR3^11	3F	UI	
0019	TOSHIBA_MEC_MR3^11	40	US	
0019	TOSHIBA_MEC_MR3^11	41	US	
0019	TOSHIBA_MEC_MR3^11	42	SL	
0019	TOSHIBA_MEC_MR3^11	43	SL	
0019	TOSHIBA_MEC_MR3^11	44	SL	
0019	TOSHIBA_MEC_MR3^11	46	FL	
0019	TOSHIBA_MEC_MR3^11	48	LT	
0019	TOSHIBA_MEC_MR3^11	49	LT	
0019	TOSHIBA_MEC_MR3^11	4C	SL	
0019	TOSHIBA_MEC_MR3^11	4D	SL	
0019	TOSHIBA_MEC_MR3^11	4E	SL	
0019	TOSHIBA_MEC_MR3^11	55	LO	
0019	TOSHIBA_MEC_MR3^11	57	FL	
0019	TOSHIBA_MEC_MR3^11	58	US	
0019	TOSHIBA_MEC_MR3^11	59	US	
0019	TOSHIBA_MEC_MR3^11	5C	SL	
0019	TOSHIBA_MEC_MR3^11	5D	SL	
0019	TOSHIBA_MEC_MR3^11	5F	FL	
0019	TOSHIBA_MEC_MR3^11	60	SL	
0019	TOSHIBA_MEC_MR3^11	61	FL	
0019	TOSHIBA_MEC_MR3^11	62	FL	
0019	TOSHIBA_MEC_MR3^11	63	SL	
0019	TOSHIBA_MEC_MR3^11	67	FL	
0019	TOSHIBA_MEC_MR3^11	68	SL	
0019	TOSHIBA_MEC_MR3^11	6C	FL	
0019	TOSHIBA_MEC_MR3^11	6D	SH	
0019	TOSHIBA_MEC_MR3^11	6E	SH	
0019	TOSHIBA_MEC_MR3^11	6F	FL	
0019	TOSHIBA_MEC_MR3^11	70	FL	
0019	TOSHIBA_MEC_MR3^11	71	SL	
0019	TOSHIBA_MEC_MR3^11	72	FL	
0019	TOSHIBA_MEC_MR3^11	73	FL	
0019	TOSHIBA_MEC_MR3^11	77	FL	
0019	TOSHIBA_MEC_MR3^11	78	SL	
0019	TOSHIBA_MEC_MR3^11	7A	SL	
0019	TOSHIBA_MEC_MR3^11	7C	FL	
0019	TOSHIBA_MEC_MR3^11	7D	SL	
0019	TOSHIBA_MEC_MR3^11	7E	SL	
0019	TOSHIBA_MEC_MR3^11	7F	SL	
0019	TOSHIBA_MEC_MR3^11	80	FL	
0019	TOSHIBA_MEC_MR3^11	83	FL	
0019	TOSHIBA_MEC_MR3^11	84	SL	
0019	TOSHIBA_MEC_MR3^11	87	SL	
0019	TOSHIBA_MEC_MR3^11	8A	US	
0019	TOSHIBA_MEC_MR3^11	8B	SL	
0019	TOSHIBA_MEC_MR3^11	8C	SL	
0019	TOSHIBA_MEC_MR3^11	8F	SL	
0019	TOSHIBA_MEC_MR3^11	91	SL	
0019	TOSHIBA_MEC_MR3^11	92	SL	
0019	TOSHIBA_MEC_MR3^11	94	FL	
0019	TOSHIBA_MEC_MR3^11	9A	SL	
0019	TOSHIBA_MEC_MR3^11	9B	US	
0019	TOSHIBA_MEC_MR3^11	9C	FL	
0019	TOSHIBA_MEC_MR3^11	9D	SL	
0019	TOSHIBA_MEC_MR3^11	9E	SL	
0019	TOSHIBA_MEC_MR3^11	9F	SL	
0019	TOSHIBA_MEC_MR3^11	A0	SL	
0019	TOSHIBA_MEC_MR3^11	A5	US	
0019	TOSHIBA_MEC_MR3^11	A6	US	
0019	TOSHIBA_MEC_MR3^11	A8	SL	
0019	TOSHIBA_MEC_MR3^11	AB	US	
0019	TOSHIBA_MEC_MR3^11	AD	SL	
0019	TOSHIBA_MEC_MR3^11	AE	SL	
0019	TOSHIBA_MEC_MR3^11	B0	FL	
0019	TOSHIBA_MEC_MR3^11	B1	SL	
0019	TOSHIBA_MEC_MR3^11	B2	US	
0019	TOSHIBA_MEC_MR3^11	B3	US	
0019	TOSHIBA_MEC_MR3^11	B4	US	
0019	TOSHIBA_MEC_MR3^11	B5	FL	
0019	TOSHIBA_MEC_MR3^11	B6	SL	
0019	TOSHIBA_MEC_MR3^11	B7	US	
0019	TOSHIBA_MEC_MR3^11	B9	US	
0019	TOSHIBA_MEC_MR3^11	BB	FL	
0019	TOSHIBA_MEC_MR3^11	BC	SL	
0019	TOSHIBA_MEC_MR3^11	BD	SL	
0019	TOSHIBA_MEC_MR3^11	BE	FL	
0019	TOSHIBA_MEC_MR3^11	BF	SL	
0019	TOSHIBA_MEC_MR3^11	C0	SL	
0019	TOSHIBA_MEC_MR3^11	C1	US	
0019	TOSHIBA_MEC_MR3^11	C3	FL	
0019	TOSHIBA_MEC_MR3^11	C4	SL	
0019	TOSHIBA_MEC_MR3^11	CD	SL	
0019	TOSHIBA_MEC_MR3^11	E0	FL	
0019	TOSHIBA_MEC_MR3^11	E1	FL	
0019	TOSHIBA_MEC_MR3^11	E3	SL	
0019	TOSHIBA_MEC_MR3^11	E4	DS	
0019	TOSHIBA_MEC_MR3^11	E5	SQ	
0019	TOSHIBA_MEC_MR3^11	E6	SQ	
0019	TOSHIBA_MEC_MR3^11	F0	SL	
0019	TOSHIBA_MEC_MR3^11	F1	SL	Diffusion b-value x Toshiba Orientation
0019	TOSHIBA_MEC_MR3^11	F2	FL	
0019	TOSHIBA_MEC_MR3^11	F3	SL	
0019	TOSHIBA_MEC_MR3^11	F4	SL	
0019	TOSHIBA_MEC_MR3^11	F5	SQ	
0019	TOSHIBA_MEC_MR3^11	F6	SL	
0019	TOSHIBA_MEC_MR3^11	F7	SL	
0019	TOSHIBA_MEC_MR3^11	F8	SL	
0019	TOSHIBA_MEC_MR3^11	F9	SL	
0019	TOSHIBA_MEC_MR3^11	FA	SL	
0019	TOSHIBA_MEC_MR3^11	FB	FL	
0019	TOSHIBA_MEC_MR3^11	FC	FL	
0019	TOSHIBA_MEC_MR3^11	FD	SL	
0019	TOSHIBA_MEC_MR3^11	FE	SL	
0019	TOSHIBA_MEC_MR3^11	FF	SL	
0019	TOSHIBA_MEC_MR3^12	00	SL	
0019	TOSHIBA_MEC_MR3^12	01	SL	
0019	TOSHIBA_MEC_MR3^12	02	SL	
0019	TOSHIBA_MEC_MR3^12	03	SL	
0019	TOSHIBA_MEC_MR3^12	04	SL	
0019	TOSHIBA_MEC_MR3^12	05	SH	
0019	TOSHIBA_MEC_MR3^12	06	FL	
0019	TOSHIBA_MEC_MR3^12	07	UL	
0019	TOSHIBA_MEC_MR3^12	08	UL	
0019	TOSHIBA_MEC_MR3^12	09	SL	
0019	TOSHIBA_MEC_MR3^12	0A	SL	
0019	TOSHIBA_MEC_MR3^12	0B	SL	
0019	TOSHIBA_MEC_MR3^12	0C	UL	
0019	TOSHIBA_MEC_MR3^12	0D	SQ	
0019	TOSHIBA_MEC_MR3^12	0E	US	
0019	TOSHIBA_MEC_MR3^12	10	SL	
0019	TOSHIBA_MEC_MR3^12	11	SL	
0019	TOSHIBA_MEC_MR3^12	12	SL	
0019	TOSHIBA_MEC_MR3^12	13	FL	
0019	TOSHIBA_MEC_MR3^12	14	FL	
0019	TOSHIBA_MEC_MR3^12	18	UL	
0019	TOSHIBA_MEC_MR3^12	28	DS	
0019	TOSHIBA_MEC_MR3^12	2A	DS	
0019	TOSHIBA_MEC_MR3^12	2B	SQ	
0019	TOSHIBA_MEC_MR3^12	32	SH	
0019	TOSHIBA_MEC_MR3^12	34	SL	
0019	TOSHIBA_MEC_MR3^12	52	FL	
0019	TOSHIBA_MEC_MR3^12	76	OB	
0019	TOSHIBA_MEC_MR3^12	79	SQ	
0019	TOSHIBA_MEC_MR3^12	80	FD	
0019	TOSHIBA_MEC_MR3^12	85	US	
0019	TOSHIBA_MEC_MR3^12	86	LO	
0019	TOSHIBA_MEC_MR3^12	87	SQ	
0019	TOSHIBA_MEC_MR3^12	88	US	
0019	TOSHIBA_MEC_MR3^12	89	SL	
0019	TOSHIBA_MEC_MR3^12	8A	US	
0019	TOSHIBA_MEC_MR3^12	8B	US	
0019	TOSHIBA_MEC_MR3^12	8F	OB	
0019	TOSHIBA_MEC_MR3^12	93	SL	
0019	TOSHIBA_MEC_MR3^12	94	UI	
0019	TOSHIBA_MEC_MR3^12	95	UI	
0019	TOSHIBA_MEC_MR3^12	98	FL	
0019	TOSHIBA_MEC_MR3^12	99	LO	
0019	TOSHIBA_MEC_MR3^12	9A	DS	
0019	TOSHIBA_MEC_MR3^12	9B	IS	
0019	TOSHIBA_MEC_MR3^12	9C	DS	
0019	TOSHIBA_MEC_MR3^12	9D	US	
0019	TOSHIBA_MEC_MR3^12	9E	FL	
0019	TOSHIBA_MEC_MR3^12	9F	FL	
0019	TOSHIBA_MEC_MR3^12	A0	FL	
0019	TOSHIBA_MEC_MR3^12	A1	FL	
0019	TOSHIBA_MEC_MR3^12	A2	FL	
0019	TOSHIBA_MEC_MR3^12	A3	FL	
0019	TOSHIBA_MEC_MR3^12	A4	FL	
0019	TOSHIBA_MEC_MR3^12	A5	FL	
0019	TOSHIBA_MEC_MR3^12	A6	FL	
0019	TOSHIBA_MEC_MR3^12	A7	FL	
0019	TOSHIBA_MEC_MR3^12	A8	FL	
0019	TOSHIBA_MEC_MR3^12	AA	FL	
0019	TOSHIBA_MEC_MR3^12	AB	FL	
0019	TOSHIBA_MEC_MR3^12	AC	FL	
0019	TOSHIBA_MEC_MR3^12	AD	FL	
0019	TOSHIBA_MEC_MR3^12	AE	FL	
0019	TOSHIBA_MEC_MR3^12	AF	FL	
0019	TOSHIBA_MEC_MR3^12	B3	FD	
0019	TOSHIBA_MEC_MR3^12	B4	LO	
0019	TOSHIBA_MEC_MR3^12	C2	US	
0019	TOSHIBA_MEC_MR3^12	C3	FL	
0019	TOSHIBA_MEC_MR3^12	C4	SL	
0019	TOSHIBA_MEC_MR3^12	C5	SL	
0019	TOSHIBA_MEC_MR3^12	C6	SL	
0019	TOSHIBA_MEC_MR3^12	C7	FL	
0019	TOSHIBA_MEC_MR3^12	CD	LO	
0019	TOSHIBA_MEC_MR3^12	CE	UL	
0019	TOSHIBA_MEC_MR3^12	CF	FL	
0019	TOSHIBA_MEC_MR3^12	D1	FL	
0019	TOSHIBA_MEC_MR3^12	D2	US	
0019	TOSHIBA_MEC_MR3^12	D3	SS	
0019	TOSHIBA_MEC_MR3^12	D4	US	
0019	TOSHIBA_MEC_MR3^12	D5	FL	
0019	TOSHIBA_MEC_MR3^12	D6	FL	
0019	TOSHIBA_MEC_MR3^12	D7	US	
0019	TOSHIBA_MEC_MR3^12	D8	FL	
0019	TOSHIBA_MEC_MR3^12	DE	US	
0019	TOSHIBA_MEC_MR3^12	DF	US	
0019	TOSHIBA_MEC_MR3^12	E0	US	
0019	TOSHIBA_MEC_MR3^12	E1	FL	
0019	TOSHIBA_MEC_MR3^12	E2	FL	
0019	TOSHIBA_MEC_MR3^12	E3	TM	
0019	TOSHIBA_MEC_MR3^12	E4	US	
0019	TOSHIBA_MEC_MR3^12	EB	US	
0019	TOSHIBA_MEC_MR3^12	EC	US	
0019	TOSHIBA_MEC_MR3^12	EF	DS	
0019	TOSHIBA_MEC_MR3^12	F0	LO	
0019	TOSHIBA_MEC_MR3^12	F1	LO	
0019	TOSHIBA_MEC_MR3^12	FA	LT	
0019	TOSHIBA_MEC_MR3^12	FC	FL	
0019	TOSHIBA_MEC_MR3^12	FD	SL	
0019	TOSHIBA_MEC_MR3^12	FE	SL	
0019	TOSHIBA_MEC_MR3^13	02	US	
0019	TOSHIBA_MEC_MR3^13	03	SL	
0019	TOSHIBA_MEC_MR3^13	04	US	
0019	TOSHIBA_MEC_MR3^13	05	SL	
0019	TOSHIBA_MEC_MR3^13	08	SL	
0019	TOSHIBA_MEC_MR3^13	09	SQ	
0019	TOSHIBA_MEC_MR3^13	0A	FD	
0019	TOSHIBA_MEC_MR3^13	0B	FD	
0019	TOSHIBA_MEC_MR3^13	0C	FD	
0019	TOSHIBA_MEC_MR3^13	0F	SH	
0019	TOSHIBA_MEC_MR3^13	14	SH	
0019	TOSHIBA_MEC_MR3^13	19	US	
0019	TOSHIBA_MEC_MR3^13	1B	US	
0019	TOSHIBA_MEC_MR3^13	1F	US	
0019	TOSHIBA_MEC_MR3^13	22	SL	
0019	WG12 Supplement 43	01	FD	Focus Depth(s)
0019	WG12 Supplement 43	03	SQ	Excluded Intervals Sequence
0019	WG12 Supplement 43	04	DT	Exclusion Start Datetime
0019	WG12 Supplement 43	05	FD	Exclusion Duration
0019	WG12 Supplement 43	06	SQ	US Image Description Sequence
0019	WG12 Supplement 43	07	SQ	Image Data Type Sequence
0019	WG12 Supplement 43	08	CS	Data Type
0019	WG12 Supplement 43	09	SQ	Transducer Scan Geometry Code Sequence
0019	WG12 Supplement 43	0B	CS	Aliased Data Type
0019	WG12 Supplement 43	0C	CS	Position Measuring Device Used
0019	WG12 Supplement 43	0D	SQ	Transducer Scanning Configuration Code Sequence
0019	WG12 Supplement 43	0E	SQ	Transducer Beam Steering Code Sequence
0019	WG12 Supplement 43	0F	SQ	Transducer Access Code Sequence
001F	SIEMENS MED	00	LO	
001F	SIEMENS MED	02	LO	
001F	SIEMENS MED	50	LO	
001F	SIEMENS MED	70	LO	
001F	SIEMENS MED NM	50	DS	Location RET
0021	BRIT Systems, Inc.	00	SQ	Person Information Sequence
0021	BRIT Systems, Inc.	01	LO	Person ID
0021	BRIT Systems, Inc.	02	PN	Person Name
0021	BRIT Systems, Inc.	03	LO	Person Role
0021	BRIT Systems, Inc.	04	SH	Person Home Phone
0021	BRIT Systems, Inc.	05	SH	Person Work Phone
0021	BRIT Systems, Inc.	06	SH	Person Cell Phone
0021	BRIT Systems, Inc.	07	SH	Person Pager Phone
0021	BRIT Systems, Inc.	08	SH	Person Fax Phone
0021	BRIT Systems, Inc.	09	LO	Person EMail
0021	BRIT Systems, Inc.	0A	ST	Person Address
0021	BRIT Systems, Inc.	0B	LO	Person Password
0021	BRIT Systems, Inc.	0C	SH	Person Emergency Phone
0021	BRIT Systems, Inc.	0D	LO	Physician ID
0021	BRIT Systems, Inc.	11	LO	Original Patient ID
0021	BRIT Systems, Inc.	12	UI	Original Study Instance UID
0021	BRIT Systems, Inc.	13	UI	Original Series Instance UID
0021	BRIT Systems, Inc.	14	LO	Master Accession Number
0021	BRIT Systems, Inc.	15	LO	Order Category
0021	BRIT Systems, Inc.	16	LO	Patient ICN
0021	BRIT Systems, Inc.	17	LO	Patient DFS
0021	BRIT Systems, Inc.	18	LO	Patient Class
0021	BRIT Systems, Inc.	19	LO	Patient Type
0021	BRIT Systems, Inc.	1F	LT	Generic String
0021	BRIT Systems, Inc.	20	LO	QC Study Assigned By
0021	BRIT Systems, Inc.	21	LO	QC Study Split By
0021	BRIT Systems, Inc.	22	LO	QC Study Moved By
0021	BRIT Systems, Inc.	23	LO	QC Study Edited By
0021	BRIT Systems, Inc.	24	LO	QC Series Split By
0021	BRIT Systems, Inc.	25	LO	QC Series Moved By
0021	BRIT Systems, Inc.	26	LO	QC Series Edited By
0021	BRIT Systems, Inc.	27	LO	QC Image Moved By
0021	BRIT Systems, Inc.	28	LO	QC Image Edited By
0021	BRIT Systems, Inc.	30	LO	QC Done Time
0021	BRIT Systems, Inc.	31	LO	QC Last Modification Time
0021	BRIT Systems, Inc.	32	LO	QC Image Accepted By
0021	BRIT Systems, Inc.	33	LO	QC Image Rejected By
0021	BRIT Systems, Inc.	34	DA	QC Done Date
0021	BRIT Systems, Inc.	50	LO	QC Deletion Requested
0021	BRIT Systems, Inc.	90	AE	Original Sender AE Title
0021	BRIT Systems, Inc.	91	LO	Software Title
0021	BRIT Systems, Inc.	92	SH	Software Version
0021	BRIT Systems, Inc.	93	LO	Serial Number
0021	BRIT Systems, Inc.	A0	SQ	Object Action Sequence
0021	BRIT Systems, Inc.	A1	ST	Object Action
0021	BRIT Systems, Inc.	A2	DA	Object Action Date
0021	BRIT Systems, Inc.	A3	TM	Object Action Time
0021	BRIT Systems, Inc.	A5	AE	Local AE Title
0021	BRIT Systems, Inc.	A6	SH	Local IP Address
0021	BRIT Systems, Inc.	A7	AE	Remote AE Title
0021	BRIT Systems, Inc.	A8	SH	Remote IP Address
0021	CANON_MEC_MR3^10	02	SL	
0021	CANON_MEC_MR3^10	03	SL	
0021	CANON_MEC_MR3^10	04	US	
0021	CANON_MEC_MR3^10	08	DS	
0021	CANON_MEC_MR3^10	09	DS	
0021	CANON_MEC_MR3^10	0A	DS	
0021	CANON_MEC_MR3^10	0B	US	
0021	CANON_MEC_MR3^10	0C	US	
0021	CANON_MEC_MR3^10	0D	FL	
0021	CANON_MEC_MR3^10	0F	US	
0021	CANON_MEC_MR3^10	12	DS	
0021	CANON_MEC_MR3^10	14	SQ	
0021	CANON_MEC_MR3^10	15	FL	
0021	CANON_MEC_MR3^10	16	FL	
0021	CANON_MEC_MR3^10	18	US	
0021	CANON_MEC_MR3^10	1D	IS	
0021	CANON_MEC_MR3^10	1F	US	
0021	CANON_MEC_MR3^10	22	US	
0021	CANON_MEC_MR3^10	23	SS	
0021	CARDIO-D.R. 1.0	13	IS	ImageSequenceNumber
0021	FDMS 1.0	10	CS	FCRImageID
0021	FDMS 1.0	30	CS	SetNo
0021	FDMS 1.0	40	IS	ImageNoInTheSet
0021	FDMS 1.0	50	CS	PairProcessingInformation
0021	FDMS 1.0	70	IS	Film Number within the Series
0021	FDMS 1.0	80	OB	EquipmentTypeSpecificInformation
0021	FDMS 1.0	90	CS	LUT Number
0021	GEMS_PETD_01	01	US	PET raw_data_type
0021	GEMS_PETD_01	02	UL	PET raw_data_size
0021	GEMS_RELA_01	03	SS	SeriesFromWhichPrescribed
0021	GEMS_RELA_01	05	SH	GenesisVersionNow
0021	GEMS_RELA_01	07	UL	SeriesRecordChecksum
0021	GEMS_RELA_01	15	US	
0021	GEMS_RELA_01	16	SS	
0021	GEMS_RELA_01	18	SH	GenesisVersionNow
0021	GEMS_RELA_01	19	UL	AcqReconRecordChecksum
0021	GEMS_RELA_01	20	DS	TableStartLocation
0021	GEMS_RELA_01	35	SS	SeriesFromWhichPrescribed
0021	GEMS_RELA_01	36	SS	ImageFromWhichPrescribed
0021	GEMS_RELA_01	37	SS	ScreenFormat
0021	GEMS_RELA_01	4A	LO	AnatomicalReferenceForScout
0021	GEMS_RELA_01	4E	US	
0021	GEMS_RELA_01	4F	SS	LocationsInAcquisition
0021	GEMS_RELA_01	50	SS	GraphicallyPrescribed
0021	GEMS_RELA_01	51	DS	RotationFromSourceXRot
0021	GEMS_RELA_01	52	DS	RotationFromSourceYRot
0021	GEMS_RELA_01	53	DS	RotationFromSourceZRot
0021	GEMS_RELA_01	54	SH	ImagePosition
0021	GEMS_RELA_01	55	SH	ImageOrientation
0021	GEMS_RELA_01	56	SL	IntegerSlop
0021	GEMS_RELA_01	57	SL	IntegerSlop
0021	GEMS_RELA_01	58	SL	IntegerSlop
0021	GEMS_RELA_01	59	SL	IntegerSlop
0021	GEMS_RELA_01	5A	SL	IntegerSlop
0021	GEMS_RELA_01	5B	DS	FloatSlop
0021	GEMS_RELA_01	5C	DS	FloatSlop
0021	GEMS_RELA_01	5D	DS	FloatSlop
0021	GEMS_RELA_01	5E	DS	FloatSlop
0021	GEMS_RELA_01	5F	DS	FloatSlop
0021	GEMS_RELA_01	70	LT	
0021	GEMS_RELA_01	71	LT	
0021	GEMS_RELA_01	81	DS	AutoWindowLevelAlpha
0021	GEMS_RELA_01	82	DS	AutoWindowLevelBeta
0021	GEMS_RELA_01	83	DS	AutoWindowLevelWindow
0021	GEMS_RELA_01	84	DS	AutoWindowLevelLevel
0021	GEMS_RELA_01	90	SS	TubeFocalSpotPosition
0021	GEMS_RELA_01	91	SS	BiopsyPosition
0021	GEMS_RELA_01	92	FL	BiopsyTLocation
0021	GEMS_RELA_01	93	FL	BiopsyRefLocation
0021	GEMS_XR3DCAL_01	01	IS	3Dcal image rows
0021	GEMS_XR3DCAL_01	02	IS	3Dcal image columns
0021	GEMS_XR3DCAL_01	03	FL	3Dcal field of view
0021	GEMS_XR3DCAL_01	04	DA	3Dcal acquisition date
0021	GEMS_XR3DCAL_01	05	TM	3Dcal acquisition time
0021	GEMS_XR3DCAL_01	06	DA	3Dcal calibration processing date
0021	GEMS_XR3DCAL_01	07	TM	3Dcal calibration processing time
0021	GEMS_XR3DCAL_01	08	FL	3Dcal L arm angle
0021	GEMS_XR3DCAL_01	09	FL	3Dcal Pivot angle vector
0021	GEMS_XR3DCAL_01	0A	FL	3Dcal C arm angle
0021	GEMS_XR3DCAL_01	0B	SQ	3Dcal matrix sequence
0021	GEMS_XR3DCAL_01	0C	LO	3Dcal matrix elements
0021	GEMS_XR3DCAL_01	0D	LO	3Dcal algorithm version
0021	GEMS_XR3DCAL_01	0E	FL	3Dcal 3D frame unit size
0021	GEMS_XR3DCAL_01	0F	LO	3Dcal calibration mode
0021	GEMS_XR3DCAL_01	10	FL	3Dcal image frame origin row
0021	GEMS_XR3DCAL_01	11	FL	3Dcal image frame origin column
0021	GEMS_XR3DCAL_01	12	IS	3Dcal positioner pivot rotation speed
0021	GEMS_XR3DCAL_01	13	IS	3Dcal number of images
0021	GEMS_XR3DCAL_01	14	UI	3Dcal Instance UID
0021	GEMS_XR3DCAL_01	15	FL	3Dcal image pixel spacing
0021	GEMS_XR3DCAL_01	16	CS	3Dcal centering mode
0021	HOLOGIC	01	LT	Image Analysis Data in XML
0021	Hologic	01	LT	Image Analysis Data in XML
0021	INTEGRIS 1.0	12	IS	ExposureNumber
0021	KINETDX	A5	US	
0021	KINETDX	A8	LO	
0021	KINETDX	AA	OB	
0021	KINETDX_GRAPHICS	A4	LT	
0021	MEDIFACE	01	SL	
0021	MEDIFACE	10	SH	
0021	MEDIFACE	11	LO	
0021	MEDIFACE	12	UL	
0021	MEDIFACE	21	LO	
0021	MEDIFACE	22	LO	
0021	MEDIFACE	30	DA	
0021	MEDIFACE	31	IS	
0021	MEDIFACE	40	SQ	
0021	MEDIFACE	41	SH	
0021	MEDIFACE	42	LO	
0021	MEDIFACE	50	SQ	
0021	MEDIFACE	51	SH	
0021	MEDIFACE	52	LO	
0021	MEDIFACE	60	SQ	
0021	MEDIFACE	F1	LO	
0021	MEDIFACE	F2	LO	
0021	MeVis eD: Timepoint Information	10	LT	TPDateTime
0021	MeVis eD: Timepoint Information	11	CS	TPDateTimeType
0021	PHILIPS MR/LAST	00	IS	
0021	PHILIPS MR/LAST	10	IS	
0021	PHILIPS MR/LAST	20	IS	
0021	PHILIPS MR/LAST	21	DS	SliceGap
0021	PHILIPS MR/LAST	22	DS	StackRadialAngle
0021	PHILIPS MR/PART	00	DA	Scan Date
0021	PHILIPS MR/PART	06	LO	
0021	PHILIPS MR/PART	07	DT	
0021	PHILIPS MR/PART	08	LO	
0021	PHILIPS MR/PART	09	CS	
0021	PHILIPS MR/PART	0A	CS	
0021	PHILIPS MR/PART	0F	LO	
0021	PHILIPS MR/PART	10	IS	Image Type
0021	PHILIPS MR/PART	13	CS	
0021	PHILIPS MR/PART	14	LO	
0021	PHILIPS MR/PART	15	US	
0021	PHILIPS MR/PART	20	IS	Slice Number
0021	PHILIPS MR/PART	21	IS	Slice Gap
0021	PHILIPS MR/PART	30	IS	Echo Number
0021	PHILIPS MR/PART	31	DS	Patient Reference ID
0021	PHILIPS MR/PART	35	IS	Chemical Shift Number
0021	PHILIPS MR/PART	40	IS	Phase Number
0021	PHILIPS MR/PART	50	IS	Dynamic Scan Number
0021	PHILIPS MR/PART	60	IS	Number of Rows In Object
0021	PHILIPS MR/PART	61	IS	Row Number
0021	PHILIPS MR/PART	62	IS	
0021	PHILIPS-MR-1	01	IS	ReconstructionNumber
0021	PHILIPS-MR-1	02	IS	SliceNumber
0021	PMTF INFORMATION DATA^10	02	SL	?num?
0021	PMTF INFORMATION DATA^10	03	SL	?num?
0021	PMTF INFORMATION DATA^10	04	US	?num?
0021	PMTF INFORMATION DATA^10	08	DS	?vect1?
0021	PMTF INFORMATION DATA^10	09	DS	?vect2?
0021	PMTF INFORMATION DATA^10	0A	DS	?vect3?
0021	PMTF INFORMATION DATA^10	0B	US	
0021	PMTF INFORMATION DATA^10	0C	US	
0021	PMTF INFORMATION DATA^10	0D	FL	
0021	PMTF INFORMATION DATA^10	0F	US	
0021	PMTF INFORMATION DATA^10	12	DS	?vect4?
0021	PMTF INFORMATION DATA^10	14	SQ	?matrix?
0021	PMTF INFORMATION DATA^10	15	FL	
0021	PMTF INFORMATION DATA^10	16	FL	
0021	PMTF INFORMATION DATA^10	18	US	Series Number Local
0021	PMTF INFORMATION DATA^10	1A	US	?num2?
0021	PMTF INFORMATION DATA^10	1D	IS	?num3?
0021	PMTF INFORMATION DATA^10	1F	US	?num?
0021	PRIVATE ORIGINAL ATTRIBUTES	01	SQ	Private Original Attribute Sequence
0021	PRIVATE ORIGINAL ATTRIBUTES	05	DT	Replacement Date and Time
0021	PRIVATE ORIGINAL ATTRIBUTES	10	LO	Replacement Originator Name
0021	PRIVATE ORIGINAL ATTRIBUTES	12	LO	Replacement Reason
0021	PRIVATE ORIGINAL ATTRIBUTES	70	PN	Original Operators'Name
0021	SCHICK TECHNOLOGIES - Change Item Creator ID	01	UI	Change List Item UID
0021	SCHICK TECHNOLOGIES - Change Item Creator ID	02	US	Operation
0021	SCHICK TECHNOLOGIES - Change Item Creator ID	03	DT	Date
0021	SCHICK TECHNOLOGIES - Change Item Creator ID	04	PN	User Name
0021	SCHICK TECHNOLOGIES - Change Item Creator ID	05	OB	Additional Change Data
0021	SCHICK TECHNOLOGIES - Change List Creator ID	01	UI	Reference Image Instance UID
0021	SCHICK TECHNOLOGIES - Change List Creator ID	02	SQ	Sequence
0021	SCHICK TECHNOLOGIES - Note Item Creator ID	01	ST	Text
0021	SCHICK TECHNOLOGIES - Note Item Creator ID	02	DT	Date
0021	SCHICK TECHNOLOGIES - Note Item Creator ID	03	PN	User Name
0021	SCHICK TECHNOLOGIES - Note Item Creator ID	04	US	Coordinates (X, Y)
0021	SCHICK TECHNOLOGIES - Note List Creator ID	01	UI	Reference Image Instance UID
0021	SCHICK TECHNOLOGIES - Note List Creator ID	02	SQ	Item
0021	SIEMENS CM VA0  CMS	20	DS	FoV
0021	SIEMENS CM VA0  CMS	22	DS	ImageMagnificationFactor
0021	SIEMENS CM VA0  CMS	24	DS	ImageScrollOffset
0021	SIEMENS CM VA0  CMS	26	IS	ImagePixelOffset
0021	SIEMENS CM VA0  CMS	30	LT	ViewDirection
0021	SIEMENS CM VA0  CMS	32	CS	PatientRestDirection
0021	SIEMENS CM VA0  CMS	60	DS	ImagePosition
0021	SIEMENS CM VA0  CMS	61	DS	ImageNormal
0021	SIEMENS CM VA0  CMS	63	DS	ImageDistance
0021	SIEMENS CM VA0  CMS	65	US	ImagePositioningHistoryMask
0021	SIEMENS CM VA0  CMS	6A	DS	ImageRow
0021	SIEMENS CM VA0  CMS	6B	DS	ImageColumn
0021	SIEMENS CM VA0  CMS	70	LT	PatientOrientationSet1
0021	SIEMENS CM VA0  CMS	71	LT	PatientOrientationSet2
0021	SIEMENS CM VA0  CMS	80	LT	StudyName
0021	SIEMENS CM VA0  CMS	82	LT	StudyType
0021	SIEMENS CT VA0  GEN	10	IS	RotationAngle
0021	SIEMENS CT VA0  GEN	11	IS	StartAngle
0021	SIEMENS CT VA0  GEN	20	US	
0021	SIEMENS CT VA0  GEN	30	IS	TopogramTubePosition
0021	SIEMENS CT VA0  GEN	32	DS	LengthOfTopogram
0021	SIEMENS CT VA0  GEN	34	DS	TopogramCorrectionFactor
0021	SIEMENS CT VA0  GEN	36	DS	MaximumTablePosition
0021	SIEMENS CT VA0  GEN	40	IS	TableMoveDirectionCode
0021	SIEMENS CT VA0  GEN	45	IS	VOIStartRow
0021	SIEMENS CT VA0  GEN	46	IS	VOIStopRow
0021	SIEMENS CT VA0  GEN	47	IS	VOIStartColumn
0021	SIEMENS CT VA0  GEN	48	IS	VOIStopColumn
0021	SIEMENS CT VA0  GEN	49	IS	VOIStartSlice
0021	SIEMENS CT VA0  GEN	4A	IS	VOIStopSlice
0021	SIEMENS CT VA0  GEN	50	IS	VectorStartRow
0021	SIEMENS CT VA0  GEN	51	IS	VectorRowStep
0021	SIEMENS CT VA0  GEN	52	IS	VectorStartColumn
0021	SIEMENS CT VA0  GEN	53	IS	VectorColumnStep
0021	SIEMENS CT VA0  GEN	60	IS	RangeTypeCode
0021	SIEMENS CT VA0  GEN	62	IS	ReferenceTypeCode
0021	SIEMENS CT VA0  GEN	70	DS	ObjectOrientation
0021	SIEMENS CT VA0  GEN	72	DS	LightOrientation
0021	SIEMENS CT VA0  GEN	75	DS	LightBrightness
0021	SIEMENS CT VA0  GEN	76	DS	LightContrast
0021	SIEMENS CT VA0  GEN	7A	IS	OverlayThreshold
0021	SIEMENS CT VA0  GEN	7B	IS	SurfaceThreshold
0021	SIEMENS CT VA0  GEN	7C	IS	GreyScaleThreshold
0021	SIEMENS CT VA0  GEN	A0	DS	
0021	SIEMENS CT VA0  GEN	A1	CS	Image Filter Label
0021	SIEMENS CT VA0  GEN	A2	LT	
0021	SIEMENS CT VA0  GEN	A3	IS	Exemplary Element 2
0021	SIEMENS CT VA0  GEN	A4	LO	Exemplary Element 3
0021	SIEMENS CT VA0  GEN	A5	IS	Reference Data Set 1
0021	SIEMENS CT VA0  GEN	A6	IS	Reference Data Set 2
0021	SIEMENS CT VA0  GEN	A7	LT	
0021	SIEMENS CT VA0  ORMR	80	DS	Repetition Time
0021	SIEMENS CT VA0  ORMR	81	DS	Echo Time
0021	SIEMENS CT VA0  ORMR	82	DS	Inversion Time
0021	SIEMENS CT VA0  ORMR	83	IS	Number of Averages
0021	SIEMENS CT VA0  ORMR	84	DS	Imaging Frequency
0021	SIEMENS CT VA0  ORMR	85	LO	Imaged Nucleus
0021	SIEMENS CT VA0  ORMR	86	IS	Echo Number
0021	SIEMENS CT VA0  ORMR	90	DS	Flip Angle
0021	SIEMENS CT VA0  RAW	10	UL	CreationMask
0021	SIEMENS CT VA0  RAW	20	UL	EvaluationMask
0021	SIEMENS CT VA0  RAW	30	US	ExtendedProcessingMask
0021	SIEMENS CT VA0  RAW	40	US	
0021	SIEMENS CT VA0  RAW	41	US	
0021	SIEMENS CT VA0  RAW	42	US	
0021	SIEMENS CT VA0  RAW	43	US	
0021	SIEMENS CT VA0  RAW	44	US	
0021	SIEMENS CT VA0  RAW	50	LT	
0021	SIEMENS DFR.01	10	US	Graphic Evaluation Mask
0021	SIEMENS DFR.01	11	US	Type 1st Graphic Element
0021	SIEMENS DFR.01	12	LO	Description 1st Graphic Element
0021	SIEMENS DFR.01	13	US	Type 2nd Graphic Element
0021	SIEMENS DFR.01	14	LO	Description 2nd Graphic Element
0021	SIEMENS DFR.01	15	US	Type 3rd Graphic Element
0021	SIEMENS DFR.01	16	LO	Description 3rd Graphic Element
0021	SIEMENS DFR.01	17	US	Type 4th Graphic Element
0021	SIEMENS DFR.01	18	LO	Description 4th Graphic Element
0021	SIEMENS DFR.01	19	US	Type 5th Graphic Element
0021	SIEMENS DFR.01	20	LO	Description 5th Graphic Element
0021	SIEMENS DFR.01	21	US	Type 6th Graphic Element
0021	SIEMENS DFR.01	22	LO	Description 6th Graphic Element
0021	SIEMENS DFR.01	23	US	Type 7th Graphic Element
0021	SIEMENS DFR.01	24	LO	Description 7th Graphic Element
0021	SIEMENS DFR.01	25	US	Type 8th Graphic Element
0021	SIEMENS DFR.01	26	LO	Description 8th Graphic Element
0021	SIEMENS DFR.01	27	US	Type 9th Graphic Element
0021	SIEMENS DFR.01	28	LO	Description 9th Graphic Element
0021	SIEMENS DFR.01	29	US	Type 10th Graphic Element
0021	SIEMENS DFR.01	30	LO	Description 10th Graphic Element
0021	SIEMENS DFR.01 SERVICE	10	US	1 Plot
0021	SIEMENS DFR.01 SERVICE	11	US	Width 1 Plot
0021	SIEMENS DFR.01 SERVICE	12	US	2 Plot
0021	SIEMENS DFR.01 SERVICE	13	US	Width 2 Plot
0021	SIEMENS DFR.01 SERVICE	20	US	xCoordinate Region of Interest
0021	SIEMENS DFR.01 SERVICE	21	US	yCoordinate Region of Interest
0021	SIEMENS DFR.01 SERVICE	22	US	Width Region of Interest
0021	SIEMENS DFR.01 SERVICE	23	US	Height Region of Interest
0021	SIEMENS MED	10	DS	Zoom
0021	SIEMENS MED	11	DS	Target
0021	SIEMENS MED	12	IS	TubeAngle
0021	SIEMENS MED	20	US	ROIMask
0021	SIEMENS MED ECAT FILE INFO	00	OB	ECAT_Main_Header
0021	SIEMENS MED ECAT FILE INFO	01	OB	ECAT_Image_Subheader
0021	SIEMENS MED NM	00	OB	ECAT File Menu Header
0021	SIEMENS MED NM	01	OB	ECAT File Subheader
0021	SIEMENS MED NM	10	ST	
0021	SIEMENS MR FMRI	10	SQ	
0021	SIEMENS MR FMRI	11	LO	
0021	SIEMENS MR FMRI	12	SQ	
0021	SIEMENS MR FMRI	13	US	
0021	SIEMENS MR FMRI	14	SQ	
0021	SIEMENS MR FMRI	15	US	
0021	SIEMENS MR FMRI	16	LO	
0021	SIEMENS MR FMRI	17	US	
0021	SIEMENS MR FMRI	18	UL	
0021	SIEMENS MR FMRI	19	FL	
0021	SIEMENS MR FMRI	31	SQ	
0021	SIEMENS MR FMRI	40	SQ	
0021	SIEMENS MR FMRI	41	LO	
0021	SIEMENS MR FMRI	42	SQ	
0021	SIEMENS MR FMRI	43	LO	
0021	SIEMENS MR FMRI	44	US	
0021	SIEMENS MR FMRI	45	LO	
0021	SIEMENS MR FMRI	46	SQ	
0021	SIEMENS MR FMRI	47	UL	
0021	SIEMENS MR FMRI	48	LO	
0021	SIEMENS MR FMRI	49	FD	
0021	SIEMENS MR FMRI	4A	FD	
0021	SIEMENS MR FMRI	4B	FL	
0021	SIEMENS MR IMA	01	SQ	
0021	SIEMENS MR SDI 02	03	DS	FrameAcquisitionDuration
0021	SIEMENS MR SDI 02	04	DS	??
0021	SIEMENS MR SDI 02	05	IS	ICE_Dims
0021	SIEMENS MR SDI 02	06	LO	ICE_Dims
0021	SIEMENS MR SDI 02	1A	SH	?RFSWDDataType?
0021	SIEMENS MR SDI 02	1C	IS	??
0021	SIEMENS MR SDI 02	21	CS	?DiffusionDirectionality?
0021	SIEMENS MR SDI 02	23	FD	
0021	SIEMENS MR SDI 02	24	IS	??
0021	SIEMENS MR SDI 02	33	IS	?CoilForGradient2?
0021	SIEMENS MR SDI 02	35	IS	??
0021	SIEMENS MR SDI 02	41	SH	?GSWDDataType?
0021	SIEMENS MR SDI 02	42	IS	?RealDwellTime?
0021	SIEMENS MR SDI 02	45	SL	?Table Position?
0021	SIEMENS MR SDI 02	46	FD	
0021	SIEMENS MR SDI 02	48	IS	??
0021	SIEMENS MR SDI 02	49	IS	??
0021	SIEMENS MR SDI 02	4E	IS	Actual 3D Ima Part Number
0021	SIEMENS MR SDI 02	4F	LO	ImaCoilString
0021	SIEMENS MR SDI 02	51	UL	?SequenceMask?
0021	SIEMENS MR SDI 02	53	FD	?BandwidthPerPixelPhaseEncode?
0021	SIEMENS MR SDI 02	54	US	??
0021	SIEMENS MR SDI 02	56	LO	?PAT Mode?
0021	SIEMENS MR SDI 02	58	SH	AcquisitionMatrixText
0021	SIEMENS MR SDI 02	59	IS	?ImaRelTablePosition?
0021	SIEMENS MR SDI 02	5B	FD	Image Position (Patient)
0021	SIEMENS MR SDI 02	5E	IS	?FrameIndex?
0021	SIEMENS MR SDI 02	63	IS	?Acquisition Number?
0021	SIEMENS MR SDI 02	67	ST	?DataRole XML?
0021	SIEMENS MR SDI 02	68	OB	?MRDiffusionSequence as base64 encoded?
0021	SIEMENS MR SDI 02	71	UT	?may contain PHI?
0021	SIEMENS MR SDI 02	75	CS	Image Type
0021	SIEMENS MR SDI 02	76	LO	Acquisition Info
0021	SIEMENS MR SDI 02	77	LO	Sequence Name
0021	SIEMENS MR SDI 02	78	CS	Acquisition Type 1
0021	SIEMENS MR SDI 02	79	CS	Acquisition Type 2
0021	SIEMENS MR SDI 02	81	LO	
0021	SIEMENS MR SDI 02	88	DS	Slice Location
0021	SIEMENS MR SDI 02	89	SH	
0021	SIEMENS MR SDI 02	8A	IS	Instance/Frame Number
0021	SIEMENS MR SDI 02	8B	SH	
0021	SIEMENS MR SDI 02	8C	FD	
0021	SIEMENS MR SDI 02	8D	FD	
0021	SIEMENS MR SDI 02	8E	ST	
0021	SIEMENS MR SDI 02	FE	SQ	??
0021	SIEMENS MR SDR 01	01	LO	??
0021	SIEMENS MR SDR 01	02	LO	??
0021	SIEMENS MR SDR 01	03	LO	
0021	SIEMENS MR SDS 01	01	IS	??
0021	SIEMENS MR SDS 01	04	DS	??
0021	SIEMENS MR SDS 01	05	IS	??
0021	SIEMENS MR SDS 01	06	LO	CoilForGradient
0021	SIEMENS MR SDS 01	07	LO	LongModelName
0021	SIEMENS MR SDS 01	08	SH	GradientMode
0021	SIEMENS MR SDS 01	09	LO	PAT mode
0021	SIEMENS MR SDS 01	0A	DS	??
0021	SIEMENS MR SDS 01	0C	SH	?Orientation?
0021	SIEMENS MR SDS 01	0D	US	??
0021	SIEMENS MR SDS 01	0F	DS	?Stim_lim?
0021	SIEMENS MR SDS 01	10	IS	PhoenixMetaProtocolVersion
0021	SIEMENS MR SDS 01	11	DS	??
0021	SIEMENS MR SDS 01	12	FD	??
0021	SIEMENS MR SDS 01	13	DS	??
0021	SIEMENS MR SDS 01	14	IS	??
0021	SIEMENS MR SDS 01	16	DS	??
0021	SIEMENS MR SDS 01	17	DS	??
0021	SIEMENS MR SDS 01	18	SH	?RFSWDMostCriticalAspect?
0021	SIEMENS MR SDS 01	19	OB	PhoenixMetaProtocol
0021	SIEMENS MR SDS 01	1A	LO	??
0021	SIEMENS MR SDS 01	1B	DS	??
0021	SIEMENS MR SDS 01	1C	DS	??
0021	SIEMENS MR SDS 01	1D	IS	??
0021	SIEMENS MR SDS 01	22	SH	Manufacturer
0021	SIEMENS MR SDS 01	23	IS	??
0021	SIEMENS MR SDS 01	25	SL	?ImaAbsTablePosition?
0021	SIEMENS MR SDS 01	26	IS	?MiscSequenceParam?
0021	SIEMENS MR SDS 01	27	US	??
0021	SIEMENS MR SDS 01	2A	IS	?CoilId?
0021	SIEMENS MR SDS 01	2B	ST	?ImaAbsTablePosition?
0021	SIEMENS MR SDS 01	2C	DS	??
0021	SIEMENS MR SDS 01	2D	DS	??
0021	SIEMENS MR SDS 01	2E	IS	??
0021	SIEMENS MR SDS 01	2F	DS	??
0021	SIEMENS MR SDS 01	30	DS	??
0021	SIEMENS MR SDS 01	31	IS	PtabAbsStartPosZ
0021	SIEMENS MR SDS 01	32	SS	??
0021	SIEMENS MR SDS 01	33	SH	??
0021	SIEMENS MR SDS 01	34	DS	??
0021	SIEMENS MR SDS 01	35	DS	??
0021	SIEMENS MR SDS 01	36	DS	??
0021	SIEMENS MR SDS 01	37	SH	??
0021	SIEMENS MR SDS 01	38	DS	??
0021	SIEMENS MR SDS 01	3B	DS	??
0021	SIEMENS MR SDS 01	3D	CS	?Image Acquisition Param?
0021	SIEMENS MR SDS 01	3F	UT	
0021	SIEMENS MR SDS 01	44	DS	??
0021	SIEMENS MR SDS 01	45	CS	??
0021	SIEMENS MR SDS 01	46	DS	??
0021	SIEMENS MR SDS 01	47	CS	??
0021	SIEMENS MR SDS 01	48	CS	??
0021	SIEMENS MR SDS 01	49	CS	??
0021	SIEMENS MR SDS 01	50	US	??
0021	SIEMENS MR SDS 01	51	US	??
0021	SIEMENS MR SDS 01	53	CS	??
0021	SIEMENS MR SDS 01	5A	CS	?Sequence Variant 1?
0021	SIEMENS MR SDS 01	5B	CS	?Sequence Variant 2?
0021	SIEMENS MR SDS 01	5C	CS	MTR flag. MT => ON
0021	SIEMENS MR SDS 01	5D	SL	??
0021	SIEMENS MR SDS 01	5E	LO	
0021	SIEMENS MR SDS 01	5F	SH	?FrameIndex?
0021	SIEMENS MR SDS 01	60	DT	
0021	SIEMENS MR SDS 01	61	SH	
0021	SIEMENS MR SDS 01	62	FL	
0021	SIEMENS MR SDS 01	FE	SQ	Series Data Sequence
0021	SIEMENS MR VA0  GEN	20	IS	PhaseCorrectionRowsSequence
0021	SIEMENS MR VA0  GEN	21	IS	PhaseCorrectionColumnsSequence
0021	SIEMENS MR VA0  GEN	22	IS	PhaseCorrectionRowsReconstruction
0021	SIEMENS MR VA0  GEN	24	IS	PhaseCorrectionColumnsReconstruction
0021	SIEMENS MR VA0  GEN	30	IS	NumberOf3DRawPartitionsNominal
0021	SIEMENS MR VA0  GEN	31	IS	NumberOf3DRawPartitionsCurrent
0021	SIEMENS MR VA0  GEN	34	IS	NumberOf3DImagePartitions
0021	SIEMENS MR VA0  GEN	36	IS	Actual3DImagePartitionNumber
0021	SIEMENS MR VA0  GEN	39	DS	SlabThickness
0021	SIEMENS MR VA0  GEN	40	IS	NumberOfSlicesNominal
0021	SIEMENS MR VA0  GEN	41	IS	NumberOfSlicesCurrent
0021	SIEMENS MR VA0  GEN	42	IS	CurrentSliceNumber
0021	SIEMENS MR VA0  GEN	43	IS	CurrentGroupNumber
0021	SIEMENS MR VA0  GEN	44	DS	CurrentSliceDistanceFactor
0021	SIEMENS MR VA0  GEN	45	IS	MIPStartRow
0021	SIEMENS MR VA0  GEN	46	IS	MIPStopRow
0021	SIEMENS MR VA0  GEN	47	IS	MIPStartColumn
0021	SIEMENS MR VA0  GEN	48	IS	MIPStartColumn
0021	SIEMENS MR VA0  GEN	49	IS	MIPStartSlice
0021	SIEMENS MR VA0  GEN	4A	IS	MIPStartSlice
0021	SIEMENS MR VA0  GEN	4F	LT	OrderofSlices
0021	SIEMENS MR VA0  GEN	50	US	SignalMask
0021	SIEMENS MR VA0  GEN	52	DS	DelayAfterTrigger
0021	SIEMENS MR VA0  GEN	53	IS	RRInterval
0021	SIEMENS MR VA0  GEN	54	DS	NumberOfTriggerPulses
0021	SIEMENS MR VA0  GEN	56	DS	RepetitionTimeEffective
0021	SIEMENS MR VA0  GEN	57	LT	GatePhase
0021	SIEMENS MR VA0  GEN	58	DS	GateThreshold
0021	SIEMENS MR VA0  GEN	59	DS	GatedRatio
0021	SIEMENS MR VA0  GEN	60	IS	NumberOfInterpolatedImages
0021	SIEMENS MR VA0  GEN	70	IS	NumberOfEchoes
0021	SIEMENS MR VA0  GEN	72	DS	SecondEchoTime
0021	SIEMENS MR VA0  GEN	73	DS	SecondRepetitionTime
0021	SIEMENS MR VA0  GEN	80	IS	CardiacCode
0021	SIEMENS MR VA0  GEN	91	DS	SaturationPhaseEncodingVectorTransverseComponent
0021	SIEMENS MR VA0  GEN	92	DS	SaturationReadoutVectorTransverseComponent
0021	SIEMENS MR VA0  GEN	93	DS	EPIChangeValueOfMagnitude
0021	SIEMENS MR VA0  GEN	94	DS	EPIChangeValueOfXComponent
0021	SIEMENS MR VA0  GEN	95	DS	EPIChangeValueOfYComponent
0021	SIEMENS MR VA0  GEN	96	DS	EPIChangeValueOfZComponent
0021	SIEMENS MR VA0  RAW	00	LT	SequenceType
0021	SIEMENS MR VA0  RAW	01	IS	VectorSizeOriginal
0021	SIEMENS MR VA0  RAW	02	IS	VectorSizeExtended
0021	SIEMENS MR VA0  RAW	03	DS	AcquiredSpectralRange
0021	SIEMENS MR VA0  RAW	04	DS	VOIPosition
0021	SIEMENS MR VA0  RAW	05	DS	VOISize
0021	SIEMENS MR VA0  RAW	06	IS	CSIMatrixSizeOriginal
0021	SIEMENS MR VA0  RAW	07	IS	CSIMatrixSizeExtended
0021	SIEMENS MR VA0  RAW	08	DS	SpatialGridShift
0021	SIEMENS MR VA0  RAW	09	DS	SignalLimitsMinimum
0021	SIEMENS MR VA0  RAW	10	DS	SignalLimitsMaximum
0021	SIEMENS MR VA0  RAW	11	DS	SpecInfoMask
0021	SIEMENS MR VA0  RAW	12	DS	EPITimeRateOfChangeOfMagnitude
0021	SIEMENS MR VA0  RAW	13	DS	EPITimeRateOfChangeOfXComponent
0021	SIEMENS MR VA0  RAW	14	DS	EPITimeRateOfChangeOfYComponent
0021	SIEMENS MR VA0  RAW	15	DS	EPITimeRateOfChangeOfZComponent
0021	SIEMENS MR VA0  RAW	16	DS	EPITimeRateOfChangeLegalLimit1
0021	SIEMENS MR VA0  RAW	17	DS	EPIOperationModeFlag
0021	SIEMENS MR VA0  RAW	18	DS	EPIFieldCalculationSafetyFactor
0021	SIEMENS MR VA0  RAW	19	DS	EPILegalLimit1OfChangeValue
0021	SIEMENS MR VA0  RAW	20	DS	EPILegalLimit2OfChangeValue
0021	SIEMENS MR VA0  RAW	21	DS	EPIRiseTime
0021	SIEMENS MR VA0  RAW	30	DS	ArrayCoilADCOffset
0021	SIEMENS MR VA0  RAW	31	DS	ArrayCoilPreamplifierGain
0021	SIEMENS MR VA0  RAW	50	LT	SaturationType
0021	SIEMENS MR VA0  RAW	51	DS	SaturationNormalVector
0021	SIEMENS MR VA0  RAW	52	DS	SaturationPositionVector
0021	SIEMENS MR VA0  RAW	53	DS	SaturationThickness
0021	SIEMENS MR VA0  RAW	54	DS	SaturationWidth
0021	SIEMENS MR VA0  RAW	55	DS	SaturationDistance
0021	SIEMENS RA GEN	15	SS	ImagesInStudy
0021	SIEMENS RA GEN	20	SS	ScenesInStudy
0021	SIEMENS RA GEN	25	SS	ImagesInPhotofile
0021	SIEMENS RA GEN	27	SS	PlaneBImagesExist
0021	SIEMENS RA GEN	28	SS	NoOf2MBChunks
0021	SIEMENS RA GEN	30	SS	ImagesInAllScenes
0021	SIEMENS RA GEN	40	SS	ArchiveSWInternalVersion
0021	SIEMENS SMS-AX  ACQ 1.0	00	US	AcquisitionType
0021	SIEMENS SMS-AX  ACQ 1.0	01	US	AcquisitionMode
0021	SIEMENS SMS-AX  ACQ 1.0	02	US	FootswitchIndex
0021	SIEMENS SMS-AX  ACQ 1.0	03	US	AcquisitionRoom
0021	SIEMENS SMS-AX  ACQ 1.0	04	SL	CurrentTimeProduct
0021	SIEMENS SMS-AX  ACQ 1.0	05	SL	Dose
0021	SIEMENS SMS-AX  ACQ 1.0	06	SL	SkinDosePercent
0021	SIEMENS SMS-AX  ACQ 1.0	07	SL	SkinDoseAccumulation
0021	SIEMENS SMS-AX  ACQ 1.0	08	SL	SkinDoseRate
0021	SIEMENS SMS-AX  ACQ 1.0	09	UL	Impac Filename
0021	SIEMENS SMS-AX  ACQ 1.0	0A	UL	CopperFilter
0021	SIEMENS SMS-AX  ACQ 1.0	0B	US	MeasuringField
0021	SIEMENS SMS-AX  ACQ 1.0	0C	SS	PostBlankingCircle
0021	SIEMENS SMS-AX  ACQ 1.0	0D	SS	DynaAngles
0021	SIEMENS SMS-AX  ACQ 1.0	0E	SS	TotalSteps
0021	SIEMENS SMS-AX  ACQ 1.0	0F	SL	DynaXRayInfo
0021	SIEMENS SMS-AX  ACQ 1.0	10	US	ModalityLUTInputGamma
0021	SIEMENS SMS-AX  ACQ 1.0	11	US	ModalityLUTOutputGamma
0021	SIEMENS SMS-AX  ACQ 1.0	12	OB	SH_STPAR
0021	SIEMENS SMS-AX  ACQ 1.0	13	US	AcquisitionZoom
0021	SIEMENS SMS-AX  ACQ 1.0	14	SS	DynaAngulationStepWidth
0021	SIEMENS SMS-AX  ACQ 1.0	15	US	Harmonization
0021	SIEMENS SMS-AX  ACQ 1.0	16	US	DRSingleFlag
0021	SIEMENS SMS-AX  ACQ 1.0	17	SL	SourceToIsocenter
0021	SIEMENS SMS-AX  ACQ 1.0	18	US	PressureData
0021	SIEMENS SMS-AX  ACQ 1.0	19	SL	ECGIndexArray
0021	SIEMENS SMS-AX  ACQ 1.0	1A	US	FDFlag
0021	SIEMENS SMS-AX  ACQ 1.0	1B	OB	SH_ZOOM
0021	SIEMENS SMS-AX  ACQ 1.0	1C	OB	SH_COLPAR
0021	SIEMENS SMS-AX  ACQ 1.0	1D	US	K_Factor
0021	SIEMENS SMS-AX  ACQ 1.0	1E	US	EVE
0021	SIEMENS SMS-AX  ACQ 1.0	1F	SL	TotalSceneTime
0021	SIEMENS SMS-AX  ACQ 1.0	20	US	RestoreFlag
0021	SIEMENS SMS-AX  ACQ 1.0	21	US	StandMovementFlag
0021	SIEMENS SMS-AX  ACQ 1.0	22	US	FDRows
0021	SIEMENS SMS-AX  ACQ 1.0	23	US	FDColumns
0021	SIEMENS SMS-AX  ACQ 1.0	24	US	TableMovementFlag
0021	SIEMENS SMS-AX  ACQ 1.0	25	LO	OriginalOrganProgramName
0021	SIEMENS SMS-AX  ACQ 1.0	26	DS	CrispyXPIFilter
0021	SIEMENS SMS-AX  ACQ 1.0	28	SQ	
0021	SIEMENS SMS-AX  ACQ 1.0	30	OB	
0021	SIEMENS SMS-AX  ACQ 1.0	40	US	
0021	SIEMENS SMS-AX  ACQ 1.0	41	LO	
0021	SIEMENS SMS-AX  ACQ 1.0	42	US	
0021	SIEMENS SMS-AX  ACQ 1.0	57	SS	
0021	SIEMENS SMS-AX  ACQ 1.0	58	DS	
0021	SIEMENS SMS-AX  ACQ 1.0	71	DS	
0021	SPI-P Release 1	12	LT	SeriesUniqueIdentifier
0021	SPI-P Release 1	14	LT	
0021	SPI-P Release 1;1	01	LO	
0021	SPI-P Release 1;1	41	LO	
0021	SPI-P Release 1;1	42	US	
0021	SPI-P Release 1;1	43	US	
0021	SPI-P Release 1;1	44	DS	
0021	SPI-P Release 1;1	45	LO	
0021	SPI-P Release 1;1	50	US	
0021	SPI-P Release 1;1	51	US	
0021	SPI-P Release 1;1	52	US	
0021	SPI-P Release 1;1	60	IS	
0021	SPI-P Release 1;1	61	IS	
0021	SPI-P Release 1;1	67	LO	
0021	SPI-P Release 1;1	6A	DS	
0021	SPI-P Release 1;1	6B	DS	
0021	SPI-P Release 1;1	6C	US	
0021	SPI-P Release 1;1	6D	DS	
0021	SPI-P Release 1;1	6E	US	
0021	SPI-P Release 1;1	6F	DS	
0021	SPI-P-CTBE-Private Release 1	00	DS	
0021	SPI-P-GV-CT Release 1	20	LO	
0021	SPI-P-GV-CT Release 1	30	DS	
0021	SPI-P-GV-CT Release 1	40	LO	
0021	SPI-P-GV-CT Release 1	50	LO	
0021	SPI-P-GV-CT Release 1	60	DS	
0021	SPI-P-GV-CT Release 1	70	DS	
0021	SPI-P-GV-CT Release 1	80	DS	
0021	SPI-P-GV-CT Release 1	90	DS	
0021	SPI-P-GV-CT Release 1	A0	US	
0021	SPI-P-GV-CT Release 1	A1	DS	
0021	SPI-P-GV-CT Release 1	A2	DS	
0021	SPI-P-GV-CT Release 1	A3	LT	
0021	SPI-P-GV-CT Release 1	A4	LT	
0021	SPI-P-GV-CT Release 1	B0	LO	
0021	SPI-P-GV-CT Release 1	C0	LO	
0021	SPI-P-Private-CWS Release 1	00	LT	WindowOfImagesID
0021	SPI-P-Private-CWS Release 1	01	CS	WindowOfImagesType
0021	SPI-P-Private-CWS Release 1	02	IS	WindowOfImagesScope
0021	SPI-P-Private_CDS Release 1	40	IS	
0021	SVISION	00	DS	NoiseReduction
0021	SVISION	01	DS	ContrastAmplification
0021	SVISION	02	DS	EdgeContrastBoosting
0021	SVISION	03	DS	LatitudeReduction
0021	SVISION	10	LO	FindRangeAlgorithm
0021	SVISION	11	DS	ThresholdCAlgorithm
0021	SVISION	20	LO	SensometricCurve
0021	SVISION	30	DS	LowerWindowOffset
0021	SVISION	31	DS	UpperWindowOffset
0021	SVISION	40	DS	MinPrintableDensity
0021	SVISION	41	DS	MaxPrintableDensity
0021	SVISION	50	DS	Min. Window Latitude
0021	SVISION	51	DS	Max. Window Latitude
0021	SVISION	52	DS	Rel. Window Alignment
0021	SVISION	60	DS	Decomposition Layer
0021	SVISION	90	DS	Brightness
0021	SVISION	91	DS	Contrast
0021	SVISION	92	DS	ShapeFactor
0021	Siemens: Thorax/Multix FD Lab Settings	01	SS	Label Left Orientation
0021	Siemens: Thorax/Multix FD Lab Settings	02	FL	Label Left Percentage X
0021	Siemens: Thorax/Multix FD Lab Settings	03	FL	Label Left Percentage X
0021	Siemens: Thorax/Multix FD Lab Settings	04	US	Label Right
0021	Siemens: Thorax/Multix FD Lab Settings	06	FL	Label Right Percentage X
0021	Siemens: Thorax/Multix FD Lab Settings	07	FL	Label Right Percentage X
0021	Siemens: Thorax/Multix FD Lab Settings	08	US	Auto Window Flag
0021	Siemens: Thorax/Multix FD Lab Settings	09	SL	Auto Window Center
0021	Siemens: Thorax/Multix FD Lab Settings	0A	SL	Auto Window Width
0021	Siemens: Thorax/Multix FD Lab Settings	0B	SS	Filter ID
0021	Siemens: Thorax/Multix FD Lab Settings	0C	FL	Degree of Edge Enhancement
0021	Siemens: Thorax/Multix FD Lab Settings	0D	SS	Half Kernel Size
0021	Siemens: Thorax/Multix FD Lab Settings	0E	US	Dose Control Value
0021	Siemens: Thorax/Multix FD Lab Settings	0F	US	Deleted Image Flag
0021	Siemens: Thorax/Multix FD Lab Settings	10	US	Same Size Support
0021	Siemens: Thorax/Multix FD Lab Settings	11	SS	Label Left Init Position
0021	Siemens: Thorax/Multix FD Lab Settings	12	SS	Label Right Init Position
0021	Siemens: Thorax/Multix FD Lab Settings	13	SS	Patient Rotation
0021	Siemens: Thorax/Multix FD Lab Settings	14	US	Anatomic Correct View Flag
0021	Siemens: Thorax/Multix FD Lab Settings	15	SS	Auto Window Shift
0021	Siemens: Thorax/Multix FD Lab Settings	16	DS	Auto Window Expansion
0021	Siemens: Thorax/Multix FD Lab Settings	17	LO	System Type
0021	Siemens: Thorax/Multix FD Lab Settings	30	SH	Anatomic Sort Number
0021	Siemens: Thorax/Multix FD Lab Settings	31	SH	Acquisition Sort Number
0021	Siemens: Thorax/Multix FD Post Processing	00	US	Label Left
0021	Siemens: Thorax/Multix FD Post Processing	01	SS	Label Left Orientation
0021	Siemens: Thorax/Multix FD Post Processing	02	FL	Label Left Percentage X
0021	Siemens: Thorax/Multix FD Post Processing	03	FL	Label Left Percentage X
0021	Siemens: Thorax/Multix FD Post Processing	04	US	Label Right
0021	Siemens: Thorax/Multix FD Post Processing	05	SS	Label Right Orientation
0021	Siemens: Thorax/Multix FD Post Processing	06	FL	Label Right Percentage X
0021	Siemens: Thorax/Multix FD Post Processing	07	FL	Label Right Percentage X
0021	Siemens: Thorax/Multix FD Post Processing	08	US	Auto Window Flag
0021	Siemens: Thorax/Multix FD Post Processing	09	SL	Auto Window Center
0021	Siemens: Thorax/Multix FD Post Processing	0A	SL	Auto Window Width
0021	Siemens: Thorax/Multix FD Post Processing	0B	SS	Filter ID
0021	Siemens: Thorax/Multix FD Post Processing	0C	FL	Degree of Edge Enhancement
0021	Siemens: Thorax/Multix FD Post Processing	0D	SS	Half Kernel Size
0021	Siemens: Thorax/Multix FD Post Processing	0E	US	Dose Control Value
0021	Siemens: Thorax/Multix FD Post Processing	0F	US	Deleted Image Flag
0021	Siemens: Thorax/Multix FD Post Processing	10	US	Same Size Support
0021	Siemens: Thorax/Multix FD Post Processing	11	SS	Label Left Init Position
0021	Siemens: Thorax/Multix FD Post Processing	12	SS	Label Right Init Position
0021	Siemens: Thorax/Multix FD Post Processing	13	SS	Patient Rotation
0021	Siemens: Thorax/Multix FD Post Processing	14	US	Anatomic Correct View Flag
0021	Siemens: Thorax/Multix FD Post Processing	15	SS	Auto Window Shift
0021	Siemens: Thorax/Multix FD Post Processing	16	DS	Auto Window Expansion
0021	TOSHIBA_MEC_1.0	01	US	
0021	TOSHIBA_MEC_1.0	02	US	
0021	TOSHIBA_MEC_1.0	03	US	
0021	TOSHIBA_MEC_1.0	16	LO	
0021	TOSHIBA_MEC_1.0	17	CS	
0021	TOSHIBA_MEC_1.0	20	US	
0021	TOSHIBA_MEC_MR3^10	02	SL	
0021	TOSHIBA_MEC_MR3^10	03	SL	
0021	TOSHIBA_MEC_MR3^10	04	US	
0021	TOSHIBA_MEC_MR3^10	08	DS	
0021	TOSHIBA_MEC_MR3^10	09	DS	
0021	TOSHIBA_MEC_MR3^10	0A	DS	
0021	TOSHIBA_MEC_MR3^10	0B	US	
0021	TOSHIBA_MEC_MR3^10	0C	US	
0021	TOSHIBA_MEC_MR3^10	0D	FL	
0021	TOSHIBA_MEC_MR3^10	0F	US	
0021	TOSHIBA_MEC_MR3^10	12	DS	
0021	TOSHIBA_MEC_MR3^10	14	SQ	
0021	TOSHIBA_MEC_MR3^10	15	FL	
0021	TOSHIBA_MEC_MR3^10	16	FL	
0021	TOSHIBA_MEC_MR3^10	18	US	
0021	TOSHIBA_MEC_MR3^10	1A	US	
0021	TOSHIBA_MEC_MR3^10	1D	IS	
0021	TOSHIBA_MEC_MR3^10	1F	US	
0021	TOSHIBA_MEC_MR3^10	22	US	
0021	TOSHIBA_MEC_MR3^10	23	SS	
0021	WG12 Supplement 43	01	FD	Image Position (Volume)
0021	WG12 Supplement 43	02	FD	Image Orientation (Volume)
0021	WG12 Supplement 43	07	CS	Ultrasound Acquisition Geometry
0021	WG12 Supplement 43	08	FD	Apex Position
0021	WG12 Supplement 43	09	FD	Volume to Transducer Mapping Matrix
0021	WG12 Supplement 43	0A	FD	Volume to Table Mapping Matrix
0021	WG12 Supplement 43	0C	CS	Patient Frame of Reference Source
0021	WG12 Supplement 43	0D	FD	Temporal Position Time Offset
0021	WG12 Supplement 43	0E	SQ	Plane Position (Volume) Sequence
0021	WG12 Supplement 43	0F	SQ	Plane Orientation (Volume) Sequence
0021	WG12 Supplement 43	10	SQ	Temporal Position Sequence
0021	WG12 Supplement 43	11	CS	Dimension Organization Type
0021	syngoDynamics	AE	OB	
0023	AMICAS0	00	UL	Group Length 0023
0023	AMICAS0	01	UI	?UID?
0023	AMICAS0	08	US	
0023	AMICAS0	10	US	
0023	AMICAS0	16	SL	
0023	AMICAS0	21	US	
0023	AMICAS0	22	UL	
0023	AMICAS0	40	US	
0023	AMICAS0	43	US	
0023	AMICAS0	45	US	
0023	AMICAS0	54	ST	?Performed Station AE Title?
0023	AMICAS0	55	LO	?Patient's Birth Date?
0023	AMICAS0	56	LO	?Institution Name?
0023	AMICAS0	57	LO	?Truncated Study Time?
0023	AMICAS0	65	LO	
0023	FDMS 1.0	10	SQ	
0023	FDMS 1.0	20	SQ	
0023	FDMS 1.0	30	SQ	
0023	GEMS_ACRQA_1.0 BLOCK1	00	LO	CRExposureMenuCode
0023	GEMS_ACRQA_1.0 BLOCK1	10	LO	CRExposureMenuString
0023	GEMS_ACRQA_1.0 BLOCK1	20	LO	CREDRMode
0023	GEMS_ACRQA_1.0 BLOCK1	30	LO	CRLatitude
0023	GEMS_ACRQA_1.0 BLOCK1	40	LO	CRGroupNumber
0023	GEMS_ACRQA_1.0 BLOCK1	50	US	CRImageSerialNumber
0023	GEMS_ACRQA_1.0 BLOCK1	60	LO	CRBarCodeNumber
0023	GEMS_ACRQA_1.0 BLOCK1	70	LO	CRFilmOutputExposure
0023	GEMS_ACRQA_1.0 BLOCK1	80	LO	CRFilmFormat
0023	GEMS_ACRQA_1.0 BLOCK1	90	LO	CRSShiftString
0023	GEMS_ACRQA_1.0 BLOCK2	00	US	CRSShift
0023	GEMS_ACRQA_1.0 BLOCK2	10	DS	CRCShift
0023	GEMS_ACRQA_1.0 BLOCK2	20	DS	CRGT
0023	GEMS_ACRQA_1.0 BLOCK2	30	DS	CRGA
0023	GEMS_ACRQA_1.0 BLOCK2	40	DS	CRGC
0023	GEMS_ACRQA_1.0 BLOCK2	50	DS	CRGS
0023	GEMS_ACRQA_1.0 BLOCK2	60	DS	CRRT
0023	GEMS_ACRQA_1.0 BLOCK2	70	DS	CRRE
0023	GEMS_ACRQA_1.0 BLOCK2	80	US	CRRN
0023	GEMS_ACRQA_1.0 BLOCK2	90	DS	CRDRT
0023	GEMS_ACRQA_1.0 BLOCK3	00	DS	CRDRE
0023	GEMS_ACRQA_1.0 BLOCK3	10	US	CRDRN
0023	GEMS_ACRQA_1.0 BLOCK3	20	DS	CRORE
0023	GEMS_ACRQA_1.0 BLOCK3	30	US	CRORN
0023	GEMS_ACRQA_1.0 BLOCK3	40	US	CRORD
0023	GEMS_ACRQA_1.0 BLOCK3	50	LO	CRCassetteSize
0023	GEMS_ACRQA_1.0 BLOCK3	60	LO	CRMachineID
0023	GEMS_ACRQA_1.0 BLOCK3	70	LO	CRMachineType
0023	GEMS_ACRQA_1.0 BLOCK3	80	LO	CRTechnicianCode
0023	GEMS_ACRQA_1.0 BLOCK3	90	LO	CREnergySubtractionParameters
0023	GEMS_ACRQA_2.0 BLOCK1	00	LO	CRExposureMenuCode
0023	GEMS_ACRQA_2.0 BLOCK1	10	LO	CRExposureMenuString
0023	GEMS_ACRQA_2.0 BLOCK1	20	LO	CREDRMode
0023	GEMS_ACRQA_2.0 BLOCK1	30	LO	CRLatitude
0023	GEMS_ACRQA_2.0 BLOCK1	40	LO	CRGroupNumber
0023	GEMS_ACRQA_2.0 BLOCK1	50	US	CRImageSerialNumber
0023	GEMS_ACRQA_2.0 BLOCK1	60	LO	CRBarCodeNumber
0023	GEMS_ACRQA_2.0 BLOCK1	70	LO	CRFilmOutputExposure
0023	GEMS_ACRQA_2.0 BLOCK1	80	LO	CRFilmFormat
0023	GEMS_ACRQA_2.0 BLOCK1	90	LO	CRSShiftString
0023	GEMS_ACRQA_2.0 BLOCK2	00	US	CRSShift
0023	GEMS_ACRQA_2.0 BLOCK2	10	LO	CRCShift
0023	GEMS_ACRQA_2.0 BLOCK2	20	LO	CRGT
0023	GEMS_ACRQA_2.0 BLOCK2	30	DS	CRGA
0023	GEMS_ACRQA_2.0 BLOCK2	40	DS	CRGC
0023	GEMS_ACRQA_2.0 BLOCK2	50	DS	CRGS
0023	GEMS_ACRQA_2.0 BLOCK2	60	LO	CRRT
0023	GEMS_ACRQA_2.0 BLOCK2	70	DS	CRRE
0023	GEMS_ACRQA_2.0 BLOCK2	80	US	CRRN
0023	GEMS_ACRQA_2.0 BLOCK2	90	DS	CRDRT
0023	GEMS_ACRQA_2.0 BLOCK3	00	DS	CRDRE
0023	GEMS_ACRQA_2.0 BLOCK3	10	US	CRDRN
0023	GEMS_ACRQA_2.0 BLOCK3	20	DS	CRORE
0023	GEMS_ACRQA_2.0 BLOCK3	30	US	CRORN
0023	GEMS_ACRQA_2.0 BLOCK3	40	US	CRORD
0023	GEMS_ACRQA_2.0 BLOCK3	50	LO	CRCassetteSize
0023	GEMS_ACRQA_2.0 BLOCK3	60	LO	CRMachineID
0023	GEMS_ACRQA_2.0 BLOCK3	70	LO	CRMachineType
0023	GEMS_ACRQA_2.0 BLOCK3	80	LO	CRTechnicianCode
0023	GEMS_ACRQA_2.0 BLOCK3	90	LO	CREnergySubtractionParameters
0023	GEMS_ACRQA_2.0 BLOCK3	F0	LO	CRDistributionCode
0023	GEMS_ACRQA_2.0 BLOCK3	FF	US	CRShuttersApplied
0023	GEMS_PETD_01	01	OB	raw_data_blob
0023	GEMS_PETD_01	02	OB	PET raw_data_blob
0023	GEMS_PETD_01	17	SQ	
0023	GEMS_PETD_01	19	FL	
0023	GEMS_PETD_01	1A	FL	
0023	GEMS_PETD_01	1B	SL	
0023	GEMS_PETD_01	1C	SQ	
0023	GEMS_PETD_01	1D	SL	
0023	GEMS_PETD_01	1E	FL	
0023	GEMS_PETD_01	2C	UL	
0023	GEMS_PETD_01	2D	LO	
0023	GEMS_PETD_01	2E	LO	
0023	GEMS_PETD_01	31	CS	
0023	GEMS_PETD_01	40	SQ	
0023	GEMS_PETD_01	41	LO	
0023	GEMS_PETD_01	42	LO	
0023	GEMS_PETD_01	58	SQ	
0023	GEMS_PETD_01	59	LO	
0023	GEMS_PETD_01	5A	LO	
0023	GEMS_STDY_01	01	SL	NumberOfSeriesInStudy
0023	GEMS_STDY_01	02	SL	NumberOfUnarchivedSeries
0023	GEMS_STDY_01	10	SS	ReferenceImageField
0023	GEMS_STDY_01	50	SS	SummaryImage
0023	GEMS_STDY_01	70	FD	StartTimeSecsInFirstAxial
0023	GEMS_STDY_01	74	SL	NumberOfUpdatesToHeader
0023	GEMS_STDY_01	7D	SS	IndicatesIfStudyHasCompleteInfo
0023	GEMS_STDY_01	80	SQ	Has MPPS related tags
0023	HOLOGIC	00	LO	Encoding Scheme Version
0023	HOLOGIC	01	LO	P File Name
0023	HOLOGIC	02	OB	P File Data
0023	HOLOGIC	03	UL	P File Length
0023	HOLOGIC	04	OB	R File Data
0023	HOLOGIC	05	UL	R File Length
0023	Hologic	00	LO	Encoding Scheme Version
0023	Hologic	01	LO	P File Name
0023	Hologic	02	OB	P File Data
0023	Hologic	03	UL	P File Length
0023	Hologic	04	OB	R File Data
0023	Hologic	05	UL	R File Length
0023	SIEMENS SMS-AX  QUANT 1.0	00	DS	HorizontalCalibrationPixelSize
0023	SIEMENS SMS-AX  QUANT 1.0	01	DS	VerticalCalibrationPixelSize
0023	SIEMENS SMS-AX  QUANT 1.0	02	LO	CalibrationObject
0023	SIEMENS SMS-AX  QUANT 1.0	03	DS	CalibrationObjectSize
0023	SIEMENS SMS-AX  QUANT 1.0	04	LO	CalibrationMethod
0023	SIEMENS SMS-AX  QUANT 1.0	05	ST	Filename
0023	SIEMENS SMS-AX  QUANT 1.0	06	IS	FrameNumber
0023	SIEMENS SMS-AX  QUANT 1.0	07	IS	CalibrationFactorMultiplicity
0023	SIEMENS SMS-AX  QUANT 1.0	08	IS	CalibrationTODValue
0023	SPI-P Release 2;1	0D	UI	
0023	SPI-P Release 2;1	0E	UI	
0023	SVISION	00	LO	ImageLaterality
0023	SVISION	01	IS	LetterPosition
0023	SVISION	02	IS	BurnedInAnnotation
0023	SVISION	03	LO	
0023	SVISION	F0	IS	ImageSOPClass
0023	Siemens: Thorax/Multix FD Image Stamp	00	US	
0023	Siemens: Thorax/Multix FD Image Stamp	01	US	
0023	Siemens: Thorax/Multix FD Image Stamp	02	US	
0023	Siemens: Thorax/Multix FD Image Stamp	03	US	
0023	Siemens: Thorax/Multix FD Image Stamp	04	US	
0025	FDMS 1.0	00	UL	Group Length 0025
0025	FDMS 1.0	10	US	RelativeLightEmissionAmountSk
0025	FDMS 1.0	11	US	TermOfCorrectionForEachIPTypeSt
0025	FDMS 1.0	12	US	ReadingGainGp
0025	FDMS 1.0	13	US	
0025	FDMS 1.0	15	CS	
0025	FDMS 1.0	16	US	Min
0025	FDMS 1.0	17	US	Max
0025	FDMS 1.0	20	US	
0025	FDMS 1.0	21	US	
0025	FDMS 1.0	30	US	
0025	FDMS 1.0	31	SS	
0025	FDMS 1.0	32	US	
0025	FDMS 1.0	33	SS	
0025	FDMS 1.0	34	SS	
0025	FDMS 1.0	40	US	
0025	FDMS 1.0	41	US	
0025	FDMS 1.0	42	US	
0025	FDMS 1.0	43	US	
0025	FDMS 1.0	50	US	
0025	FDMS 1.0	51	US	
0025	FDMS 1.0	52	US	
0025	FDMS 1.0	53	US	
0025	FDMS 1.0	60	US	
0025	FDMS 1.0	61	US	
0025	FDMS 1.0	62	US	
0025	FDMS 1.0	63	CS	
0025	FDMS 1.0	70	US	
0025	FDMS 1.0	71	US	
0025	FDMS 1.0	72	US	
0025	FDMS 1.0	73	US	
0025	FDMS 1.0	74	US	
0025	FDMS 1.0	80	US	
0025	FDMS 1.0	81	US	
0025	FDMS 1.0	82	US	
0025	FDMS 1.0	83	US	
0025	FDMS 1.0	84	US	
0025	FDMS 1.0	90	US	
0025	FDMS 1.0	91	US	
0025	FDMS 1.0	92	US	
0025	FDMS 1.0	93	US	
0025	FDMS 1.0	94	US	
0025	FDMS 1.0	95	US	
0025	FDMS 1.0	96	CS	
0025	FDMS 1.0	A0	US	
0025	FDMS 1.0	A1	SS	
0025	FDMS 1.0	A2	US	
0025	FDMS 1.0	A3	SS	
0025	GEMS_DL_FRAME_01	02	IS	Frame Id
0025	GEMS_DL_FRAME_01	03	DS	Distance Source To Detector
0025	GEMS_DL_FRAME_01	04	DS	Distance Source To Patient
0025	GEMS_DL_FRAME_01	05	DS	Distance Source To Skin
0025	GEMS_DL_FRAME_01	06	DS	Positioner Primary Angle
0025	GEMS_DL_FRAME_01	07	DS	Positioner Secondary Angle
0025	GEMS_DL_FRAME_01	08	IS	Beam Orientation
0025	GEMS_DL_FRAME_01	09	DS	Larm Angle
0025	GEMS_DL_FRAME_01	0A	SQ	Frame Sequence
0025	GEMS_DL_FRAME_01	0B	DS	Target Cnr
0025	GEMS_DL_FRAME_01	10	DS	Pivot Angle
0025	GEMS_DL_FRAME_01	1A	DS	Arc Angle
0025	GEMS_DL_FRAME_01	1B	DS	Table Vertical Position
0025	GEMS_DL_FRAME_01	1C	DS	Table Longitudinal Position
0025	GEMS_DL_FRAME_01	1D	DS	Table Lateral Position
0025	GEMS_DL_FRAME_01	1E	IS	Beam Cover Area
0025	GEMS_DL_FRAME_01	1F	DS	Kvp Actual
0025	GEMS_DL_FRAME_01	20	DS	Mas Actual
0025	GEMS_DL_FRAME_01	21	DS	Pw Actual
0025	GEMS_DL_FRAME_01	22	DS	Kvp Commanded
0025	GEMS_DL_FRAME_01	23	DS	Mas Commanded
0025	GEMS_DL_FRAME_01	24	DS	Pw Commanded
0025	GEMS_DL_FRAME_01	25	CS	Grid
0025	GEMS_DL_FRAME_01	26	DS	Sensor Feedback
0025	GEMS_DL_FRAME_01	27	DS	Target Entrance Dose
0025	GEMS_DL_FRAME_01	28	DS	Cnr Commanded
0025	GEMS_DL_FRAME_01	29	DS	Contrast Commanded
0025	GEMS_DL_FRAME_01	2A	DS	Ept Actual
0025	GEMS_DL_FRAME_01	2B	IS	Spectral Filter Znb
0025	GEMS_DL_FRAME_01	2C	DS	Spectral Filter Weight
0025	GEMS_DL_FRAME_01	2D	DS	Spectral Filter Density
0025	GEMS_DL_FRAME_01	2E	IS	Spectral Filter Thickness
0025	GEMS_DL_FRAME_01	2F	IS	Spectral Filter Status
0025	GEMS_DL_FRAME_01	30	IS	Fov Dimension
0025	GEMS_DL_FRAME_01	33	IS	Fov Origin
0025	GEMS_DL_FRAME_01	34	IS	Collimator Left Vertical Edge
0025	GEMS_DL_FRAME_01	35	IS	Collimator Right Vertical Edge
0025	GEMS_DL_FRAME_01	36	IS	Collimator Up Horizontal Edge
0025	GEMS_DL_FRAME_01	37	IS	Collimator Low Horizontal Edge
0025	GEMS_DL_FRAME_01	38	IS	Vertices Polygonal Collimator
0025	GEMS_DL_FRAME_01	39	IS	Contour Filter Distance
0025	GEMS_DL_FRAME_01	3A	UL	Contour Filter Angle
0025	GEMS_DL_FRAME_01	3B	CS	Table Rotation Status
0025	GEMS_DL_FRAME_01	3C	CS	Internal Label Frame
0025	GEMS_SERS_01	06	SS	LastPulseSequenceUsed
0025	GEMS_SERS_01	07	SL	ImagesInSeries
0025	GEMS_SERS_01	10	SL	LandmarkCounter
0025	GEMS_SERS_01	11	SS	NumberOfAcquisitions
0025	GEMS_SERS_01	14	SL	IndicatesNumberOfUpdatesToHeader
0025	GEMS_SERS_01	17	SL	SeriesCompleteFlag
0025	GEMS_SERS_01	18	SL	NumberOfImagesArchived
0025	GEMS_SERS_01	19	SL	LastImageNumberUsed
0025	GEMS_SERS_01	1A	SH	PrimaryReceiverSuiteAndHost
0025	GEMS_SERS_01	1B	OB	Protocol Data Block (compressed)
0025	SIEMENS MR EXTRACTED CSA HEADER	01	SQ	
0025	SIEMENS MR EXTRACTED CSA HEADER	02	LO	
0025	SIEMENS MR EXTRACTED CSA HEADER	03	AT	
0025	SIEMENS MR EXTRACTED CSA HEADER	04	SS	
0025	SIEMENS SMS-AX  ORIGINAL IMAGE INFO 1.0	00	US	ViewNative
0025	SIEMENS SMS-AX  ORIGINAL IMAGE INFO 1.0	01	US	OriginalSeriesNumber
0025	SIEMENS SMS-AX  ORIGINAL IMAGE INFO 1.0	02	US	OriginalImageNumber
0025	SIEMENS SMS-AX  ORIGINAL IMAGE INFO 1.0	03	US	WinCenter
0025	SIEMENS SMS-AX  ORIGINAL IMAGE INFO 1.0	04	US	WinWidth
0025	SIEMENS SMS-AX  ORIGINAL IMAGE INFO 1.0	05	US	WinBrightness
0025	SIEMENS SMS-AX  ORIGINAL IMAGE INFO 1.0	06	US	WinContrast
0025	SIEMENS SMS-AX  ORIGINAL IMAGE INFO 1.0	07	US	OriginalFrameNumber
0025	SIEMENS SMS-AX  ORIGINAL IMAGE INFO 1.0	08	US	OriginalMaskFrameNumber
0025	SIEMENS SMS-AX  ORIGINAL IMAGE INFO 1.0	09	US	Opac
0025	SIEMENS SMS-AX  ORIGINAL IMAGE INFO 1.0	0A	US	OriginalNumberOfFrames
0025	SIEMENS SMS-AX  ORIGINAL IMAGE INFO 1.0	0B	DS	OriginalSceneDuration
0025	SIEMENS SMS-AX  ORIGINAL IMAGE INFO 1.0	0C	LO	IdentifierLOID
0025	SIEMENS SMS-AX  ORIGINAL IMAGE INFO 1.0	0D	SS	OriginalSceneVFRInfo
0025	SIEMENS SMS-AX  ORIGINAL IMAGE INFO 1.0	0E	SS	OriginalFrameECGPosition
0025	SIEMENS SMS-AX  ORIGINAL IMAGE INFO 1.0	0F	SS	OriginalECG1stFrameOffset_retired
0025	SIEMENS SMS-AX  ORIGINAL IMAGE INFO 1.0	10	SS	ZoomFlag
0025	SIEMENS SMS-AX  ORIGINAL IMAGE INFO 1.0	11	US	Flex
0025	SIEMENS SMS-AX  ORIGINAL IMAGE INFO 1.0	12	US	NumberOfMaskFrames
0025	SIEMENS SMS-AX  ORIGINAL IMAGE INFO 1.0	13	US	NumberOfFillFrames
0025	SIEMENS SMS-AX  ORIGINAL IMAGE INFO 1.0	14	US	SeriesNumber
0025	SIEMENS SMS-AX  ORIGINAL IMAGE INFO 1.0	15	IS	ImageNumber
0025	SIEMENS SMS-AX  ORIGINAL IMAGE INFO 1.0	16	IS	
0025	SVISION	00	IS	OriginalImage
0025	SVISION	01	IS	NotProcessedImage
0025	SVISION	02	IS	CutOutImage
0025	SVISION	03	IS	DuplicatedImage
0025	SVISION	04	IS	StoredImage
0025	SVISION	05	IS	RetrievedImage
0025	SVISION	06	IS	RemoteImage
0025	SVISION	07	IS	MediaStoredImage
0025	SVISION	08	IS	ImageState
0025	SVISION	09	IS	Image Stitched Manually
0025	SVISION	0A	IS	Image Stitched Automatically
0025	SVISION	20	LO	SourceImageFile
0025	SVISION	21	UI	
0025	Siemens: Thorax/Multix FD Raw Image Settings	00	SS	Raw Image Amplification
0025	Siemens: Thorax/Multix FD Raw Image Settings	01	SS	Gamma LUT
0025	Siemens: Thorax/Multix FD Raw Image Settings	02	US	Collimator Manual
0025	Siemens: Thorax/Multix FD Raw Image Settings	03	FL	Collimator Up Left X Percentage
0025	Siemens: Thorax/Multix FD Raw Image Settings	04	FL	Collimator Up Right X Percentage
0025	Siemens: Thorax/Multix FD Raw Image Settings	05	FL	Collimator Low Left X Percentage
0025	Siemens: Thorax/Multix FD Raw Image Settings	06	FL	Collimator Low Right X Percentage
0025	Siemens: Thorax/Multix FD Raw Image Settings	07	FL	Collimator Up Left Y Percentage
0025	Siemens: Thorax/Multix FD Raw Image Settings	08	FL	Collimator Up Right Y Percentage
0025	Siemens: Thorax/Multix FD Raw Image Settings	09	FL	Collimator Low Left Y Percentage
0025	Siemens: Thorax/Multix FD Raw Image Settings	0A	FL	Collimator Low Right Y Percentage
0025	Siemens: Thorax/Multix FD Raw Image Settings	0B	US	Set Gray
0025	Siemens: Thorax/Multix FD Raw Image Settings	0C	SS	Harmonization Kernel
0025	Siemens: Thorax/Multix FD Raw Image Settings	0D	FL	Harmonization Gain
0025	Siemens: Thorax/Multix FD Raw Image Settings	0E	SS	Edge Enhancement Kernel
0025	Siemens: Thorax/Multix FD Raw Image Settings	0F	FL	Edge Enhancement Gain
0025	Siemens: Thorax/Multix FD Raw Image Settings	10	LT	Raw Image File Name
0025	Siemens: Thorax/Multix FD Raw Image Settings	11	SS	Global Offset
0025	Siemens: Thorax/Multix FD Raw Image Settings	12	SS	Image Columns
0025	Siemens: Thorax/Multix FD Raw Image Settings	13	SS	Image Rows
0025	Siemens: Thorax/Multix FD Raw Image Settings	14	SS	Image Alignment
0025	Siemens: Thorax/Multix FD Raw Image Settings	15	SS	Active Image Columns
0025	Siemens: Thorax/Multix FD Raw Image Settings	16	SS	Active Image Rows
0025	Siemens: Thorax/Multix FD Raw Image Settings	17	LO	System Type
0025	Siemens: Thorax/Multix FD Raw Image Settings	18	US	Auto Gain
0025	Siemens: Thorax/Multix FD Raw Image Settings	19	US	Ortho Sub Sampling
0025	Siemens: Thorax/Multix FD Raw Image Settings	1A	US	Image Crop Upper Left
0025	Siemens: Thorax/Multix FD Raw Image Settings	1B	US	Image Crop Upper Right
0025	Siemens: Thorax/Multix FD Raw Image Settings	1C	US	Image Crop Lower Left
0025	Siemens: Thorax/Multix FD Raw Image Settings	1D	US	Image Crop Lower Right
0025	Siemens: Thorax/Multix FD Raw Image Settings	30	US	Manual Cropping
0025	Siemens: Thorax/Multix FD Raw Image Settings	31	SS	Gamma LUT Parameter 1
0025	Siemens: Thorax/Multix FD Raw Image Settings	32	DS	Gamma LUT Parameter 2
0025	Siemens: Thorax/Multix FD Raw Image Settings	33	SS	Gamma LUT Parameter 3
0025	Siemens: Thorax/Multix FD Raw Image Settings	34	SS	Gamma LUT Parameter 4
0027	APEX_PRIVATE	00	UL	Group Length 0027
0027	APEX_PRIVATE	10	LO	Private Creator
0027	APEX_PRIVATE	11	DS	Bed Position
0027	FDMS 1.0	10	SQ	
0027	FDMS 1.0	20	SQ	
0027	FDMS 1.0	30	SQ	
0027	FDMS 1.0	40	SQ	
0027	FDMS 1.0	50	SQ	
0027	FDMS 1.0	60	SQ	
0027	FDMS 1.0	70	SQ	
0027	FDMS 1.0	80	SQ	
0027	FDMS 1.0	A0	IS	
0027	FDMS 1.0	A1	CS	
0027	FDMS 1.0	A2	CS	
0027	FDMS 1.0	A3	SS	
0027	GEMS_DLX_DOSE_01	01	SQ	Private Radiation Dose Sequence
0027	GEMS_DLX_DOSE_01	02	IS	Run Number
0027	GEMS_DLX_DOSE_01	03	TM	Run Time
0027	GEMS_DLX_DOSE_01	04	IS	Number of Frames
0027	GEMS_DLX_DOSE_01	05	DS	Frames per Second
0027	GEMS_DLX_DOSE_01	06	CS	Plane
0027	GEMS_DLX_DOSE_01	07	DS	KV
0027	GEMS_DLX_DOSE_01	08	DS	MA
0027	GEMS_DLX_DOSE_01	09	DS	Mas
0027	GEMS_DLX_DOSE_01	10	DS	Ms
0027	GEMS_DLX_DOSE_01	11	DS	Angulation
0027	GEMS_DLX_DOSE_01	12	DS	Rotation
0027	GEMS_DLX_DOSE_01	13	DS	Focal Distance
0027	GEMS_DLX_DOSE_01	14	DS	Image Intensifier Mode
0027	GEMS_IMAG_01	06	SL	ImageArchiveFlag
0027	GEMS_IMAG_01	10	SS	ScoutType
0027	GEMS_IMAG_01	1C	SL	VmaMamp
0027	GEMS_IMAG_01	1D	SS	VmaPhase
0027	GEMS_IMAG_01	1E	SL	VmaMod
0027	GEMS_IMAG_01	1F	SL	VmaClip
0027	GEMS_IMAG_01	20	SS	SmartScanOnOffFlag
0027	GEMS_IMAG_01	30	SH	ForeignImageRevision
0027	GEMS_IMAG_01	31	SS	ImagingMode
0027	GEMS_IMAG_01	32	SS	PulseSequence
0027	GEMS_IMAG_01	33	SL	ImagingOptions
0027	GEMS_IMAG_01	35	SS	PlaneType
0027	GEMS_IMAG_01	36	SL	ObliquePlane
0027	GEMS_IMAG_01	40	SH	RASLetterOfImageLocation
0027	GEMS_IMAG_01	41	FL	ImageLocation
0027	GEMS_IMAG_01	42	FL	CenterRCoordOfPlaneImage
0027	GEMS_IMAG_01	43	FL	CenterACoordOfPlaneImage
0027	GEMS_IMAG_01	44	FL	CenterSCoordOfPlaneImage
0027	GEMS_IMAG_01	45	FL	NormalRCoord
0027	GEMS_IMAG_01	46	FL	NormalACoord
0027	GEMS_IMAG_01	47	FL	NormalSCoord
0027	GEMS_IMAG_01	48	FL	RCoordOfTopRightCorner
0027	GEMS_IMAG_01	49	FL	ACoordOfTopRightCorner
0027	GEMS_IMAG_01	4A	FL	SCoordOfTopRightCorner
0027	GEMS_IMAG_01	4B	FL	RCoordOfBottomRightCorner
0027	GEMS_IMAG_01	4C	FL	ACoordOfBottomRightCorner
0027	GEMS_IMAG_01	4D	FL	SCoordOfBottomRightCorner
0027	GEMS_IMAG_01	50	FL	TableStartLocation
0027	GEMS_IMAG_01	51	FL	TableEndLocation
0027	GEMS_IMAG_01	52	SH	RASLetterForSideOfImage
0027	GEMS_IMAG_01	53	SH	RASLetterForAnteriorPosterior
0027	GEMS_IMAG_01	54	SH	RASLetterForScoutStartLoc
0027	GEMS_IMAG_01	55	SH	RASLetterForScoutEndLoc
0027	GEMS_IMAG_01	60	FL	ImageDimensionX
0027	GEMS_IMAG_01	61	FL	ImageDimensionY
0027	GEMS_IMAG_01	62	FL	NumberOfExcitations
0027	PHILIPS MR/LAST	00	US	
0027	PHILIPS MR/LAST	11	US	
0027	PHILIPS MR/LAST	12	DS	
0027	PHILIPS MR/LAST	13	DS	
0027	PHILIPS MR/LAST	14	DS	
0027	PHILIPS MR/LAST	15	DS	
0027	PHILIPS MR/LAST	16	LO	
0027	SIEMENS SYNGO ENHANCED IDATASET API	01	CS	Business Unit Code
0027	SIEMENS SYNGO ENHANCED IDATASET API	02	LO	Application Type
0027	SIEMENS SYNGO ENHANCED IDATASET API	03	SQ	Application Attributes Sequence
0027	SVISION	00	IS	NumberOfSeries
0027	SVISION	01	IS	NumberOfStudies
0027	SVISION	10	DT	OldestSeries
0027	SVISION	11	DT	NewestSeries
0027	SVISION	12	DT	OldestStudy
0027	SVISION	13	DT	NewestStudy
0029	1.2.840.113663.1	00	US	
0029	1.2.840.113663.1	01	US	
0029	2.16.840.1.114059.1.1.6.1.50.1	20	LT	Description
0029	2.16.840.1.114059.1.1.6.1.50.1	21	ST	Orientation
0029	2.16.840.1.114059.1.1.6.1.50.1	22	ST	Parameter 1
0029	2.16.840.1.114059.1.1.6.1.50.1	23	ST	Parameter 2
0029	2.16.840.1.114059.1.1.6.1.50.1	24	LO	Teeth
0029	2.16.840.1.114059.1.1.6.1.50.1	25	LO	Jaw
0029	2.16.840.1.114059.1.1.6.1.50.1	26	LO	Quadrant
0029	2.16.840.1.114059.1.1.6.1.50.1	27	LO	CRC
0029	AEGIS_DICOM_2.00	00	US	
0029	ATL PRIVATE TAGS	30	UL	Loop Mode
0029	ATL PRIVATE TAGS	31	UL	Trigger mode
0029	ATL PRIVATE TAGS	32	UL	Number of Loops
0029	ATL PRIVATE TAGS	33	DS	Loop Indexes
0029	ATL PRIVATE TAGS	34	DS	Loop Heart Rates
0029	ATL PRIVATE TAGS	35	LO	Medications
0029	AgilityRuntime	11	CS	
0029	AgilityRuntime	12	US	
0029	AgilityRuntime	13	US	
0029	AgilityRuntime	14	US	
0029	AgilityRuntime	1F	US	
0029	CAMTRONICS	10	LT	Commentline
0029	CAMTRONICS	20	DS	EdgeEnhancementCoefficient
0029	CAMTRONICS	50	LT	SceneText
0029	CAMTRONICS	60	LT	ImageText
0029	CAMTRONICS	70	IS	PixelShiftHorizontal
0029	CAMTRONICS	80	IS	PixelShiftVertical
0029	CAMTRONICS	90	IS	
0029	CAMTRONICS IP	10	LT	
0029	CANON_MEC_MR3	01	SQ	Other Private Data
0029	CANON_MEC_MR3	89	LO	
0029	CANON_MEC_MR3	90	OB	Reversed EVRLE DataSet
0029	CANON_MEC_MR3^10	01	SL	Diffusion Gradient Orientation / Toshiba Orientation
0029	CANON_MEC_MR3^10	05	SQ	
0029	CANON_MEC_MR3^10	06	FL	
0029	CANON_MEC_MR3^10	07	FL	
0029	CANON_MEC_MR3^10	1C	FL	
0029	CANON_MEC_MR3^10	21	SL	
0029	CANON_MEC_MR3^10	4E	SL	
0029	CANON_MEC_MR3^10	50	LO	
0029	CANON_MEC_MR3^10	51	LO	
0029	CANON_MEC_MR3^10	52	LO	
0029	CANON_MEC_MR3^10	54	LO	
0029	CANON_MEC_MR3^10	67	FD	Series Diffusion Info (b-value,x,y,z)
0029	CANON_MEC_MR3^10	68	SS	
0029	CANON_MEC_MR3^10	6E	OB	
0029	CARDIO-D.R. 1.0	00	SQ	EdgeEnhancementSequence
0029	CARDIO-D.R. 1.0	01	US	ConvolutionKernelSize
0029	CARDIO-D.R. 1.0	02	US	ConvolutionKernelCoefficients
0029	CARDIO-D.R. 1.0	03	FL	EdgeEnhancementGain
0029	CARDIO-SMS 1.0	80	SQ	Private Data
0029	CEMAX-ICON	00	LO	Key Image
0029	CEMAX-ICON	10	LT	Note
0029	CEMAX-ICON	20	SQ	Annotation Sequence
0029	CEMAX-ICON	30	IS	X Start Position
0029	CEMAX-ICON	40	IS	Y Start Position
0029	CEMAX-ICON	50	IS	X End Position
0029	CEMAX-ICON	60	IS	Y End Position
0029	CEMAX-ICON	70	LO	Annotation Text
0029	CEMAX-ICON	80	IS	Which Marker
0029	CEMAX-ICON	90	SQ	Annotation Sequence
0029	CEMAX-ICON	91	IS	X Coordinates
0029	CEMAX-ICON	92	IS	Y Coordinates
0029	CEMAX-ICON	93	IS	Annotation Type
0029	CEMAX-ICON	94	IS	Number of points
0029	CEMAX-ICON	95	IS	Fill Type
0029	DIGISCAN IMAGE	31	US	
0029	DIGISCAN IMAGE	32	US	
0029	DIGISCAN IMAGE	33	LT	
0029	DIGISCAN IMAGE	34	LT	
0029	Eclipse 60	30	UL	Private data
0029	Eclipse 60	31	UL	Private data
0029	Eclipse 60	32	UL	Private data
0029	Eclipse 60	33	DS	Private data
0029	Eclipse 60	34	DS	Private data
0029	Eclipse 60	36	SL	Private data
0029	Eclipse 60	40	CS	Private data
0029	Eclipse 60	50	CS	Private data
0029	Eclipse 60	51	UL	Private data
0029	Eclipse 60	52	UL	Private data
0029	Eclipse 60	53	DS	Private data
0029	Eclipse 60	54	UL	Private data
0029	Eclipse 60	55	FL	Private data
0029	Eclipse 60	56	US	Private data
0029	Eclipse 60	60	LO	Private data
0029	FDMS 1.0	20	CS	ImageScanningDirection
0029	FDMS 1.0	25	CS	Image Rotation/Reversal Information
0029	FDMS 1.0	30	CS	ExtendedReadingSizeValue
0029	FDMS 1.0	34	US	MagnificationReductionRatio
0029	FDMS 1.0	44	CS	LineDensityCode
0029	FDMS 1.0	50	CS	DataCompressionCode
0029	FujiFILM TM	31	SQ	? PHI found ?
0029	GEIIS	10	UL	Shift Count
0029	GEIIS	12	UL	Offset
0029	GEIIS	14	UL	Actual Frame Number
0029	GEMS_IMAG_01	15	SL	Lower range of Pixels1
0029	GEMS_IMAG_01	16	SL	Lower range of Pixels1
0029	GEMS_IMAG_01	17	SL	Lower range of Pixels2
0029	GEMS_IMAG_01	18	SL	Upper range of Pixels2
0029	GEMS_IMAG_01	1A	SL	Len of tot hdr in bytes No longer supported
0029	GEMS_IMAG_01	26	SS	Version of the hdr struct
0029	GEMS_IMAG_01	34	SL	Advantage comp. Overflow
0029	GEMS_IMAG_01	35	SL	Advantage comp. Underflow
0029	GEMS_IMPS_01	04	SL	LowerRangeOfPixels
0029	GEMS_IMPS_01	05	DS	LowerRangeOfPixels
0029	GEMS_IMPS_01	06	DS	LowerRangeOfPixels
0029	GEMS_IMPS_01	07	SL	LowerRangeOfPixels
0029	GEMS_IMPS_01	08	SH	LowerRangeOfPixels
0029	GEMS_IMPS_01	09	SH	LowerRangeOfPixels
0029	GEMS_IMPS_01	0A	SS	LowerRangeOfPixels
0029	GEMS_IMPS_01	15	SL	LowerRangeOfPixels
0029	GEMS_IMPS_01	16	SL	LowerRangeOfPixels
0029	GEMS_IMPS_01	17	SL	LowerRangeOfPixels
0029	GEMS_IMPS_01	18	SL	UpperRangeOfPixels
0029	GEMS_IMPS_01	1A	SL	LengthOfTotalHeaderInBytes
0029	GEMS_IMPS_01	26	SS	VersionOfHeaderStructure
0029	GEMS_IMPS_01	34	SL	AdvantageCompOverflow
0029	GEMS_IMPS_01	35	SL	AdvantageCompUnderflow
0029	INTEGRIS 1.0	00	SQ	Edge Enhancement Sequence
0029	INTEGRIS 1.0	01	US	Convolution Kernel Size
0029	INTEGRIS 1.0	02	US	Convolution Kernel Coefficients
0029	INTEGRIS 1.0	03	FL	Edge Enhancement Gain
0029	INTEGRIS 1.0	08	IS	NumberOfExposureResults
0029	INTELERAD MEDICAL SYSTEMS	01	FD	ImageCompressionFraction
0029	INTELERAD MEDICAL SYSTEMS	02	FD	ImageQuality
0029	INTELERAD MEDICAL SYSTEMS	03	FD	ImageBytesTransferred
0029	INTELERAD MEDICAL SYSTEMS	08	SL	Image Bounding Box
0029	INTELERAD MEDICAL SYSTEMS	09	LO	Image Bounding Box Algorithm ID
0029	INTELERAD MEDICAL SYSTEMS	10	SH	J2cParameterType
0029	INTELERAD MEDICAL SYSTEMS	11	US	J2cPixelRepresentation
0029	INTELERAD MEDICAL SYSTEMS	12	US	J2cBitsAllocated
0029	INTELERAD MEDICAL SYSTEMS	13	US	J2cPixelShiftValue
0029	INTELERAD MEDICAL SYSTEMS	14	US	J2cPlanarConfiguration
0029	INTELERAD MEDICAL SYSTEMS	15	DS	J2cRescaleIntercept
0029	INTELERAD MEDICAL SYSTEMS	16	US	J2c Smallest Pixel Value
0029	INTELERAD MEDICAL SYSTEMS	17	US	J2c Largest Pixel Value
0029	INTELERAD MEDICAL SYSTEMS	20	LO	PixelDataMD5SumPerFrame
0029	INTELERAD MEDICAL SYSTEMS	21	US	HistogramPercentileLabels
0029	INTELERAD MEDICAL SYSTEMS	22	FD	HistogramPercentileValues
0029	INTELERAD MEDICAL SYSTEMS	23	FD	VOI LUT Window Level Values
0029	INTELERAD MEDICAL SYSTEMS	24	FD	VOI LUT Real Pixel Value Range
0029	INTELERAD MEDICAL SYSTEMS	25	IS	VOI LUT Index
0029	INTELERAD MEDICAL SYSTEMS	26	DS	J2C Rescale Slope
0029	INTELERAD MEDICAL SYSTEMS	27	FD	Image Rotation Angle
0029	INTELERAD MEDICAL SYSTEMS	28	FD	Displayed Area Top Left-Hand Corner
0029	INTELERAD MEDICAL SYSTEMS	29	FD	Displayed Area Bottom Right-Hand Corner
0029	ISG shadow	70	IS	
0029	ISG shadow	80	IS	
0029	ISG shadow	90	IS	
0029	Kodak Image Information	15	LO	
0029	Kodak Image Information	16	LO	
0029	Kodak Image Information	17	LO	
0029	Kodak Image Information	18	UT	
0029	Kodak Image Information	19	IS	
0029	Kodak Image Information	1A	IS	
0029	MEDIFACE	01	UL	
0029	MEDIFACE	10	DS	Window Center
0029	MEDIFACE	11	DS	Window Width
0029	MEDIFACE	20	DS	
0029	MEDIFACE	21	UL	
0029	MEDIFACE	22	DS	MEDIFACE Pixel Spacing
0029	MEDIFACE	30	LT	
0029	MITRA MARKUP 1.0	00	LO	
0029	MITRA MARKUP 1.0	01	LO	
0029	MITRA OBJECT DOCUMENT 1.0	00	OB	
0029	MITRA PRESENTATION 1.0	00	CS	Mitra Rotation
0029	MITRA PRESENTATION 1.0	01	LO	Mitra Window Width
0029	MITRA PRESENTATION 1.0	02	LO	Mitra Window Centre
0029	MITRA PRESENTATION 1.0	03	IS	Mitra Invert
0029	MITRA PRESENTATION 1.0	04	IS	Mitra Has Tabstop
0029	MITRA PRESENTATION 1.0	05	CS	Smooth Rotation
0029	MITRA PRESENTATION 1.0	10	CS	Breast Box x0
0029	MITRA PRESENTATION 1.0	11	CS	Breast Box y0
0029	MITRA PRESENTATION 1.0	12	CS	Breast Box x1
0029	MITRA PRESENTATION 1.0	13	CS	Breast Box y1
0029	MMCPrivate	00	LO	Private Creator
0029	MMCPrivate	01	IS	SliceNumber
0029	MMCPrivate	02	IS	PhaseNumber
0029	MMCPrivate	03	LO	ProcType
0029	MMCPrivate	04	LO	StopwatchTime
0029	MMCPrivate	05	LO	Plane
0029	MMCPrivate	06	LO	ScanTime
0029	MMCPrivate	08	LO	DualSliceFlag
0029	MMCPrivate	09	LO	SspRatio
0029	MMCPrivate	0A	LO	GatingSignalSource
0029	MMCPrivate	0B	LO	Rephase
0029	MMCPrivate	0C	LO	HalfEcho
0029	MMCPrivate	0D	LO	RectFOVRatio
0029	MMCPrivate	0E	LO	HalfScan
0029	MMCPrivate	0F	LO	NumShots
0029	MMCPrivate	10	LO	ContrastAgent
0029	MMCPrivate	11	LO	EchoAllocation
0029	MMCPrivate	12	LO	NumEchoShift
0029	MMCPrivate	13	LO	FatSat
0029	MMCPrivate	14	LO	MTC
0029	MMCPrivate	15	LO	NumPreSat
0029	MMCPrivate	16	LO	TargetVelocity
0029	MMCPrivate	17	LO	VENCAxis
0029	MMCPrivate	18	LO	NumVENCDirection
0029	MMCPrivate	1C	LO	IsScalableWindowLevel
0029	MMCPrivate	1D	LO	ThreeDSettingLineAngle
0029	MMCPrivate	1E	LO	MPGTotalAxis
0029	MMCPrivate	1F	LO	MPGAxisNumber
0029	MMCPrivate	20	IS	MultiEchoNumber
0029	MMCPrivate	21	DS	NaviAverageGateWidth
0029	MMCPrivate	22	ST	ShimCompensateValue
0029	MMCPrivate	23	LO	GCOffset
0029	MMCPrivate	24	DS	NaviMaxGateWidth
0029	MMCPrivate	25	DS	NaviMinGateWidth
0029	MMCPrivate	26	DS	NaviMaxGatePosition
0029	MMCPrivate	27	DS	NaviMinGatePosition
0029	MMCPrivate	28	DS	TimeDuration
0029	MMCPrivate	29	DS	TablePosition
0029	MMCPrivate	2A	DS	NaviInitialGateWidth
0029	MMCPrivate	2B	DS	NaviFinalGateWidth
0029	MMCPrivate	2C	DS	NaviInitialGatePosition
0029	MMCPrivate	2D	DS	NaviFinalGatePosition
0029	MMCPrivate	2E	DS	NaviAverageGatePosition
0029	MMCPrivate	2F	OB	ImageAppData
0029	MMCPrivate	30	FD	DiffusionBValue
0029	MMCPrivate	31	SQ	SharedFunctionalGroupsSequence
0029	MMCPrivate	32	SQ	PerFrameFunctionalGroupsSequence
0029	MMCPrivate	33	DS	LossyImageCompressionRatio
0029	MMCPrivate	34	UI	InstanceCreatorUID
0029	MMCPrivate	35	UI	RelatedGeneralSOPClassUID
0029	MMCPrivate	36	UI	OriginalSpecializedSOPClassUID
0029	MMCPrivate	37	SH	TimezoneOffsetFromUTC
0029	MMCPrivate	38	CS	SOPInstanceStatus
0029	MMCPrivate	39	DT	SOPAuthorizationDateandTime
0029	MMCPrivate	3A	LT	SOPAuthorizationComment
0029	MMCPrivate	3B	LO	AuthorizationEquipmentCertificationNumber
0029	MMCPrivate	3C	UL	ConcatenationFrameOffsetNumber
0029	MMCPrivate	3D	US	RepresentativeFrameNumber
0029	MMCPrivate	3E	UI	ConcatenationUID
0029	MMCPrivate	3F	US	InConcatenationNumber
0029	MMCPrivate	40	CS	CardiacSynchronizationTechnique
0029	MMCPrivate	41	CS	CardiacSignalSource
0029	MMCPrivate	42	FD	CardiacRRIntervalSpecified
0029	MMCPrivate	43	CS	CardiacBeatRejectionTechnique
0029	MMCPrivate	44	IS	LowRRValue
0029	MMCPrivate	45	IS	HighRRValue
0029	MMCPrivate	46	IS	IntervalsAcquired
0029	MMCPrivate	47	IS	IntervalsRejected
0029	MMCPrivate	48	CS	RespiratoryMotionCompensationTechnique
0029	MMCPrivate	49	CS	RespiratorySignalSource
0029	MMCPrivate	4A	CS	BulkMotionCompensationTechnique
0029	MMCPrivate	4B	CS	BulkMotionSignalSource
0029	MMCPrivate	4C	CS	PixelPresentation
0029	MMCPrivate	4D	CS	VolumetricProperties
0029	MMCPrivate	4E	CS	VolumeBasedCalculationTechnique
0029	MMCPrivate	4F	ST	AcquisitionContextDescription
0029	MMCPrivate	50	SQ	ModalityLUTSequence
0029	MMCPrivate	51	LO	LUTDescriptor
0029	MMCPrivate	52	LO	LUTExplanation
0029	MMCPrivate	53	LO	LUTData
0029	MMCPrivate	54	CS	PresentationLUTShape
0029	MMCPrivate	55	SQ	FrameAnatomySequence
0029	MMCPrivate	56	CS	FrameLaterality
0029	MMCPrivate	57	SQ	AnatomicRegionSequence
0029	MMCPrivate	58	SH	AnatomicRegionCodeValue
0029	MMCPrivate	59	SH	AnatomicRegionCodingSchemeDesignator
0029	MMCPrivate	5A	SH	AnatomicRegionCodingSchemeVersion
0029	MMCPrivate	5B	LO	AnatomicRegionCodeMeaning
0029	MMCPrivate	5C	SQ	PixelValueTransformationSequence
0029	MMCPrivate	5D	LO	RescaleType
0029	MMCPrivate	5E	SQ	CardiacTriggerSequence
0029	MMCPrivate	5F	FD	TriggerDelayTime
0029	MMCPrivate	60	SQ	FrameVOILUTSequence
0029	MMCPrivate	61	LO	WindowCenterAndWidthExplanation
0029	MMCPrivate	62	CS	AcquisitionContrast
0029	MMCPrivate	63	SQ	MRModifierSequence
0029	MMCPrivate	64	CS	ParallelAcquisitionTechnic
0029	MMCPrivate	65	FD	ParallelReductionFactorSecIn
0029	MMCPrivate	66	CS	InversionRecovery
0029	MMCPrivate	67	CS	FlowCompensation
0029	MMCPrivate	68	CS	FlowCompensationDirection
0029	MMCPrivate	69	CS	SpatialPreSaturation
0029	MMCPrivate	6A	CS	PartialFourier
0029	MMCPrivate	6B	CS	PartialFourierDirection
0029	MMCPrivate	6C	CS	ResonantNucleus
0029	MMCPrivate	6D	CS	KSpaceFiltering
0029	MMCPrivate	6E	CS	ApplicableSafetyStandardAgency
0029	MMCPrivate	6F	LO	ApplicableSafetyStandardDescription
0029	MMCPrivate	70	SQ	MRReceiveCoilSequence
0029	MMCPrivate	71	LO	ReceiveCoilManufacturerName
0029	MMCPrivate	72	CS	ReceiveCoilType
0029	MMCPrivate	73	CS	QuadratureReceiveCoil
0029	MMCPrivate	74	LO	MultiCoilConfiguration
0029	MMCPrivate	75	CS	ComplexImageComponent
0029	MMCPrivate	76	SH	PulseSequenceName
0029	MMCPrivate	77	CS	EchoPulseSequence
0029	MMCPrivate	78	CS	MultipleSpinEcho
0029	MMCPrivate	79	CS	MultiPlanarExcitation
0029	MMCPrivate	7A	CS	PhaseContrast
0029	MMCPrivate	7B	CS	TimeOfFlightContrast
0029	MMCPrivate	7C	CS	SteadyStatePulseSequence
0029	MMCPrivate	7D	CS	EchoPlanarPulseSequence
0029	MMCPrivate	7E	CS	SpectrallySelectedSuppression
0029	MMCPrivate	7F	CS	OversamplingPhase
0029	MMCPrivate	80	CS	SegmentedKSpaceTraversal
0029	MMCPrivate	81	CS	CoverageOfKSpace
0029	MMCPrivate	82	SQ	MRTimingAndRelatedParametersSequence
0029	MMCPrivate	83	US	RFEchoTrainLength
0029	MMCPrivate	84	US	GradientEchoTrainLength
0029	MMCPrivate	85	CS	GradientOutputType
0029	MMCPrivate	86	FD	GradientOutput
0029	MMCPrivate	87	SQ	MRFOVGeometrySequence
0029	MMCPrivate	88	US	MRAcquisitionFrequencyEncodingSteps
0029	MMCPrivate	89	US	MRAcquisitionPhaseEncodingStepsInPlane
0029	MMCPrivate	8A	US	MRAcquisitionPhaseEncodingStepsOutOfPlane
0029	MMCPrivate	8B	SQ	MRTransmitCoilSequence
0029	MMCPrivate	8C	SH	TransmitCoilName
0029	MMCPrivate	8D	LO	TransmitCoilManufacturerName
0029	MMCPrivate	8E	CS	TransmitCoilType
0029	MMCPrivate	8F	SQ	MREchoSequence
0029	MMCPrivate	90	FD	EffectiveEchoTime
0029	MMCPrivate	91	SQ	MRMetaboliteMapSequence
0029	MMCPrivate	92	ST	MetaboliteMapDescription
0029	MMCPrivate	93	SQ	MetaboliteMapCodeSequence
0029	MMCPrivate	94	SH	MetaboliteMapCodeValue
0029	MMCPrivate	95	SH	MetaboliteMapCodingSchemeDesignator
0029	MMCPrivate	96	SH	MetaboliteMapCodingSchemeVersion
0029	MMCPrivate	97	LO	MetaboliteMapCodeMeaning
0029	MMCPrivate	98	SQ	MRImagingModifierSequence
0029	MMCPrivate	99	CS	MagnetizationTransfer
0029	MMCPrivate	9A	CS	BloodSignalNulling
0029	MMCPrivate	9B	CS	Tagging
0029	MMCPrivate	9C	FD	TagSpacingFirstDimension
0029	MMCPrivate	9D	FD	TagSpacingSecondDimension
0029	MMCPrivate	9E	FD	TagAngleFirstAxis
0029	MMCPrivate	9F	SS	TagAngleSecondAxis
0029	MMCPrivate	A0	FD	TagThickness
0029	MMCPrivate	A1	FD	TaggingDelay
0029	MMCPrivate	A2	FD	TransmitterFrequency
0029	MMCPrivate	A3	DS	PixelBandwidth
0029	MMCPrivate	A4	SQ	MRVelocityEncodingSequence
0029	MMCPrivate	A5	FD	VelocityEncodingDirection
0029	MMCPrivate	A6	FD	VelocityEncodingMinimumValue
0029	MMCPrivate	A7	FD	VelocityEncodingMaximumValue
0029	MMCPrivate	A8	SQ	MRImageFrameTypeSequence
0029	MMCPrivate	A9	CS	FrameType
0029	MMCPrivate	AA	CS	PixelPresentation
0029	MMCPrivate	AB	CS	VolumetricProperties
0029	MMCPrivate	AC	CS	VolumeBasedCalculationTechnique
0029	MMCPrivate	AD	IS	FilmedCount
0029	MMCPrivate	AE	LO	IsTransferred
0029	MMCPrivate	AF	LO	IsArchived
0029	MMCPrivate	B0	LO	MppsStepStatus
0029	MMCPrivate	B1	LO	CommitmentStatus
0029	MMCPrivate	B2	LO	IsStorageCommitted
0029	MMCPrivate	B3	LO	IsDicom
0029	MMCPrivate	B4	LO	IsAllowCascadeSave
0029	MMCPrivate	B5	LO	IsAllowCascadeProtect
0029	MMCPrivate	B6	LO	IsDeleted
0029	MMCPrivate	B7	OB	ApplicationData
0029	MMCPrivate	B8	LO	IsAllowCascadeSave
0029	MMCPrivate	B9	LO	IsAllowCascadeProtect
0029	MMCPrivate	BA	LO	IsDeleted
0029	MMCPrivate	BB	IS	VOI1
0029	MMCPrivate	BC	IS	VOI2
0029	MMCPrivate	BD	UI	BackgroundImageInstanceUID
0029	MMCPrivate	BE	LO	IsStoredToPortableMedia
0029	MMCPrivate	BF	DS	Voi1
0029	MMCPrivate	C0	FD	SelectiveIRColumn
0029	MMCPrivate	C1	DS	Voi2
0029	MMCPrivate	C2	DS	MixingTime
0029	MMCPrivate	C3	DS	SelectiveIRPosition
0029	MMCPrivate	C4	DS	SelectiveIRRow
0029	MMCPrivate	C5	DS	SelectiveIRColumn
0029	MMCPrivate	C6	DS	SelectiveIROrientation
0029	MMCPrivate	C7	LO	SelectiveIRThickness
0029	MMCPrivate	C8	SH	RephaseOrderSlice
0029	MMCPrivate	C9	SH	RephaseOrderPhase
0029	MMCPrivate	CA	SH	RephaseOrderFreq
0029	MMCPrivate	CB	ST	MetaboliteMapDescription
0029	MMCPrivate	CC	SQ	volumeLocalizationSeq
0029	MMCPrivate	CD	FD	SlabThickness
0029	MMCPrivate	CE	FD	SlabOrientation
0029	MMCPrivate	CF	FD	MidSlabPosition
0029	MMCPrivate	D0	LO	AcqModeSliceDir
0029	MMCPrivate	D1	LO	IRThicknessRatio
0029	MMCPrivate	D2	LO	BBIRThicknessRatio
0029	MMCPrivate	D3	LO	DeltaAngle
0029	MMCPrivate	D4	IS	MultiFrameFrameNumber
0029	MMCPrivate	D5	UI	EnhancedSopInstanceUid
0029	MMCPrivate	D6	LO	PolarityOfPhaseEncoding
0029	MMCPrivate	D7	OB	PresentationStates
0029	MMCPrivate	D9	DS	Magnetic Field Direction
0029	Mitra Markup 1.0	00	OB	Markup1
0029	Mitra Markup 1.0	01	OB	Markup2
0029	Mitra Markup 1.0	02	OB	Markup3
0029	Mitra Markup 1.0	03	OB	Markup4
0029	Mitra Markup 1.0	04	OB	Markup5
0029	Mitra Markup 1.0	05	OB	Markup6
0029	Mitra Markup 1.0	06	OB	Markup7
0029	Mitra Markup 1.0	07	OB	Markup8
0029	Mitra Markup 1.0	08	OB	Markup9
0029	Mitra Markup 1.0	09	OB	Markup10
0029	Mitra Markup 1.0	10	OB	Markup11
0029	Mitra Markup 1.0	11	OB	Markup12
0029	Mitra Markup 1.0	12	OB	Markup13
0029	Mitra Markup 1.0	13	OB	Markup14
0029	Mitra Markup 1.0	14	OB	Markup15
0029	Mitra Object Document 1.0	00	OB	IMPAX object document
0029	Mitra Object Document 1.0	10	OB	IMPAX markup XML stored
0029	PHILIPS MR/LAST	10	DS	FPMin
0029	PHILIPS MR/LAST	20	DS	FPMax
0029	PHILIPS MR/LAST	30	DS	ScaledMinimum
0029	PHILIPS MR/LAST	40	DS	ScaledMaximum
0029	PHILIPS MR/LAST	50	DS	WindowMinimum
0029	PHILIPS MR/LAST	60	DS	WindowMaximum
0029	PHILIPS MR/LAST	61	IS	
0029	PHILIPS MR/LAST	62	IS	
0029	PHILIPS MR/LAST	70	DS	
0029	PHILIPS MR/LAST	71	DS	
0029	PHILIPS MR/LAST	72	IS	
0029	PHILIPS MR/LAST	80	IS	ViewCenter
0029	PHILIPS MR/LAST	81	IS	ViewSize
0029	PHILIPS MR/LAST	82	IS	ViewZoom
0029	PHILIPS MR/LAST	83	IS	ViewTransform
0029	PHILIPS MR/PART	00	DS	
0029	PHILIPS MR/PART	04	US	
0029	PHILIPS MR/PART	10	DS	
0029	PHILIPS MR/PART	11	DS	
0029	PHILIPS MR/PART	20	LO	
0029	PHILIPS MR/PART	31	DS	
0029	PHILIPS MR/PART	32	DS	
0029	PHILIPS MR/PART	50	DS	
0029	PHILIPS MR/PART	51	DS	
0029	PHILIPS MR/PART	52	DS	
0029	PHILIPS MR/PART	53	DS	
0029	PHILIPS MR/PART	C3	IS	ScanResolution
0029	PHILIPS MR/PART	C4	IS	FieldOfView
0029	PHILIPS MR/PART	D5	LT	SliceThickness
0029	PMTF INFORMATION DATA	01	SQ	?DTI Seq?
0029	PMTF INFORMATION DATA	31	LO	PMTF Information 1
0029	PMTF INFORMATION DATA	32	UL	PMTF Information 2
0029	PMTF INFORMATION DATA	33	UL	PMTF Information 3
0029	PMTF INFORMATION DATA	34	CS	PMTF Information 4
0029	PMTF INFORMATION DATA	89	LO	
0029	PMTF INFORMATION DATA	90	OB	Reversed EVRLE DataSet
0029	PMTF INFORMATION DATA^10	01	SL	Diffusion Gradient Orientation / Toshiba Orientation
0029	PMTF INFORMATION DATA^10	05	SQ	?seq?
0029	PMTF INFORMATION DATA^10	06	FL	?num?
0029	PMTF INFORMATION DATA^10	07	FL	?num?
0029	PMTF INFORMATION DATA^10	1C	FL	?vect2?
0029	PMTF INFORMATION DATA^10	21	SL	?vect3?
0029	PMTF INFORMATION DATA^10	4E	SL	?num?
0029	PMTF INFORMATION DATA^10	50	LO	?root filepath?
0029	PMTF INFORMATION DATA^10	51	LO	?series filepath?
0029	PMTF INFORMATION DATA^10	52	LO	?instance filepath?
0029	PMTF INFORMATION DATA^10	54	LO	?study filepath?
0029	PMTF INFORMATION DATA^10	67	FD	Series Diffusion Info (b-value,x,y,z)
0029	PMTF INFORMATION DATA^10	68	SS	?num 1?
0029	PMTF INFORMATION DATA^10	6E	OB	
0029	Philips US Imaging 60	50	CS	?COLOR/CPA/NONE?
0029	RadWorksMarconi	24	US	<internal
0029	SCHICK TECHNOLOGIES - Image Security Creator ID	01	UL	Image Checksum
0029	SECTRA_ImageInfo_01	01	OB	Image info
0029	SECTRA_ImageInfo_01	02	CS	Marking
0029	SECTRA_ImageInfo_01	03	LO	No Decompression
0029	SECTRA_ImageInfo_01	04	OB	Image Info new
0029	SECTRA_ImageInfo_01	05	SS	
0029	SHS MagicView 300	01	FD	Zoom Factor
0029	SHS MagicView 300	02	FD	Pan Factor X
0029	SHS MagicView 300	03	FD	Pan Factor Y
0029	SHS MagicView 300	04	LO	NmPalette
0029	SIEMENS CM VA0  CMS	10	LT	WindowStyle
0029	SIEMENS CM VA0  CMS	11	LT	
0029	SIEMENS CM VA0  CMS	12	UL	Window Table Index
0029	SIEMENS CM VA0  CMS	13	LT	
0029	SIEMENS CM VA0  CMS	20	LT	PixelQualityCode
0029	SIEMENS CM VA0  CMS	22	IS	PixelQualityValue
0029	SIEMENS CM VA0  CMS	50	LT	ArchiveCode
0029	SIEMENS CM VA0  CMS	51	LT	ExposureCode
0029	SIEMENS CM VA0  CMS	52	LT	SortCode
0029	SIEMENS CM VA0  CMS	53	LT	
0029	SIEMENS CM VA0  CMS	60	LT	Splash
0029	SIEMENS CSA ENVELOPE	10	OB	syngo Report Data
0029	SIEMENS CSA ENVELOPE	11	OB	syngo Report Presentation
0029	SIEMENS CSA HEADER	08	CS	CSAImageHeaderType
0029	SIEMENS CSA HEADER	09	LO	CSAImageHeaderVersion
0029	SIEMENS CSA HEADER	10	OB	CSAImageHeaderInfo
0029	SIEMENS CSA HEADER	18	CS	CSASeriesHeaderType
0029	SIEMENS CSA HEADER	19	LO	CSASeriesHeaderVersion
0029	SIEMENS CSA HEADER	20	OB	CSASeriesHeaderInfo
0029	SIEMENS CSA NON-IMAGE	08	CS	CSADataType
0029	SIEMENS CSA NON-IMAGE	09	LO	CSADataVersion
0029	SIEMENS CSA NON-IMAGE	10	OB	CSADataInfo
0029	SIEMENS CSA REPORT	08	CS	syngo Report Type
0029	SIEMENS CSA REPORT	09	LO	syngo Report
0029	SIEMENS CSA REPORT	15	US	SR Variant
0029	SIEMENS CSA REPORT	17	UI	SC SOP Instance UID
0029	SIEMENS MED DISPLAY	04	LT	PhotometricInterpretation
0029	SIEMENS MED DISPLAY	10	US	RowsOfSubmatrix
0029	SIEMENS MED DISPLAY	11	US	ColumnsOfSubmatrix
0029	SIEMENS MED DISPLAY	20	US	
0029	SIEMENS MED DISPLAY	21	US	
0029	SIEMENS MED DISPLAY	50	US	OriginOfSubmatrix
0029	SIEMENS MED DISPLAY	80	US	
0029	SIEMENS MED DISPLAY	99	LT	ShutterType
0029	SIEMENS MED DISPLAY	A0	US	RowsOfRectangularShutter
0029	SIEMENS MED DISPLAY	A1	US	ColumnsOfRectangularShutter
0029	SIEMENS MED DISPLAY	A2	US	OriginOfRectangularShutter
0029	SIEMENS MED DISPLAY	B0	US	RadiusOfCircularShutter
0029	SIEMENS MED DISPLAY	B2	US	OriginOfCircularShutter
0029	SIEMENS MED DISPLAY	C1	US	ContourOfIrregularShutter
0029	SIEMENS MED DISPLAY 0000	99	LO	
0029	SIEMENS MED DISPLAY 0000	C1	US	
0029	SIEMENS MED HG	10	US	ListOfGroupNumbers
0029	SIEMENS MED HG	15	LT	ListOfShadowOwnerCodes
0029	SIEMENS MED HG	20	US	ListOfElementNumbers
0029	SIEMENS MED HG	30	US	ListOfTotalDisplayLength
0029	SIEMENS MED HG	40	LT	ListOfDisplayPrefix
0029	SIEMENS MED HG	50	LT	ListOfDisplayPostfix
0029	SIEMENS MED HG	60	US	ListOfTextPosition
0029	SIEMENS MED HG	70	LT	ListOfTextConcatenation
0029	SIEMENS MED MAMMO	5A	CS	
0029	SIEMENS MED MG	10	US	ListOfGroupNumbers
0029	SIEMENS MED MG	15	LT	ListOfShadowOwnerCodes
0029	SIEMENS MED MG	20	US	ListOfElementNumbers
0029	SIEMENS MED MG	30	US	ListOfTotalDisplayLength
0029	SIEMENS MED MG	40	LT	ListOfDisplayPrefix
0029	SIEMENS MED MG	50	LT	ListOfDisplayPostfix
0029	SIEMENS MED MG	60	US	ListOfTextPosition
0029	SIEMENS MED MG	70	LT	ListOfTextConcatenation
0029	SIEMENS MEDCOM HEADER	08	CS	MedComHeaderType
0029	SIEMENS MEDCOM HEADER	09	LO	MedComHeaderVersion
0029	SIEMENS MEDCOM HEADER	10	OB	MedComHeaderInfo
0029	SIEMENS MEDCOM HEADER	20	OB	MedComHistoryInformation
0029	SIEMENS MEDCOM HEADER	31	LO	PMTFInformation1
0029	SIEMENS MEDCOM HEADER	32	UL	PMTFInformation2
0029	SIEMENS MEDCOM HEADER	33	UL	PMTFInformation3
0029	SIEMENS MEDCOM HEADER	34	CS	PMTFInformation4
0029	SIEMENS MEDCOM HEADER	35	UL	PMTFInformation5
0029	SIEMENS MEDCOM HEADER	40	SQ	ApplicationHeaderSequence
0029	SIEMENS MEDCOM HEADER	41	CS	ApplicationHeaderType
0029	SIEMENS MEDCOM HEADER	42	LO	ApplicationHeaderID
0029	SIEMENS MEDCOM HEADER	43	LO	ApplicationHeaderVersion
0029	SIEMENS MEDCOM HEADER	44	OB	ApplicationHeaderInfo
0029	SIEMENS MEDCOM HEADER	50	LO	WorkflowControlFlags
0029	SIEMENS MEDCOM HEADER	51	CS	ArchiveManagementFlagKeepOnline
0029	SIEMENS MEDCOM HEADER	52	CS	ArchiveManagementFlagDoNotArchive
0029	SIEMENS MEDCOM HEADER	53	CS	ImageLocationStatus
0029	SIEMENS MEDCOM HEADER	54	DS	EstimatedRetrieveTime
0029	SIEMENS MEDCOM HEADER	55	DS	DataSizeOfRetrievedImages
0029	SIEMENS MEDCOM HEADER	70	SQ	SiemensLinkSequence
0029	SIEMENS MEDCOM HEADER	71	AT	ReferencedTag
0029	SIEMENS MEDCOM HEADER	72	CS	ReferencedTagType
0029	SIEMENS MEDCOM HEADER	73	UL	ReferencedValueLength
0029	SIEMENS MEDCOM HEADER	74	CS	ReferencedObjectDeviceType
0029	SIEMENS MEDCOM HEADER	75	OB	ReferencedObjectDeviceLocation
0029	SIEMENS MEDCOM HEADER	76	OB	ReferencedObjectDeviceID
0029	SIEMENS MEDCOM HEADER2	08	CS	CSA Image Header Type
0029	SIEMENS MEDCOM HEADER2	09	LO	CSA Image Header Version
0029	SIEMENS MEDCOM HEADER2	10	OB	CSA Image Header Info
0029	SIEMENS MEDCOM HEADER2	18	CS	CSA Series Header Type
0029	SIEMENS MEDCOM HEADER2	19	LO	CSA Series Header Version
0029	SIEMENS MEDCOM HEADER2	20	OB	CSA Series Header Info
0029	SIEMENS MEDCOM HEADER2	60	LO	SeriesWorkflowStatus
0029	SIEMENS MEDCOM OOG	08	CS	MEDCOMOOGType
0029	SIEMENS MEDCOM OOG	09	LO	MEDCOMOOGVersion
0029	SIEMENS MEDCOM OOG	10	OB	MEDCOMOOGInfo
0029	SIEMENS SYNGO ADVANCED PRESENTATION	62	ST	Segmentation Display Data UID
0029	SIEMENS SYNGO ADVANCED PRESENTATION	69	ST	??
0029	SIEMENS SYNGO ADVANCED PRESENTATION	6A	LO	??
0029	SIEMENS SYNGO ADVANCED PRESENTATION	70	DS	??
0029	SIEMENS SYNGO ADVANCED PRESENTATION	7A	DS	??
0029	SIEMENS SYNGO ADVANCED PRESENTATION	7B	FL	??
0029	SPI	60	LT	CompressionAlgorithm
0029	SPI RELEASE 1	60	LT	CompressionAlgorithm
0029	SPI Release 1	60	LT	CompressionAlgorithm
0029	SPI-P Release 1	00	DS	
0029	SPI-P Release 1	20	DS	PixelAspectRatio
0029	SPI-P Release 1	25	LO	ProcessedPixelDataQuality
0029	SPI-P Release 1	30	LT	
0029	SPI-P Release 1	38	US	
0029	SPI-P Release 1	60	LT	
0029	SPI-P Release 1	61	LT	
0029	SPI-P Release 1	67	LT	
0029	SPI-P Release 1	70	LT	WindowID
0029	SPI-P Release 1	71	CS	VideoInvertSubtracted
0029	SPI-P Release 1	72	CS	VideoInvertNonsubtracted
0029	SPI-P Release 1	77	CS	WindowSelectStatus
0029	SPI-P Release 1	78	LT	ECGDisplayPrintingID
0029	SPI-P Release 1	79	CS	ECGDisplayPrinting
0029	SPI-P Release 1	7E	CS	ECGDisplayPrintingEnableStatus
0029	SPI-P Release 1	7F	CS	ECGDisplayPrintingSelectStatus
0029	SPI-P Release 1	80	LT	PhysiologicalDisplayID
0029	SPI-P Release 1	81	US	PreferredPhysiologicalChannelDisplay
0029	SPI-P Release 1	8E	CS	PhysiologicalDisplayEnableStatus
0029	SPI-P Release 1	8F	CS	PhysiologicalDisplaySelectStatus
0029	SPI-P Release 1	90	DS	
0029	SPI-P Release 1	91	US	
0029	SPI-P Release 1	9F	CS	
0029	SPI-P Release 1	A0	DS	
0029	SPI-P Release 1	A1	US	
0029	SPI-P Release 1	AF	CS	
0029	SPI-P Release 1	B0	DS	
0029	SPI-P Release 1	B1	US	
0029	SPI-P Release 1	BF	CS	
0029	SPI-P Release 1	C0	LT	FunctionalShutterID
0029	SPI-P Release 1	C1	US	FieldOfShutter
0029	SPI-P Release 1	C5	LT	FieldOfShutterRectangle
0029	SPI-P Release 1	CE	CS	ShutterEnableStatus
0029	SPI-P Release 1	CF	CS	ShutterSelectStatus
0029	SPI-P Release 1;1	00	LT	ZoomID
0029	SPI-P Release 1;1	01	DS	ZoomRectangle
0029	SPI-P Release 1;1	03	DS	ZoomFactor
0029	SPI-P Release 1;1	04	US	ZoomFunction
0029	SPI-P Release 1;1	0E	CS	ZoomEnableStatus
0029	SPI-P Release 1;1	0F	CS	ZoomSelectStatus
0029	SPI-P Release 1;1	40	LT	MagnifyingGlassID
0029	SPI-P Release 1;1	41	DS	MagnifyingGlassRectangle
0029	SPI-P Release 1;1	43	DS	MagnifyingGlassFactor
0029	SPI-P Release 1;1	44	US	MagnifyingGlassFunction
0029	SPI-P Release 1;1	4E	CS	MagnifyingGlassEnableStatus
0029	SPI-P Release 1;1	4F	CS	MagnifyingGlassSelectStatus
0029	SPI-P Release 1;2	00	LT	SubtractionMaskID
0029	SPI-P Release 1;2	1E	CS	SubtractionMaskEnableStatus
0029	SPI-P Release 1;2	1F	CS	SubtractionMaskSelectStatus
0029	SPI-P Release 1;3	00	LT	ImageEnhancementID
0029	SPI-P Release 1;3	01	LT	ImageEnhancement
0029	SPI-P Release 1;3	02	LT	ConvolutionID
0029	SPI-P Release 1;3	03	LT	ConvolutionType
0029	SPI-P Release 1;3	04	LT	ConvolutionKernelSizeID
0029	SPI-P Release 1;3	05	US	ConvolutionKernelSize
0029	SPI-P Release 1;3	06	US	ConvolutionKernel
0029	SPI-P Release 1;3	0C	DS	EnhancementGain
0029	SPI-P Release 1;3	1E	CS	ImageEnhancementEnableStatus
0029	SPI-P Release 1;3	1F	CS	ImageEnhancementSelectStatus
0029	SPI-P-GV-CT Release 1	10	LO	
0029	SPI-P-GV-CT Release 1	30	UL	
0029	SPI-P-GV-CT Release 1	31	UL	
0029	SPI-P-GV-CT Release 1	32	UL	
0029	SPI-P-GV-CT Release 1	33	UL	
0029	SPI-P-GV-CT Release 1	80	LO	
0029	SPI-P-GV-CT Release 1	90	LO	
0029	SPI-P-GV-CT Release 1	D0	IS	
0029	SPI-P-GV-CT Release 1	D1	IS	
0029	SPI-P-Private_CDS Release 1	10	OB	
0029	SPI-P-Private_ICS Release 1	07	SQ	
0029	SPI-P-Private_ICS Release 1	08	SQ	
0029	SPI-P-Private_ICS Release 1	0C	SQ	
0029	SPI-P-Private_ICS Release 1	0D	SQ	
0029	SPI-P-Private_ICS Release 1	0E	SQ	
0029	SPI-P-Private_ICS Release 1	0F	SQ	
0029	SPI-P-Private_ICS Release 1	10	SQ	
0029	SPI-P-Private_ICS Release 1	12	SQ	
0029	SPI-P-Private_ICS Release 1	18	FD	
0029	SPI-P-Private_ICS Release 1	1B	SQ	
0029	SPI-P-Private_ICS Release 1	1C	SQ	
0029	SPI-P-Private_ICS Release 1	1D	SQ	
0029	SPI-P-Private_ICS Release 1	1E	SQ	
0029	SPI-P-Private_ICS Release 1	21	SQ	
0029	SPI-P-Private_ICS Release 1	3D	LO	
0029	SPI-P-Private_ICS Release 1	3E	LO	
0029	SPI-P-Private_ICS Release 1	43	SQ	
0029	SPI-P-Private_ICS Release 1	44	SQ	
0029	SPI-P-Private_ICS Release 1	48	SQ	
0029	SPI-P-Private_ICS Release 1	49	SQ	
0029	SPI-P-Private_ICS Release 1	4C	SQ	
0029	SPI-P-Private_ICS Release 1	4D	SQ	
0029	SPI-P-Private_ICS Release 1	66	DS	
0029	SPI-P-Private_ICS Release 1	67	LO	
0029	SPI-P-Private_ICS Release 1	68	US	
0029	SPI-P-Private_ICS Release 1	6A	LO	
0029	SPI-P-Private_ICS Release 1	6B	US	
0029	SPI-P-Private_ICS Release 1	72	SQ	
0029	SPI-P-Private_ICS Release 1	91	IS	
0029	SPI-P-Private_ICS Release 1	93	LO	
0029	SPI-P-Private_ICS Release 1	94	LO	
0029	SPI-P-Private_ICS Release 1;1	00	SL	
0029	SPI-P-Private_ICS Release 1;1	05	FL	
0029	SPI-P-Private_ICS Release 1;1	06	FL	
0029	SPI-P-Private_ICS Release 1;1	20	FL	
0029	SPI-P-Private_ICS Release 1;1	21	FL	
0029	SPI-P-Private_ICS Release 1;1	22	US	
0029	SPI-P-Private_ICS Release 1;1	23	FD	
0029	SPI-P-Private_ICS Release 1;1	24	FD	
0029	SPI-P-Private_ICS Release 1;1	25	FD	
0029	SPI-P-Private_ICS Release 1;1	26	FD	
0029	SPI-P-Private_ICS Release 1;1	30	ST	
0029	SPI-P-Private_ICS Release 1;1	33	SL	
0029	SPI-P-Private_ICS Release 1;1	6B	FD	
0029	SPI-P-Private_ICS Release 1;1	8B	FD	
0029	SPI-P-Private_ICS Release 1;1	8C	SL	
0029	SPI-P-Private_ICS Release 1;1	8D	FD	
0029	SPI-P-Private_ICS Release 1;1	C1	US	
0029	SPI-P-Private_ICS Release 1;1	CB	FD	
0029	SPI-P-Private_ICS Release 1;1	CC	FD	
0029	SPI-P-Private_ICS Release 1;1	CD	SQ	
0029	SPI-P-Private_ICS Release 1;1	D4	FL	
0029	SPI-P-Private_ICS Release 1;1	D5	FL	
0029	SPI-P-Private_ICS Release 1;1	D6	ST	
0029	SPI-P-Private_ICS Release 1;2	00	FD	
0029	SPI-P-Private_ICS Release 1;2	01	FD	
0029	SPI-P-Private_ICS Release 1;2	02	FD	
0029	SPI-P-Private_ICS Release 1;2	03	SL	
0029	SPI-P-Private_ICS Release 1;2	04	SL	
0029	SPI-P-Private_ICS Release 1;2	05	SL	
0029	SPI-P-Private_ICS Release 1;2	30	LT	
0029	SPI-P-Private_ICS Release 1;2	A0	SL	
0029	SPI-P-Private_ICS Release 1;2	A1	FD	
0029	SPI-P-Private_ICS Release 1;2	A2	SL	
0029	SPI-P-Private_ICS Release 1;2	A3	SL	
0029	SPI-P-Private_ICS Release 1;2	A5	SQ	
0029	SPI-P-Private_ICS Release 1;2	A6	SL	
0029	SPI-P-Private_ICS Release 1;2	D9	SQ	
0029	SPI-P-Private_ICS Release 1;3	00	LO	
0029	SPI-P-Private_ICS Release 1;3	01	ST	
0029	SPI-P-Private_ICS Release 1;3	60	US	
0029	SPI-P-Private_ICS Release 1;3	6A	FL	
0029	SPI-P-Private_ICS Release 1;3	B0	SL	
0029	SPI-P-Private_ICS Release 1;3	B1	FL	
0029	SPI-P-Private_ICS Release 1;3	B2	FL	
0029	SPI-P-Private_ICS Release 1;3	B4	FL	
0029	SPI-P-Private_ICS Release 1;3	B9	FL	
0029	SPI-P-Private_ICS Release 1;3	C0	SQ	
0029	SPI-P-Private_ICS Release 1;3	C1	SQ	
0029	SPI-P-Private_ICS Release 1;3	C2	SQ	
0029	SPI-P-Private_ICS Release 1;3	C3	SQ	
0029	SPI-P-Private_ICS Release 1;3	C4	SQ	
0029	SPI-P-Private_ICS Release 1;3	C5	SQ	
0029	SPI-P-Private_ICS Release 1;4	00	UL	
0029	SPI-P-Private_ICS Release 1;4	01	FL	
0029	SPI-P-Private_ICS Release 1;4	02	SQ	
0029	SPI-P-Private_ICS Release 1;4	06	UL	
0029	SPI-P-Private_ICS Release 1;4	07	SL	
0029	SPI-P-Private_ICS Release 1;4	08	US	
0029	SPI-P-Private_ICS Release 1;4	09	FL	
0029	SPI-P-Private_ICS Release 1;4	0A	FL	
0029	SPI-P-Private_ICS Release 1;4	0B	FL	
0029	SPI-P-Private_ICS Release 1;4	0C	FL	
0029	SPI-P-Private_ICS Release 1;4	0E	US	
0029	SPI-P-Private_ICS Release 1;4	0F	US	
0029	SPI-P-Private_ICS Release 1;4	10	SL	
0029	SPI-P-Private_ICS Release 1;4	90	SL	
0029	SPI-P-Private_ICS Release 1;4	9A	SQ	
0029	SPI-P-Private_ICS Release 1;4	9C	SQ	
0029	SPI-P-Private_ICS Release 1;4	A0	US	
0029	SPI-P-Private_ICS Release 1;4	A1	US	
0029	SPI-P-Private_ICS Release 1;4	B1	US	
0029	SPI-P-Private_ICS Release 1;4	B2	US	
0029	SPI-P-Private_ICS Release 1;4	B3	SL	
0029	SPI-P-Private_ICS Release 1;4	B5	FL	
0029	SPI-P-Private_ICS Release 1;4	B6	SL	
0029	SPI-P-Private_ICS Release 1;4	BC	SL	
0029	SPI-P-Private_ICS Release 1;4	BD	SL	
0029	SPI-P-Private_ICS Release 1;4	BE	US	
0029	SPI-P-Private_ICS Release 1;4	D6	FD	
0029	SPI-P-Private_ICS Release 1;4	D7	FD	
0029	SPI-P-Private_ICS Release 1;4	DC	FD	
0029	SPI-P-Private_ICS Release 1;4	DD	FD	
0029	SPI-P-Private_ICS Release 1;4	E0	SQ	
0029	SPI-P-Private_ICS Release 1;5	50	CS	
0029	SPI-P-Private_ICS Release 1;5	55	CS	
0029	SPI-P-Private_ICS Release 1;6	01	FL	
0029	SPI-P-Private_ICS Release 1;6	02	LO	
0029	SPI-P-Private_ICS Release 1;6	03	UL	
0029	SPI-P-Private_ICS Release 1;6	04	LO	
0029	SPI-P-Private_ICS Release 1;6	06	SQ	
0029	SPI-P-Private_ICS Release 1;6	07	SQ	
0029	SPI-P-Private_ICS Release 1;6	08	US	
0029	SPI-P-Private_ICS Release 1;6	0A	US	
0029	SPI-P-Private_ICS Release 1;6	0B	US	
0029	SPI-P-Private_ICS Release 1;6	0C	US	
0029	SPI-P-Private_ICS Release 1;6	0D	US	
0029	SPI-P-Private_ICS Release 1;6	0F	LO	
0029	SPI-P-Private_ICS Release 1;6	10	US	
0029	SPI-P-Private_ICS Release 1;6	14	SQ	
0029	SPI-P-Private_ICS Release 1;6	15	UL	
0029	SPI-P-Private_ICS Release 1;6	16	FL	
0029	SPI-P-Private_ICS Release 1;6	17	FL	
0029	SPI-P-Private_ICS Release 1;6	1A	UL	
0029	SPI-P-Private_ICS Release 1;6	1D	US	
0029	SPI-P-Private_ICS Release 1;6	1F	FL	
0029	SPI-P-Private_ICS Release 1;6	20	FL	
0029	SPI-P-Private_ICS Release 1;6	21	UL	
0029	SPI-P-Private_ICS Release 1;6	23	US	
0029	SPI-P-Private_ICS Release 1;6	24	UL	
0029	SPI-P-Private_ICS Release 1;6	2A	UL	
0029	SPI-P-Private_ICS Release 1;6	2B	SQ	
0029	SPI-P-Private_ICS Release 1;6	2C	UL	
0029	SPI-P-Private_ICS Release 1;6	2D	SQ	
0029	SPI-P-Private_ICS Release 1;6	2E	SQ	
0029	SPI-P-Private_ICS Release 1;6	2F	SQ	
0029	SPI-P-Private_ICS Release 1;6	30	US	
0029	SPI-P-Private_ICS Release 1;6	32	SQ	
0029	SPI-P-Private_ICS Release 1;6	33	SQ	
0029	SPI-P-Private_ICS Release 1;6	34	SQ	
0029	SPI-P-Private_ICS Release 1;6	35	SQ	
0029	SPI-P-Private_ICS Release 1;6	36	SQ	
0029	SPI-P-Private_ICS Release 1;6	37	SQ	
0029	SPI-P-Private_ICS Release 1;6	38	SQ	
0029	SPI-P-Private_ICS Release 1;6	39	FL	
0029	SPI-P-Private_ICS Release 1;6	3D	SQ	
0029	SPI-P-Private_ICS Release 1;6	43	US	
0029	SPI-P-Private_ICS Release 1;6	44	US	
0029	SPI-P-Private_ICS Release 1;6	48	UL	
0029	SPI-P-Private_ICS Release 1;6	4F	SQ	
0029	SPI-P-Private_ICS Release 1;6	5C	SQ	
0029	SPI-P-Private_ICS Release 1;6	5D	UL	
0029	SPI-P-Private_ICS Release 1;6	5E	UL	
0029	SPI-P-Private_ICS Release 1;6	5F	US	
0029	SPI-P-Private_ICS Release 1;6	62	SQ	
0029	SPI-P-Private_ICS Release 1;6	63	US	
0029	SPI-P-Private_ICS Release 1;6	65	SQ	
0029	SPI-P-Private_ICS Release 1;6	66	UL	
0029	SPI-P-Private_ICS Release 1;6	67	UL	
0029	SPI-P-Private_ICS Release 1;6	68	UL	
0029	SPI-P-Private_ICS Release 1;6	69	UL	
0029	SPI-P-Private_ICS Release 1;6	6A	US	
0029	SPI-P-Private_ICS Release 1;6	6B	US	
0029	SPI-P-Private_ICS Release 1;6	6C	FL	
0029	SPI-P-Private_ICS Release 1;6	6D	SQ	
0029	SPI-P-Private_ICS Release 1;8	11	SQ	
0029	SPI-P-XSB-VISUB Release 1	00	LO	
0029	SPI-P-XSB-VISUB Release 1	01	DS	
0029	SPI-P-XSB-VISUB Release 1	02	CS	
0029	SPI-P-XSB-VISUB Release 1	0F	CS	
0029	SPI-P-XSB-VISUB Release 1	10	LO	
0029	SPI-P-XSB-VISUB Release 1	11	DS	
0029	SPI-P-XSB-VISUB Release 1	12	CS	
0029	SPI-P-XSB-VISUB Release 1	1F	CS	
0029	SPI-P-XSB-VISUB Release 1	20	LO	
0029	SPI-P-XSB-VISUB Release 1	21	DS	
0029	SPI-P-XSB-VISUB Release 1	22	CS	
0029	SPI-P-XSB-VISUB Release 1	2F	CS	
0029	SPI-P-XSB-VISUB Release 1	30	LO	
0029	SPI-P-XSB-VISUB Release 1	31	DS	
0029	SPI-P-XSB-VISUB Release 1	32	CS	
0029	SPI-P-XSB-VISUB Release 1	3F	CS	
0029	SVISION	00	IS	Key Note Instance UID
0029	SVISION	01	IS	Storage State
0029	SVISION	02	IS	Referenced Image SOP Class
0029	SVISION	03	LO	Ref. Image Instance UID
0029	SVISION	04	IS	Rel. Presentation State Number
0029	SVISION	05	LO	Rel. Presentation State UID
0029	ShowcaseAppearance	10	DS	
0029	ShowcaseAppearance	11	DS	
0029	ShowcaseAppearance	12	DS	
0029	ShowcaseAppearance	13	DS	
0029	ShowcaseAppearance	14	SQ	
0029	Silhouette Annot V1.0	11	IS	AnnotationName
0029	Silhouette Annot V1.0	12	LT	AnnotationFont
0029	Silhouette Annot V1.0	13	LT	AnnotationTextForegroundColor
0029	Silhouette Annot V1.0	14	LT	AnnotationTextBackgroundColor
0029	Silhouette Annot V1.0	15	UL	AnnotationTextBackingMode
0029	Silhouette Annot V1.0	16	UL	AnnotationTextJustification
0029	Silhouette Annot V1.0	17	UL	AnnotationTextLocation
0029	Silhouette Annot V1.0	18	LT	AnnotationTextString
0029	Silhouette Annot V1.0	19	UL	AnnotationTextAttachMode
0029	Silhouette Annot V1.0	20	UL	AnnotationTextCursorMode
0029	Silhouette Annot V1.0	21	UL	AnnotationTextShadowOffsetX
0029	Silhouette Annot V1.0	22	UL	AnnotationTextShadowOffsetY
0029	Silhouette Annot V1.0	23	LT	AnnotationLineColor
0029	Silhouette Annot V1.0	24	UL	AnnotationLineThickness
0029	Silhouette Annot V1.0	25	UL	AnnotationLineType
0029	Silhouette Annot V1.0	26	UL	AnnotationLineStyle
0029	Silhouette Annot V1.0	27	UL	AnnotationLineDashLength
0029	Silhouette Annot V1.0	28	UL	AnnotationLineAttachMode
0029	Silhouette Annot V1.0	29	UL	AnnotationLinePointCount
0029	Silhouette Annot V1.0	30	FD	AnnotationLinePoints
0029	Silhouette Annot V1.0	31	UL	AnnotationLineControlSize
0029	Silhouette Annot V1.0	32	LT	AnnotationMarkerColor
0029	Silhouette Annot V1.0	33	UL	AnnotationMarkerType
0029	Silhouette Annot V1.0	34	UL	AnnotationMarkerSize
0029	Silhouette Annot V1.0	35	FD	AnnotationMarkerLocation
0029	Silhouette Annot V1.0	36	UL	AnnotationMarkerAttachMode
0029	Silhouette Annot V1.0	37	LT	AnnotationGeomColor
0029	Silhouette Annot V1.0	38	UL	AnnotationGeomThickness
0029	Silhouette Annot V1.0	39	UL	AnnotationGeomLineStyle
0029	Silhouette Annot V1.0	40	UL	AnnotationGeomDashLength
0029	Silhouette Annot V1.0	41	UL	AnnotationGeomFillPattern
0029	Silhouette Annot V1.0	42	UL	AnnotationInteractivity
0029	Silhouette Annot V1.0	43	FD	AnnotationArrowLength
0029	Silhouette Annot V1.0	44	FD	AnnotationArrowAngle
0029	Silhouette Annot V1.0	45	UL	AnnotationDontSave
0029	Silhouette Graphics Export V1.0	00	UI	
0029	Silhouette Line V1.0	11	IS	LineName
0029	Silhouette Line V1.0	12	LT	LineNameFont
0029	Silhouette Line V1.0	13	UL	LineNameDisplay
0029	Silhouette Line V1.0	14	LT	LineNormalColor
0029	Silhouette Line V1.0	15	UL	LineType
0029	Silhouette Line V1.0	16	UL	LineThickness
0029	Silhouette Line V1.0	17	UL	LineStyle
0029	Silhouette Line V1.0	18	UL	LineDashLength
0029	Silhouette Line V1.0	19	UL	LineInteractivity
0029	Silhouette Line V1.0	20	LT	LineMeasurementColor
0029	Silhouette Line V1.0	21	LT	LineMeasurementFont
0029	Silhouette Line V1.0	22	UL	LineMeasurementDashLength
0029	Silhouette Line V1.0	23	UL	LinePointSpace
0029	Silhouette Line V1.0	24	FD	LinePoints
0029	Silhouette Line V1.0	25	UL	LineControlPointSize
0029	Silhouette Line V1.0	26	UL	LineControlPointSpace
0029	Silhouette Line V1.0	27	FD	LineControlPoints
0029	Silhouette Line V1.0	28	LT	LineLabel
0029	Silhouette Line V1.0	29	UL	LineDontSave
0029	Silhouette ROI V1.0	11	IS	ROIName
0029	Silhouette ROI V1.0	12	LT	ROINameFont
0029	Silhouette ROI V1.0	13	LT	ROINormalColor
0029	Silhouette ROI V1.0	14	UL	ROIFillPattern
0029	Silhouette ROI V1.0	15	UL	ROIBpSeg
0029	Silhouette ROI V1.0	17	UL	ROISeedSpace
0029	Silhouette ROI V1.0	19	UL	ROILineThickness
0029	Silhouette ROI V1.0	20	UL	ROILineStyle
0029	Silhouette ROI V1.0	21	UL	ROILineDashLength
0029	Silhouette ROI V1.0	22	UL	ROIInteractivity
0029	Silhouette ROI V1.0	23	UL	ROINamePosition
0029	Silhouette ROI V1.0	24	UL	ROINameDisplay
0029	Silhouette ROI V1.0	25	LT	ROILabel
0029	Silhouette ROI V1.0	26	UL	ROIShape
0029	Silhouette ROI V1.0	27	FD	ROIShapeTilt
0029	Silhouette ROI V1.0	28	UL	ROIShapePointsCount
0029	Silhouette ROI V1.0	29	UL	ROIShapePointsSpace
0029	Silhouette ROI V1.0	30	FD	ROIShapePoints
0029	Silhouette ROI V1.0	31	UL	ROIShapeControlPointsCount
0029	Silhouette ROI V1.0	32	UL	ROIShapeControlPointsSpace
0029	Silhouette ROI V1.0	33	FD	ROIShapeControlPoints
0029	Silhouette ROI V1.0	34	UL	ROIDontSave
0029	Silhouette Sequence Ids V1.0	41	SQ	
0029	Silhouette Sequence Ids V1.0	42	SQ	
0029	Silhouette Sequence Ids V1.0	43	SQ	
0029	Silhouette V1.0	13	UL	
0029	Silhouette V1.0	14	UL	
0029	Silhouette V1.0	19	UL	
0029	Silhouette V1.0	1B	UL	
0029	Silhouette V1.0	1C	UL	
0029	Silhouette V1.0	21	US	
0029	Silhouette V1.0	22	US	
0029	Silhouette V1.0	23	US	
0029	Silhouette V1.0	24	US	
0029	Silhouette V1.0	25	US	
0029	Silhouette V1.0	52	US	
0029	Silhouette V1.0	53	LT	
0029	Silhouette V1.0	55	LT	
0029	Silhouette V1.0	56	LT	
0029	Silhouette VRS 3.0	13	UL	
0029	Silhouette VRS 3.0	14	UL	Length in Byte of Image
0029	Silhouette VRS 3.0	17	FD	
0029	Silhouette VRS 3.0	18	FD	
0029	Silhouette VRS 3.0	19	UL	
0029	Silhouette VRS 3.0	1A	FD	
0029	Silhouette VRS 3.0	1B	UL	
0029	Silhouette VRS 3.0	1C	UL	
0029	Silhouette VRS 3.0	1D	UL	
0029	Silhouette VRS 3.0	1E	UL	
0029	Silhouette VRS 3.0	27	US	
0029	Silhouette VRS 3.0	28	OB	
0029	Silhouette VRS 3.0	30	US	
0029	Silhouette VRS 3.0	32	US	
0029	Silhouette VRS 3.0	34	LO	
0029	Silhouette VRS 3.0	35	CS	
0029	Silhouette VRS 3.0	36	US	
0029	TELEMIS	04	US	
0029	TOSHIBA COMAPL HEADER	08	CS	COMAPL Header Type
0029	TOSHIBA COMAPL HEADER	09	LO	COMAPL Header Version
0029	TOSHIBA COMAPL HEADER	10	SQ	COMAPL Header Info
0029	TOSHIBA COMAPL HEADER	20	OB	COMAPL History Information
0029	TOSHIBA COMAPL HEADER	31	LO	
0029	TOSHIBA COMAPL HEADER	32	UL	
0029	TOSHIBA COMAPL HEADER	33	UL	
0029	TOSHIBA COMAPL HEADER	34	CS	
0029	TOSHIBA COMAPL OOG	08	CS	COMAPL OOG Type
0029	TOSHIBA COMAPL OOG	09	LO	COMAPL OOG Version
0029	TOSHIBA COMAPL OOG	10	LO	
0029	TOSHIBA COMAPL OOG	31	LO	
0029	TOSHIBA COMAPL OOG	32	UL	
0029	TOSHIBA COMAPL OOG	33	UL	
0029	TOSHIBA COMAPL OOG	34	CS	
0029	TOSHIBA MDW HEADER	08	CS	Image Header Type
0029	TOSHIBA MDW HEADER	09	LO	Image Header Version
0029	TOSHIBA MDW HEADER	10	OB	Image Header Info
0029	TOSHIBA MDW HEADER	11	LO	Image Header Version
0029	TOSHIBA MDW HEADER	12	OB	Image Header Info
0029	TOSHIBA MDW HEADER	18	CS	Series Header Type
0029	TOSHIBA MDW HEADER	19	LO	Series Header Version
0029	TOSHIBA MDW HEADER	20	OB	Series Header Info
0029	TOSHIBA MDW HEADER	31	LO	PMTF Information 1
0029	TOSHIBA MDW HEADER	32	UL	PMTF Information 2
0029	TOSHIBA MDW HEADER	33	UL	PMTF Information 3
0029	TOSHIBA MDW HEADER	34	CS	PMTF Information 4
0029	TOSHIBA MDW NON-IMAGE	08	CS	Application Header Type
0029	TOSHIBA MDW NON-IMAGE	09	LO	Application Header Version
0029	TOSHIBA MDW NON-IMAGE	10	OB	Application Header Data
0029	TOSHIBA MDW NON-IMAGE	20	OB	Application Header Data
0029	TOSHIBA_MEC_MR3	01	SQ	Other Private Data
0029	TOSHIBA_MEC_MR3	02	SQ	Other Private Data 2
0029	TOSHIBA_MEC_MR3	89	LO	
0029	TOSHIBA_MEC_MR3	90	OB	Reversed EVRLE DataSet
0029	TOSHIBA_MEC_MR3^10	01	SL	Diffusion Gradient Orientation / Toshiba Orientation
0029	TOSHIBA_MEC_MR3^10	05	SQ	
0029	TOSHIBA_MEC_MR3^10	06	FL	
0029	TOSHIBA_MEC_MR3^10	07	FL	
0029	TOSHIBA_MEC_MR3^10	1C	FL	
0029	TOSHIBA_MEC_MR3^10	21	SL	
0029	TOSHIBA_MEC_MR3^10	4E	SL	
0029	TOSHIBA_MEC_MR3^10	50	LO	
0029	TOSHIBA_MEC_MR3^10	51	LO	
0029	TOSHIBA_MEC_MR3^10	52	LO	
0029	TOSHIBA_MEC_MR3^10	54	LO	
0029	TOSHIBA_MEC_MR3^10	67	FD	Series Diffusion Info (b-value,x,y,z)
0029	TOSHIBA_MEC_MR3^10	68	SS	
0029	TOSHIBA_MEC_MR3^10	6E	OB	
0029	VOLCANO-PCDE 1.0	00	DS	Pullback Rate
0029	VOLCANO-PCDE 1.0	01	FD	B Gain
0029	VOLCANO-PCDE 1.0	02	US	B Persistence Index
0029	VOLCANO-PCDE 1.0	03	FD	B ROI Diameter
0029	VOLCANO-PCDE 1.0	04	US	CF Sensitivity Index
0029	VOLCANO-PCDE 1.0	05	FD	CF ROI Diameter
0029	VOLCANO-PCDE 1.0	06	US	Frame Capture Interleave Rate
0029	VOLCANO-PCDE 1.0	07	US	Ringdown Subtraction
0029	VOLCANO-PCDE 1.0	08	US	Graticule Spacing
0029	VOLCANO-PCDE 1.0	10	SH	PIM Serial Number
0029	VOLCANO-PCDE 1.0	11	OB	Color Palette
0029	VOLCANO-PCDE 1.0	12	UT	Measurement Data
0029	VOLCANO-PCDE 1.0	15	US	Still Image Number
0029	VOLCANO-PCDE 1.0	16	US	Video Loop Number
0029	VOLCANO-PCDE 1.0	30	SS	Catheter Boot Mode
0029	WG12 Supplement 43	01	SQ	Data Frame Assignment Sequence
0029	WG12 Supplement 43	02	CS	Data Path Assignment
0029	WG12 Supplement 43	03	US	Bits Mapped to Color Lookup Table
0029	WG12 Supplement 43	04	SQ	Opacity 1 LUT Sequence
0029	WG12 Supplement 43	05	CS	Opacity 1 LUT Transfer Function
0029	WG12 Supplement 43	06	FD	Opacity Constant
0029	WG12 Supplement 43	07	US	Opacity Lookup Table Descriptor
0029	WG12 Supplement 43	08	OW	Opacity Lookup Table Data
0029	WG12 Supplement 43	0B	SQ	Enhanced Palette Color Lookup Table Sequence
0029	WG12 Supplement 43	0C	SQ	Opacity 2 LUT Sequence
0029	WG12 Supplement 43	0D	CS	Opacity 2 LUT Transfer Function
0029	WG12 Supplement 43	0E	CS	Data Path ID
0029	WG12 Supplement 43	0F	CS	RGB LUT Transfer Function
0029	WG12 Supplement 43	10	CS	Alpha LUT Transfer Function
0031	AGFA PACS Archive Mirroring 1.0	00	CS	StudyStatus
0031	AGFA PACS Archive Mirroring 1.0	01	UL	DateTimeVerified
0031	Eclipse 60	30	UL	Private data
0031	Eclipse 60	31	UL	Private data
0031	Eclipse 60	32	LO	Private data
0031	Eclipse 60	33	UL	Private data
0031	Eclipse 60	34	UL	Private data
0031	Eclipse 60	35	UL	Private data
0031	GEMS_MRPT_01	00	SH	
0031	MITRA LINKED ATTRIBUTES 1.0	20	LO	Global Patient ID
0031	Philips US Imaging 60	30	UL	Private data
0031	Philips US Imaging 60	31	UL	Private data
0031	Philips US Imaging 60	32	UL	Private data
0031	SEGAMI MIML	98	OW	?Binary XML with PHI?
0031	SIEMENS ISI	12	LT	ExaminationReason
0031	SIEMENS ISI	30	DA	RequestedDate
0031	SIEMENS ISI	32	TM	WorklistRequestStartTime
0031	SIEMENS ISI	33	TM	WorklistRequestEndTime
0031	SIEMENS ISI	4A	TM	RequestedTime
0031	SIEMENS ISI	80	LT	RequestedLocation
0031	SIEMENS MED	01	ST	
0031	SIEMENS MED	03	SL	
0031	SIEMENS MED	04	ST	
0031	SIEMENS MED	05	SS	
0031	SIEMENS MED	06	SL	
0031	SIEMENS MED	07	SS	
0031	SIEMENS MED	08	ST	
0031	SIEMENS MED	09	SS	
0031	SIEMENS MED	0A	SS	
0031	SIEMENS MED	0B	SS	
0031	SIEMENS MED	0C	SS	
0031	SIEMENS MED	0D	SS	
0031	SIEMENS MED	0E	SS	
0031	SIEMENS MED	0F	SL	
0031	SIEMENS MED	10	SL	
0031	SIEMENS MED	11	SS	
0031	SIEMENS MED NM	01	LO	Camera Name
0031	SIEMENS MED NM	02	SS	Unknown Element 0031 02
0031	SIEMENS MED NM	03	FL	External Zoom
0031	SIEMENS MED NM	04	FL	CCD Energy Level
0031	SIEMENS MED NM	05	SS	CCD Window Width
0031	SIEMENS MED NM	06	FL	CCD Window Offset
0031	SIEMENS MED NM	07	SS	CCD Peaking Mode
0031	SIEMENS MED NM	08	LO	CCD Autopeak Function
0031	SIEMENS MED NM	09	SS	CCD Count Rate Mode
0031	SIEMENS MED NM	0A	SS	Analog Output Device
0031	SIEMENS MED NM	0B	SS	Communication Type
0031	SIEMENS MED NM	0C	SS	Control Unit 1 ICON 2 DOT 3 ScintiView
0031	SIEMENS MED NM	0D	SS	WAM Mode
0031	SIEMENS MED NM	0E	SS	Event Control Mode
0031	SIEMENS MED NM	0F	FL	Zoom X Offset 0.1 mm
0031	SIEMENS MED NM	10	FL	Zoom Y Offset 0.1 mm
0031	SIEMENS MED NM	11	SS	Gantry Zero Position
0031	SIEMENS MED NM	12	SS	
0031	SIEMENS MED NM	13	ST	
0031	SIEMENS MED NM	14	ST	
0031	SIEMENS MED NM	15	SL	
0031	SIEMENS MED NM	16	SL	
0031	SIEMENS MED NM	17	SS	
0031	SIEMENS MED NM	20	ST	
0031	SIEMENS MED NM	21	SS	
0031	SIEMENS RIS	10	LT	RequestUID
0031	SIEMENS RIS	45	LT	RequestingPhysician
0031	SIEMENS RIS	50	LT	RequestedPhysician
0033	GEMS_CTHD_01	00	UL	Group Length 0033
0033	GEMS_GENIE_1	07	LO	Orig SOP Instance UID
0033	GEMS_GENIE_1	08	CS	Xeleris Data Object Type
0033	GEMS_GENIE_1	10	SL	Modified
0033	GEMS_GENIE_1	11	LO	Name
0033	GEMS_GENIE_1	16	LO	ProtocolDataUID
0033	GEMS_GENIE_1	17	SH	Date
0033	GEMS_GENIE_1	18	SH	Time
0033	GEMS_GENIE_1	19	UL	ProtocoldataFlags
0033	GEMS_GENIE_1	1A	UL	ProtocolName
0033	GEMS_GENIE_1	1B	LO	RelevantDataUID
0033	GEMS_GENIE_1	1C	LO	BulkData
0033	GEMS_GENIE_1	1D	SL	IntData
0033	GEMS_GENIE_1	1E	FD	DoubleData
0033	GEMS_GENIE_1	1F	OB	StringData
0033	GEMS_GENIE_1	20	LT	BulkDataFormat
0033	GEMS_GENIE_1	21	LT	IntDataFormat
0033	GEMS_GENIE_1	22	LT	DoubleDataFormat
0033	GEMS_GENIE_1	23	LT	StringDataFormat
0033	GEMS_GENIE_1	24	LT	Description
0033	GEMS_GENIE_1	30	UL	Allocate trigger buffer
0033	GEMS_GENIE_1	33	UL	Number of triggers
0033	GEMS_GENIE_1	34	UL	Trigger size
0033	GEMS_GENIE_1	35	UL	Trigger data size
0033	GEMS_GENIE_1	36	OB	Trigger data
0033	GEMS_XELPRV_01	08	CS	Object Type
0033	GEMS_XELPRV_01	10	SL	Modified
0033	GEMS_XELPRV_01	11	LO	Name
0033	GEMS_XELPRV_01	14	LO	StudyId
0033	GEMS_XELPRV_01	16	LO	ProtocolDataUID
0033	GEMS_XELPRV_01	17	SH	Date
0033	GEMS_XELPRV_01	18	SH	Time
0033	GEMS_XELPRV_01	19	UL	ProtocoldataFlags
0033	GEMS_XELPRV_01	1A	LO	ProtocolName
0033	GEMS_XELPRV_01	1B	LO	StudyId
0033	GEMS_XELPRV_01	1C	OB	BulkData
0033	GEMS_XELPRV_01	1D	SL	IntData
0033	GEMS_XELPRV_01	1E	FD	DoubleData
0033	GEMS_XELPRV_01	1F	OB	StringData
0033	GEMS_XELPRV_01	20	OB	BulkDataFormat
0033	GEMS_XELPRV_01	21	OB	IntDataFormat
0033	GEMS_XELPRV_01	22	OB	DoubleDataFormat
0033	GEMS_XELPRV_01	23	OB	StringDataFormat
0033	GEMS_XELPRV_01	24	LT	Description
0033	GEMS_XELPRV_01	28	LO	RTName
0033	GEMS_XELPRV_01	29	LT	RTSpecification
0033	GEMS_XELPRV_01	2A	UL	ReviewTemplatesFlags
0033	GEMS_XELPRV_01	2B	LT	DataValidationSpec
0033	GEMS_XELPRV_01	2C	LT	Description
0033	GEMS_XELPRV_01	2D	LT	IconDescription
0033	GEMS_XELPRV_01	50	SQ	ProtocoldataSQ
0033	GEMS_XELPRV_01	51	UI	PDOSOPClassUID
0033	GEMS_XELPRV_01	52	UI	PDOSOPInstanceUID
0033	GEMS_XELPRV_01	60	SQ	ReviewtemplateSQ
0033	GEMS_XELPRV_01	61	UI	RTOSOPClassUID
0033	GEMS_XELPRV_01	62	UI	RTOSOPInstanceUID
0033	GEMS_XELPRV_01	70	SQ	SeriesdataSQ
0033	GEMS_XELPRV_01	71	UI	SDOSOPClassUID
0033	GEMS_XELPRV_01	72	UI	SDOSOPInstanceUID
0033	GEMS_XELPRV_01	73	SQ	SDODoubleDataSQ
0033	KONICA MINOLTA QA 1.4	01	SQ	?Possibly PHI?
0033	KONICA MINOLTA QA 1.4	04	SS	
0033	KONICA MINOLTA QA 1.4	06	SS	
0033	KONICA MINOLTA QA 1.4	08	SS	
0033	KONICA MINOLTA QA 1.4	10	SS	
0033	KONICA MINOLTA QA 1.4	11	SS	
0033	KONICA MINOLTA QA 1.4	14	SS	
0033	KONICA MINOLTA QA 1.4	16	SS	
0033	MITRA OBJECT ATTRIBUTES 1.0	02	LO	
0033	MITRA OBJECT ATTRIBUTES 1.0	04	LO	
0033	MITRA OBJECT ATTRIBUTES 1.0	06	LO	
0033	MITRA OBJECT ATTRIBUTES 1.0	08	LO	
0033	MITRA OBJECT ATTRIBUTES 1.0	0A	LO	
0033	SIEMENS MED NM	00	FL	Flood correction Matrix Det 1 up to SR 2.0
0033	SIEMENS MED NM	01	FL	Flood correction Matrix Det 2 up to SR 2.0
0033	SIEMENS MED NM	10	FL	COR Data for Detector 1
0033	SIEMENS MED NM	11	FL	COR Data for Detector 2
0033	SIEMENS MED NM	14	FL	MHR ( Y-Shift) data for detector 1
0033	SIEMENS MED NM	15	FL	MHR ( Y-Shift) data for detector 2
0033	SIEMENS MED NM	18	FL	NCO Data for detector 1
0033	SIEMENS MED NM	19	FL	NCO Data for detector 2
0033	SIEMENS MED NM	20	FL	Bed correction angle
0033	SIEMENS MED NM	21	FL	Gantry correction angle
0033	SIEMENS MED NM	22	SS	Bed U/D correction data
0033	SIEMENS MED NM	23	SS	
0033	SIEMENS MED NM	24	FL	Backprojection angle head 1
0033	SIEMENS MED NM	25	FL	Backprojection angle head 2
0033	SIEMENS MED NM	28	SL	Number of point sources used for NCO and MHR
0033	SIEMENS MED NM	29	FL	Crystal thickness
0033	SIEMENS MED NM	30	LO	Preset name used for acquisition
0033	SIEMENS MED NM	31	FL	Camera config angle
0033	SIEMENS MED NM	32	LO	Crystal type Startburst or not
0033	SIEMENS MED NM	33	SL	Gantry step for COIN acquisitions
0033	SIEMENS MED NM	34	FL	Bed step for wholebody or Coin acquisitions
0033	SIEMENS MED NM	35	FL	Weight factor table for coincidence acquisitions
0033	SIEMENS MED NM	36	FL	Transaxial acceptance width for coincidence
0033	SIEMENS MED NM	37	SL	Starburst flags
0033	SIEMENS MED NM	38	FL	Pixel scale factor
0033	SIEMENS RIS	10	LT	PatientStudyUID
0035	AGFA STUDY COMMENTS 1.0	00	LT	Array of Comments (illegal XML)
0035	GEMS_GENIE_1	00	UL	Group Length 0035
0035	GEMS_GENIE_1	01	FD	Start Angle
0035	SEGAMI__MEMO	97	SH	
0035	SEGAMI__MEMO	98	LT	
0035	SIEMENS MED NM	00	LO	Specialized tomo type
0035	SIEMENS MED NM	01	LO	Energy window type
0035	SIEMENS MED NM	02	SS	Start and end row illuminated by wind position
0035	SIEMENS MED NM	03	LO	Blank scan image for profile
0035	SIEMENS MED NM	04	SS	Repeat number of the original dynamic SPECT
0035	SIEMENS MED NM	05	SS	Phase number of the original dynamic SPECT
0037	GEMS_DRS_1	00	UL	Group Length 0037
0037	GEMS_DRS_1	10	LO	ReferringDepartment
0037	GEMS_DRS_1	20	US	ScreenNumber
0037	GEMS_DRS_1	40	SH	LeftOrientation
0037	GEMS_DRS_1	42	SH	RightOrientation
0037	GEMS_DRS_1	50	CS	Inversion
0037	GEMS_DRS_1	60	US	DSA
0037	MAROTECH Inc.	01	LO	Some kind of version number
0037	MAROTECH Inc.	21	US	Icon Row
0037	MAROTECH Inc.	22	US	Icon Col
0037	MAROTECH Inc.	23	OB	JPEG Compressed Icon
0037	QUASAR_INTERNAL_USE	10	SQ	
0037	QUASAR_INTERNAL_USE	1B	LO	
0037	QUASAR_INTERNAL_USE	30	LO	
0037	QUASAR_INTERNAL_USE	40	LO	
0037	QUASAR_INTERNAL_USE	50	LO	
0037	QUASAR_INTERNAL_USE	60	LO	
0037	QUASAR_INTERNAL_USE	70	LO	
0037	SIEMENS MED NM	00	OW	Flood correction matrix Detector 1
0037	SIEMENS MED NM	80	OW	Flood correction matrix Detector 2
0039	GEMS_0039	95	LO	
0039	GEMS_ADWSoft_DPO	00	UL	Group Length 0039
0039	GEMS_ADWSoft_DPO	80	IS	PrivateEntityNumber
0039	GEMS_ADWSoft_DPO	85	DA	PrivateEntityDate
0039	GEMS_ADWSoft_DPO	90	TM	PrivateEntityTime
0039	GEMS_ADWSoft_DPO	95	LO	PrivateEntityLaunchCommand
0039	GEMS_ADWSoft_DPO	AA	CS	PrivateEntityType
0039	GEMS_ADWSoft_DPO1	80	IS	Private Entity Number
0039	GEMS_ADWSoft_DPO1	85	DA	Private Entity Date
0039	GEMS_ADWSoft_DPO1	90	TM	Private Entity Time
0039	GEMS_ADWSoft_DPO1	95	LO	Private Entity Launch Command
0039	GEMS_ADWSoft_DPO1	AA	CS	Private Entity Type
0039	GEMS_AWSOFT_CD1	65	UI	Reference to Study UID
0039	GEMS_AWSOFT_CD1	70	UI	Reference to Series UID
0039	GEMS_AWSOFT_CD1	75	IS	Reference to Original Instance
0039	GEMS_AWSOFT_CD1	80	IS	DPO Number
0039	GEMS_AWSOFT_CD1	85	DA	DPO Date
0039	GEMS_AWSOFT_CD1	90	TM	DPO Time
0039	GEMS_AWSOFT_CD1	95	LO	DPO Invocation String
0039	GEMS_AWSOFT_CD1	AA	CS	DPO type
0039	GEMS_AWSOFT_CD1	FF	OB	DPO data
0039	GEMS_AWSoft_SB1	50	UI	Reference to Study UID
0039	GEMS_AWSoft_SB1	51	UI	Reference to Series UID
0039	GEMS_AWSoft_SB1	52	IS	Reference to Original Instance Number
0039	GEMS_AWSoft_SB1	95	LO	Private Entity Launch Command
0039	REPORT_FROM_APP	95	LO	
0039	SIEMENS MED NM	00	LT	Toshiba CBF activity results
0039	SIEMENS MED OCS ACKNOWLEDGE FLAG	81	IS	Acknowledge Flag
0039	SIEMENS MED OCS AE TITLE	79	CS	AE Title
0039	SIEMENS MED OCS CALIBRATION DATE	81	CS	Calibration Date
0039	SIEMENS MED OCS CBT ARC INCREMENT	84	IS	Arc Increment
0039	SIEMENS MED OCS CBT ENDING GANTRY ANGLE	83	DS	Ending Projection Angle
0039	SIEMENS MED OCS CBT MISSING PROJECTION FRAMES	91	IS	Missing Projection Frames
0039	SIEMENS MED OCS CBT PATIENT_ORIENTATION	93	CS	Patient Orientation
0039	SIEMENS MED OCS CBT PROJECTION GANTRY POSITIONS	86	DS	Gantry Positions
0039	SIEMENS MED OCS CBT RECON FILTER TYPE	90	IS	Reconstruction Filter Type
0039	SIEMENS MED OCS CBT RECON NUM OF SLICES	89	IS	Number of Reconstruction Slices
0039	SIEMENS MED OCS CBT RECON SLICE HEIGHT	88	IS	Reconstruction Slice Height
0039	SIEMENS MED OCS CBT RECON SLICE WIDTH	87	IS	Reconstruction Slice Width
0039	SIEMENS MED OCS CBT ROTATION DIRECTION	85	CS	Gantry Rotation Direction
0039	SIEMENS MED OCS CBT STARTING GANTRY ANGLE	82	DS	Starting Projection Angle
0039	SIEMENS MED OCS CBT TOTAL_MU	96	DS	Total MU delivered during Cone Beam
0039	SIEMENS MED OCS COMMON EDGE	83	IS	Common Edge
0039	SIEMENS MED OCS FIELD ID	80	CS	Field ID
0039	SIEMENS MED OCS FIELD NAME	79	CS	Field Name
0039	SIEMENS MED OCS FP Alignment Calibration Date / Time	95	DT	Flat Panel Alignment last calibration Date and Time
0039	SIEMENS MED OCS I0 MU SCALE FACTOR	97	IS	I0-MU Scale Factor
0039	SIEMENS MED OCS ICC MATRIX	82	DS	Image Center in Image Coordinates
0039	SIEMENS MED OCS NUMBER OF FRAMES	76	IS	Number of Frames
0039	SIEMENS MED OCS NUMBER OF SUB FRAMES	77	IS	Number of Sub-Frames
0039	SIEMENS MED OCS PI ALIGNMENT IMAGE	94	IS	Alignment Offset Valid Flag
0039	SIEMENS MED OCS PI VALID PIXEL MAP	92	IS	Valid Pixel Map Flag
0039	SIEMENS MED OCS REFERENCE IMAGE	76	UI	Reference Image
0039	SIEMENS MED OCS REFERENCE LOCKED	88	IS	Locked Flag
0039	SIEMENS MED OCS SC IMG PIX SPC	87	DS	Non-RT Image Pixel Spacing
0039	SIEMENS MED OCS SC IMG SAD	86	DS	Non-RT Image SAD
0039	SIEMENS MED OCS SC IMG SID	85	DS	Non-RT Image SID
0039	SIEMENS MED OCS SCALED IMG PIX SPC	84	DS	Scaled Image Pixel Spacing
0039	SIEMENS MED OCS SITE NAME	78	CS	Site Name
0039	SIEMENS MED OCS TABLE LATERAL POSITION	98	DS	Lateral Table Position
0039	SIEMENS MED OCS TABLE LONGITUDINAL POSITION	99	DS	Longitudinal Table Position
0039	SIEMENS MED OCS TABLE OFFSET	78	DS	Offset
0039	SIEMENS MED OCS TABLE VERTICAL POSITION	75	DS	vertical Table Position
0039	SIEMENS MED OCS TRANS MATRIX	80	DS	Transformation Matrix
0041	INTEGRIS 1.0	00	UL	Group Length 0041
0041	INTEGRIS 1.0	20	FL	AccumulatedFluoroscopyDose
0041	INTEGRIS 1.0	30	FL	AccumulatedExposureDose
0041	INTEGRIS 1.0	40	FL	TotalDose
0041	INTEGRIS 1.0	41	FL	TotalNumberOfFrames
0041	INTEGRIS 1.0	50	SQ	ExposureInformationSequence
0041	MMCPrivate	01	OB	RawDataAppData
0041	MMCPrivate	02	SQ	RawDataIndex
0041	MMCPrivate	03	LO	ChannelNumber
0041	MMCPrivate	04	LO	AxisDirection
0041	MMCPrivate	05	LO	SlabNumbe
0041	MMCPrivate	06	LO	CardiacPhaseNumbe
0041	MMCPrivate	07	LO	EchoNumber
0041	MMCPrivate	08	LO	SliceEncodeNumber
0041	MMCPrivate	09	LO	NsaNumber
0041	MMCPrivate	0A	OB	RawData
0041	MMCPrivate	0B	SS	RawDataMRInfo
0041	MMCPrivate	0C	IS	NumberOfVoxels
0041	MMCPrivate	0D	DS	MixingTime
0041	MMCPrivate	0E	DS	ADDiff
0041	MMCPrivate	0F	LO	ScanTime
0041	MMCPrivate	10	LO	NumPreSat
0041	MMCPrivate	11	LO	IsStoredToPortableMedia
0041	MMCPrivate	12	DS	Voi1
0041	MMCPrivate	13	DS	Voi2
0041	MMCPrivate	14	DS	VoxelSize
0041	MMCPrivate	15	IS	FreqPoint
0041	MMCPrivate	16	SH	LowOrderShim
0041	MMCPrivate	17	SH	EccLevel
0041	MMCPrivate	18	FL	FwhmHz
0041	MMCPrivate	19	FL	FwhmPpm
0041	MMCPrivate	1A	FL	WaterSupRate
0041	PAPYRUS	00	LT	PapyrusComments
0041	PAPYRUS	10	US	FolderType
0041	PAPYRUS	11	LT	PatientFolderDataSetID
0041	PAPYRUS	20	LT	FolderName
0041	PAPYRUS	30	DA	CreationDate
0041	PAPYRUS	32	TM	CreationTime
0041	PAPYRUS	34	DA	ModifiedDate
0041	PAPYRUS	36	TM	ModifiedTime
0041	PAPYRUS	40	LT	OwnerName
0041	PAPYRUS	50	LT	FolderStatus
0041	PAPYRUS	60	UL	NumberOfImages
0041	PAPYRUS	62	UL	NumberOfOther
0041	PAPYRUS	A0	LT	ExternalFolderElementDSID
0041	PAPYRUS	A1	US	ExternalFolderElementDataSetType
0041	PAPYRUS	A2	LT	ExternalFolderElementFileLocation
0041	PAPYRUS	A3	UL	ExternalFolderElementLength
0041	PAPYRUS	B0	LT	InternalFolderElementDSID
0041	PAPYRUS	B1	US	InternalFolderElementDataSetType
0041	PAPYRUS	B2	UL	InternalOffsetToDataSet
0041	PAPYRUS	B3	UL	InternalOffsetToImage
0041	PAPYRUS 3.0	00	LT	PapyrusComments
0041	PAPYRUS 3.0	10	SQ	PointerSequence
0041	PAPYRUS 3.0	11	UL	ImagePointer
0041	PAPYRUS 3.0	12	UL	PixelOffset
0041	PAPYRUS 3.0	13	SQ	ImageIdentifierSequence
0041	PAPYRUS 3.0	14	SQ	ExternalFileReferenceSequence
0041	PAPYRUS 3.0	15	US	NumberOfImages
0041	PAPYRUS 3.0	21	UI	ReferencedSOPClassUID
0041	PAPYRUS 3.0	22	UI	ReferencedSOPInstanceUID
0041	PAPYRUS 3.0	31	LT	ReferencedFileName
0041	PAPYRUS 3.0	32	LT	ReferencedFilePath
0041	PAPYRUS 3.0	41	UI	ReferencedImageSOPClassUID
0041	PAPYRUS 3.0	42	UI	ReferencedImageSOPInstanceUID
0041	PAPYRUS 3.0	50	SQ	ImageSequence
0041	PHILIPS MR/LAST	07	LO	
0041	PHILIPS MR/LAST	09	DS	
0041	SIEMENS DLR.01	10	US	NumberOfHardcopies
0041	SIEMENS DLR.01	20	LT	FilmFormat
0041	SIEMENS DLR.01	30	LT	FilmSize
0041	SIEMENS DLR.01	31	LT	FullFilmFormat
0041	SIEMENS MED	12	SL	
0041	SIEMENS MED	13	SL	
0041	SIEMENS MED	21	ST	
0041	SIEMENS MED	30	ST	
0041	SIEMENS MED	32	ST	
0041	SIEMENS MED	34	ST	
0041	SIEMENS MED	36	ST	
0041	SIEMENS MED	40	ST	
0041	SIEMENS MED	50	SS	
0041	SIEMENS MED	52	SS	
0041	SIEMENS MED	60	ST	
0041	SIEMENS MED	70	SL	
0041	SIEMENS MED	71	SL	
0041	SIEMENS MED NM	01	SL	
0041	SIEMENS MED NM	02	SL	
0041	SIEMENS MED NM	03	FL	
0041	SIEMENS MED NM	05	FD	
0041	SIEMENS MED NM	06	FD	
0041	SIEMENS MED NM	07	FD	
0041	SIEMENS MED NM	08	FD	
0041	SIEMENS MED NM	11	FL	
0041	SIEMENS MED NM	21	LO	Text Relating to Data Object
0041	SIEMENS MED NM	30	DA	Folder Creation Date
0041	SIEMENS MED NM	32	TM	Folder Creation Time
0041	SIEMENS MED NM	34	DA	Folder Modification Date
0041	SIEMENS MED NM	36	TM	Folder Modification Time
0041	SIEMENS MED NM	40	LO	Folder Owner Name
0041	SIEMENS MED NM	50	SS	Folder Status
0041	SIEMENS MED NM	70	SL	Number of Images in Folder
0041	SIEMENS MED NM	71	SL	Number of Non-Image Objects
0041	SIEMENS MED SP DXMG WH AWS 1	02	LO	Reason for the Requested Procedure
0041	WG12 Supplement 43	01	CS	Performed Protocol Type
0043	GEMS_IMPS_01	00	UL	Group Length 0043
0043	GEMS_IMPS_01	13	SS	Decon kernel parameters
0043	GEMS_PARM_01	01	SS	BitmapOfPrescanOptions
0043	GEMS_PARM_01	02	SS	GradientOffsetInX
0043	GEMS_PARM_01	03	SS	GradientOffsetInY
0043	GEMS_PARM_01	04	SS	GradientOffsetInZ
0043	GEMS_PARM_01	05	SS	ImageIsOriginalOrUnoriginal
0043	GEMS_PARM_01	06	SS	NumberOfEPIShots
0043	GEMS_PARM_01	07	SS	ViewsPerSegment
0043	GEMS_PARM_01	08	SS	RespiratoryRateInBPM
0043	GEMS_PARM_01	09	SS	RespiratoryTriggerPoint
0043	GEMS_PARM_01	0A	SS	TypeOfReceiverUsed
0043	GEMS_PARM_01	0B	DS	PeakRateOfChangeOfGradientField
0043	GEMS_PARM_01	0C	DS	LimitsInUnitsOfPercent
0043	GEMS_PARM_01	0D	DS	PSDEstimatedLimit
0043	GEMS_PARM_01	0E	DS	PSDEstimatedLimitInTeslaPerSecond
0043	GEMS_PARM_01	0F	DS	SARAvgHead
0043	GEMS_PARM_01	10	US	WindowValue
0043	GEMS_PARM_01	11	US	TotalInputViews
0043	GEMS_PARM_01	12	SS	XrayChain
0043	GEMS_PARM_01	13	SS	ReconKernelParameters
0043	GEMS_PARM_01	14	SS	CalibrationParameters
0043	GEMS_PARM_01	15	SS	TotalOutputViews
0043	GEMS_PARM_01	16	SS	NumberOfOverranges
0043	GEMS_PARM_01	17	DS	IBHImageScaleFactors
0043	GEMS_PARM_01	18	DS	BBHCoefficients
0043	GEMS_PARM_01	19	SS	NumberOfBBHChainsToBlend
0043	GEMS_PARM_01	1A	SL	StartingChannelNumber
0043	GEMS_PARM_01	1B	SS	PPScanParameters
0043	GEMS_PARM_01	1C	SS	GEImageIntegrity
0043	GEMS_PARM_01	1D	SS	LevelValue
0043	GEMS_PARM_01	1E	DS	DeltaStartTime
0043	GEMS_PARM_01	1F	SL	MaxOverrangesInAView
0043	GEMS_PARM_01	20	DS	AvgOverrangesAllViews
0043	GEMS_PARM_01	21	SS	CorrectedAfterglowTerms
0043	GEMS_PARM_01	25	SS	ReferenceChannels
0043	GEMS_PARM_01	26	US	NoViewsRefChannelsBlocked
0043	GEMS_PARM_01	27	SH	ScanPitchRatio
0043	GEMS_PARM_01	28	OB	UniqueImageIdentifier
0043	GEMS_PARM_01	29	OB	HistogramTables
0043	GEMS_PARM_01	2A	OB	UserDefinedData
0043	GEMS_PARM_01	2B	SS	PrivateScanOptions
0043	GEMS_PARM_01	2C	SS	EffectiveEchoSpacing
0043	GEMS_PARM_01	2D	SH	StringSlopField1
0043	GEMS_PARM_01	2E	SH	StringSlopField2
0043	GEMS_PARM_01	2F	SS	RawDataType
0043	GEMS_PARM_01	30	SS	RawDataType
0043	GEMS_PARM_01	31	DS	RACoordOfTargetReconCentre
0043	GEMS_PARM_01	32	SS	RawDataType
0043	GEMS_PARM_01	33	FL	NegScanSpacing
0043	GEMS_PARM_01	34	IS	OffsetFrequency
0043	GEMS_PARM_01	35	UL	UserUsageTag
0043	GEMS_PARM_01	36	UL	UserFillMapMSW
0043	GEMS_PARM_01	37	UL	UserFillMapLSW
0043	GEMS_PARM_01	38	FL	User25ToUser48
0043	GEMS_PARM_01	39	IS	SlopInteger6ToSlopInteger9
0043	GEMS_PARM_01	40	FL	TriggerOnPosition
0043	GEMS_PARM_01	41	FL	DegreeOfRotation
0043	GEMS_PARM_01	42	SL	DASTriggerSource
0043	GEMS_PARM_01	43	SL	DASFpaGain
0043	GEMS_PARM_01	44	SL	DASOutputSource
0043	GEMS_PARM_01	45	SL	DASAdInput
0043	GEMS_PARM_01	46	SL	DASCalMode
0043	GEMS_PARM_01	47	SL	DASCalFrequency
0043	GEMS_PARM_01	48	SL	DASRegXm
0043	GEMS_PARM_01	49	SL	DASAutoZero
0043	GEMS_PARM_01	4A	SS	StartingChannelOfView
0043	GEMS_PARM_01	4B	SL	DASXmPattern
0043	GEMS_PARM_01	4C	SS	TGGCTriggerMode
0043	GEMS_PARM_01	4D	FL	StartScanToXrayOnDelay
0043	GEMS_PARM_01	4E	FL	DurationOfXrayOn
0043	GEMS_PARM_01	60	IS	SlopInteger10ToSlopInteger17
0043	GEMS_PARM_01	61	UI	ScannerStudyEntityUID
0043	GEMS_PARM_01	62	SH	ScannerStudyID
0043	GEMS_PARM_01	63	SH	Raw Data ID
0043	GEMS_PARM_01	64	CS	Image Filter
0043	GEMS_PARM_01	65	US	Motion Correction Indicator
0043	GEMS_PARM_01	66	US	Helical Correction Indicator
0043	GEMS_PARM_01	67	US	IBO Correction Indicator
0043	GEMS_PARM_01	68	US	XT Correction Indicator
0043	GEMS_PARM_01	69	US	Q-cal Correction Indicator
0043	GEMS_PARM_01	6A	US	AV Correction Indicator
0043	GEMS_PARM_01	6B	US	L-MDK Correction Indicator
0043	GEMS_PARM_01	6C	IS	Detector Row
0043	GEMS_PARM_01	6D	DS	Area Size
0043	GEMS_PARM_01	6E	SH	Auto mA Mode
0043	GEMS_PARM_01	6F	DS	ScannerTableEntry
0043	GEMS_PARM_01	70	LO	ParadigmName
0043	GEMS_PARM_01	71	ST	ParadigmDescription
0043	GEMS_PARM_01	72	UI	ParadigmUID
0043	GEMS_PARM_01	73	US	ExperimentType
0043	GEMS_PARM_01	74	US	NumberOfRestVolumes
0043	GEMS_PARM_01	75	US	NumberOfActiveVolumes
0043	GEMS_PARM_01	76	US	NumberOfDummyScans
0043	GEMS_PARM_01	77	SH	ApplicationName
0043	GEMS_PARM_01	78	SH	ApplicationVersion
0043	GEMS_PARM_01	79	US	SlicesPerVolume
0043	GEMS_PARM_01	7A	US	ExpectedTimePoints
0043	GEMS_PARM_01	7B	FL	RegressorValues
0043	GEMS_PARM_01	7C	FL	DelayAfterSliceGroup
0043	GEMS_PARM_01	7D	US	ReconModeFlagWord
0043	GEMS_PARM_01	7E	LO	PACCSpecificInformation
0043	GEMS_PARM_01	7F	DS	EDWIScaleFactor
0043	GEMS_PARM_01	80	LO	CoilIDData
0043	GEMS_PARM_01	81	LO	GECoilName
0043	GEMS_PARM_01	82	LO	SystemConfigurationInformation
0043	GEMS_PARM_01	83	DS	AssetRFactors
0043	GEMS_PARM_01	84	LO	AdditionalAssetData
0043	GEMS_PARM_01	85	UT	DebugDataTextFormat
0043	GEMS_PARM_01	86	OB	DebugDataBinaryFormat
0043	GEMS_PARM_01	87	UT	ScannerSoftwareVersionLongForm
0043	GEMS_PARM_01	88	UI	PUREAcquisitionCalibrationSeriesUID
0043	GEMS_PARM_01	89	LO	GoverningBodydBdtAndSARDefinition
0043	GEMS_PARM_01	8A	CS	PrivateInPlanePhaseEncodingDirection
0043	GEMS_PARM_01	8B	OB	FMRIBinaryDataBlock
0043	GEMS_PARM_01	8C	DS	VoxelLocation
0043	GEMS_PARM_01	8D	DS	SATBandLocations
0043	GEMS_PARM_01	8E	DS	SpectroPrescanValues
0043	GEMS_PARM_01	8F	DS	SpectroParameters
0043	GEMS_PARM_01	90	LO	SARDefinition
0043	GEMS_PARM_01	91	DS	SARValue
0043	GEMS_PARM_01	92	LO	ImageErrorText
0043	GEMS_PARM_01	93	DS	SpectroQuantitationValues
0043	GEMS_PARM_01	94	DS	SpectroRatioValues
0043	GEMS_PARM_01	95	LO	PrescanReuseString
0043	GEMS_PARM_01	96	CS	ContentQualification
0043	GEMS_PARM_01	97	LO	ImageFilteringParameters
0043	GEMS_PARM_01	98	UI	ASSETAcquisitionCalibrationSeriesUID
0043	GEMS_PARM_01	99	LO	ExtendedOptions
0043	GEMS_PARM_01	9A	IS	RxStackIdentification
0043	GEMS_PARM_01	9B	DS	NPWFactor
0043	GEMS_PARM_01	9C	OB	ResearchTag1
0043	GEMS_PARM_01	9D	OB	ResearchTag2
0043	GEMS_PARM_01	9E	OB	ResearchTag3
0043	GEMS_PARM_01	9F	OB	ResearchTag4
0043	GEMS_PARM_01	A0	SQ	Spectroscopy Pixel Sequence
0043	GEMS_PARM_01	A1	SQ	Spectroscopy Default Display Sequence
0043	GEMS_PARM_01	A2	DS	MEG Data
0043	GEMS_PARM_01	A3	CS	ASL Contrast technique
0043	GEMS_PARM_01	A4	LO	Detailed text for ASL labeling technique
0043	GEMS_PARM_01	A5	IS	Duration of the label or control pulse
0043	GEMS_PARM_01	A8	DS	Dual Drive Mode, Amplitude Attenuation and Phase Offset
0043	GEMS_PARM_01	A9	LO	
0043	GEMS_PARM_01	AA	LO	Additional Filtering Parameters
0043	GEMS_PARM_01	AB	DS	Silenz Data
0043	GEMS_PARM_01	AC	DS	QMAP Delay Data (RESERVED for FUTURE USE)
0043	GEMS_PARM_01	AD	DS	Other Recovery Times Values
0043	GEMS_PARM_01	AE	LO	Other Recovery Times Labels
0043	GEMS_PARM_01	AF	DS	Additional Echo Times
0043	GEMS_PARM_01	B0	FL	Rescan Time in Acquisition
0043	GEMS_PARM_01	B1	SS	Excitation Mode
0043	GEMS_PARM_01	B2	LO	MR Table Position Information
0043	GEMS_PARM_01	B3	DS	Advanced Eddy Correction
0043	GEMS_PARM_01	B5	LO	
0043	GEMS_PARM_01	B6	LO	Multiband Parameters
0043	GEMS_PARM_01	B7	LO	Compressed Sensing Parameters
0043	GEMS_PARM_01	B8	DS	Grad Comp Parameters
0043	GEMS_PARM_01	B9	LO	Parallel Transmit Information
0043	GEMS_PARM_01	BA	DS	Echo Spacing
0043	GEMS_PARM_01	BB	LO	Pixel Information
0043	GEMS_PARM_01	BC	IS	Heart Beats pattern
0043	GEMS_PARM_01	C0	DS	
0043	GEMS_PARM_01	C1	LO	
0043	GEMS_PARM_01	C2	LO	
0043	GEMS_PARM_01	C3	LO	?some kind of xml?
0043	GEMS_PARM_01	C4	LO	?some kind of xml?
0043	GEMS_PARM_01	C5	LO	
0043	GEMS_PARM_01	C6	DS	
0043	GEMS_PARM_01	C7	DS	
0043	GEMS_PARM_01	C8	UL	
0043	GEMS_PARM_01	C9	IS	
0043	GEMS_PARM_01	CC	DS	
0043	GEMS_PARM_01	CD	FL	
0043	GE_GENESIS_REV3.0	1E	DS	DeltaStartTime
0043	GE_GENESIS_REV3.0	27	SH	ScanPitchRatio
0043	SIEMENS MED NM	01	FL	
0043	SIEMENS MED NM	03	FL	
0043	SIEMENS MED NM	04	FL	
0043	dcm4che/archive	14	AE	ae name 1
0043	dcm4che/archive	15	AE	ae name 2
0045	GE LUT Asymmetry Parameter	00	UL	Group Length 0045
0045	GE LUT Asymmetry Parameter	67	DS	LUT Asymmetry
0045	GEMS_FALCON_03	55	DS	A_Coefficients
0045	GEMS_FALCON_03	62	IS	User Window Center
0045	GEMS_FALCON_03	63	IS	User Window Width
0045	GEMS_FALCON_03	65	IS	Requested Detector Entrance Dose
0045	GEMS_FALCON_03	67	DS	VOI LUT Asymmetry parameter beta
0045	GEMS_FALCON_03	69	IS	Collimator rotation
0045	GEMS_FALCON_03	72	DS	Collimator Width
0045	GEMS_FALCON_03	73	DS	Collimator Height
0045	GEMS_HELIOS_01	01	SS	Number of Macro Rows in Detector
0045	GEMS_HELIOS_01	02	FL	Macro width at ISO Center
0045	GEMS_HELIOS_01	03	SS	DAS type
0045	GEMS_HELIOS_01	04	SS	DAS gain
0045	GEMS_HELIOS_01	05	SS	DAS Temperature
0045	GEMS_HELIOS_01	06	CS	Table Direction
0045	GEMS_HELIOS_01	07	FL	Z smoothing Factor
0045	GEMS_HELIOS_01	08	SS	View Weighting Mode
0045	GEMS_HELIOS_01	09	SS	Sigma Row number
0045	GEMS_HELIOS_01	0A	FL	Minimum DAS value
0045	GEMS_HELIOS_01	0B	FL	Maximum Offset Value
0045	GEMS_HELIOS_01	0C	SS	Number of Views shifted
0045	GEMS_HELIOS_01	0D	SS	Z tracking Flag
0045	GEMS_HELIOS_01	0E	FL	Mean Z error
0045	GEMS_HELIOS_01	0F	FL	Z tracking Error
0045	GEMS_HELIOS_01	10	SS	Start View 2A
0045	GEMS_HELIOS_01	11	SS	Number of Views 2A
0045	GEMS_HELIOS_01	12	SS	Start View 1A
0045	GEMS_HELIOS_01	13	SS	Sigma Mode
0045	GEMS_HELIOS_01	14	SS	Number of Views 1A
0045	GEMS_HELIOS_01	15	SS	Start View 2B
0045	GEMS_HELIOS_01	16	SS	Number Views 2B
0045	GEMS_HELIOS_01	17	SS	Start View 1B
0045	GEMS_HELIOS_01	18	SS	Number of Views 1B
0045	GEMS_HELIOS_01	19	SS	Air Calibration Date
0045	GEMS_HELIOS_01	1A	SS	Air Calibration Time
0045	GEMS_HELIOS_01	1B	SS	Phantom Calibration Date
0045	GEMS_HELIOS_01	1C	SS	Phantom Calibration Time
0045	GEMS_HELIOS_01	1D	SS	Z Slope Calibration Date
0045	GEMS_HELIOS_01	1E	SS	Z Slope Calibration Time
0045	GEMS_HELIOS_01	1F	SS	Cross Talk Calibration Date
0045	GEMS_HELIOS_01	20	SS	Cross Talk Calibration Time
0045	GEMS_HELIOS_01	21	SS	Iterbone Flag
0045	GEMS_HELIOS_01	22	SS	Peristaltic Flag
0045	GEMS_HELIOS_01	30	CS	CardiacReconAlgorithm
0045	GEMS_HELIOS_01	31	CS	AvgHeartRateForImage
0045	GEMS_HELIOS_01	32	FL	Temporal Resolution
0045	GEMS_HELIOS_01	33	CS	PctRpeakDelay
0045	GEMS_HELIOS_01	34	CS	ActualPctRpeakDelay
0045	GEMS_HELIOS_01	36	CS	EkgFullMaStartPhase
0045	GEMS_HELIOS_01	37	CS	EkgFullMaEndPhase
0045	GEMS_HELIOS_01	38	CS	EkgModulationMaxMa
0045	GEMS_HELIOS_01	39	CS	EkgModulationMinMa
0045	GEMS_HELIOS_01	3B	LO	Noise Reduction Image Filter Description
0045	GEMS_HELIOS_01	3F	IS	RPeakTimeDelay
0045	GEMS_HELIOS_01	44	IS	ActualRPeakTimeDelay
0045	GEMS_HELIOS_01	45	ST	CardiacScanOptions
0045	GEMS_HELIOS_01	50	FD	Temporal Center View Angle
0045	GEMS_HELIOS_01	51	FD	Recon Center View Angle
0045	GEMS_HELIOS_01	52	CS	WideCone Masking
0045	GEMS_HELIOS_01	53	FD	WideCone Corner Blending Radius
0045	GEMS_HELIOS_01	54	FD	WideCone Corner Blending Radius Offset
0045	GEMS_HELIOS_01	55	CS	Internal Recon Algorithm
0045	GEMS_IT_US_REPORT	11	OW	Vivid excel file
0045	GEMS_IT_US_REPORT	12	OW	Vivid CHM file
0045	GEMS_IT_US_REPORT	13	OW	Vivid PDF file
0045	GEMS_SENO_02	04	CS	AES
0045	GEMS_SENO_02	06	DS	Angulation
0045	GEMS_SENO_02	09	DS	RealMagnificationFactor
0045	GEMS_SENO_02	0B	CS	SenographType
0045	GEMS_SENO_02	0C	DS	IntegrationTime
0045	GEMS_SENO_02	0D	DS	ROIOriginXY
0045	GEMS_SENO_02	11	DS	ReceptorSizeCmXY
0045	GEMS_SENO_02	12	IS	ReceptorSizePixelsXY
0045	GEMS_SENO_02	13	ST	Screen
0045	GEMS_SENO_02	14	DS	PixelPitchMicrons
0045	GEMS_SENO_02	15	IS	PixelDepthBits
0045	GEMS_SENO_02	16	IS	BinningFactorXY
0045	GEMS_SENO_02	1B	CS	ClinicalView
0045	GEMS_SENO_02	1D	DS	MeanOfRawGrayLevels
0045	GEMS_SENO_02	1E	DS	MeanOfOffsetGrayLevels
0045	GEMS_SENO_02	1F	DS	MeanOfCorrectedGrayLevels
0045	GEMS_SENO_02	20	DS	MeanOfRegionGrayLevels
0045	GEMS_SENO_02	21	DS	MeanOfLogRegionGrayLevels
0045	GEMS_SENO_02	22	DS	StandardDeviationOfRawGrayLevels
0045	GEMS_SENO_02	23	DS	StandardDeviationOfCorrectedGrayLevels
0045	GEMS_SENO_02	24	DS	StandardDeviationOfRegionGrayLevels
0045	GEMS_SENO_02	25	DS	StandardDeviationOfLogRegionGrayLevels
0045	GEMS_SENO_02	26	OB	MAOBuffer
0045	GEMS_SENO_02	27	IS	SetNumber
0045	GEMS_SENO_02	28	CS	WindowingType
0045	GEMS_SENO_02	29	DS	WindowingParameters
0045	GEMS_SENO_02	2A	IS	CrosshairCursorXCoordinates
0045	GEMS_SENO_02	2B	IS	CrosshairCursorYCoordinates
0045	GEMS_SENO_02	39	US	VignetteRows
0045	GEMS_SENO_02	3A	US	VignetteColumns
0045	GEMS_SENO_02	3B	US	VignetteBitsAllocated
0045	GEMS_SENO_02	3C	US	VignetteBitsStored
0045	GEMS_SENO_02	3D	US	VignetteHighBit
0045	GEMS_SENO_02	3E	US	VignettePixelRepresentation
0045	GEMS_SENO_02	3F	OB	VignettePixelData
0045	GEMS_SENO_02	49	DS	Radiological Thickness
0045	GEMS_SENO_02	50	UI	CR Instance UID
0045	GEMS_SENO_02	51	UI	CR series UID
0045	GEMS_SENO_02	52	IS	Raw Diagnostic Low
0045	GEMS_SENO_02	53	IS	Raw Diagnostic High
0045	GEMS_SENO_02	54	DS	Exponent
0045	GEMS_SENO_02	55	IS	A Coefficients
0045	GEMS_SENO_02	56	DS	Noise Reduction Sensitivity
0045	GEMS_SENO_02	57	DS	Noise Reduction Threshold
0045	GEMS_SENO_02	58	DS	mu
0045	GEMS_SENO_02	59	IS	Threshold
0045	GEMS_SENO_02	60	IS	Breast ROI X
0045	GEMS_SENO_02	61	IS	Breast ROI Y
0045	GEMS_SENO_02	62	IS	User Window Center
0045	GEMS_SENO_02	63	IS	User Window Width
0045	GEMS_SENO_02	64	IS	Segm Threshold
0045	GEMS_SENO_02	65	IS	Detector Entrance Dose
0045	GEMS_SENO_02	66	IS	Asymmetrical Collimation Information
0045	GEMS_SENO_02	67	DS	LUT Asymmetry parameter
0045	GEMS_SENO_02	68	CS	Acquisition Mode
0045	GEMS_SENO_02	69	IS	Collimator Rotation
0045	GEMS_SENO_02	70	DS	Brightness Adjustment
0045	GEMS_SENO_02	71	DS	Contrast Adjustment
0045	GEMS_SENO_02	72	DS	Collimator Width
0045	GEMS_SENO_02	73	DS	Collimator Height
0047	GEMS_3DSTATE_001	00	UL	Group Length 0047
0047	GEMS_3DSTATE_001	D6	ST	General Description
0047	GEMS_3DSTATE_001	D7	CS	TDRT
0047	GEMS_3DSTATE_001	D8	US	NVRP
0047	GEMS_3DSTATE_001	D9	US	CVRPN
0047	GEMS_3DSTATE_001	DA	SQ	Volume Rendering Presets Sequence
0047	GEMS_3DSTATE_001	DB	LO	Preset Name
0047	GEMS_3DSTATE_001	DC	SS	Opacity Curve X
0047	GEMS_3DSTATE_001	DD	FL	Opacity Curve Y
0047	GEMS_3DSTATE_001	DE	US	NOCP
0047	GEMS_3DSTATE_001	DF	SS	Color Curve X
0047	GEMS_3DSTATE_001	E1	US	NCCP
0047	GEMS_3DSTATE_001	E2	CS	GSA
0047	GEMS_3DSTATE_001	E3	CS	VRSF
0047	GEMS_3DSTATE_001	E4	FL	AF
0047	GEMS_3DSTATE_001	E5	FL	DF
0047	GEMS_3DSTATE_001	E6	FL	SCF
0047	GEMS_3DSTATE_001	E7	FL	SPF
0047	GEMS_3DSTATE_001	E8	FL	Orthogonal Clipping Planes
0047	GEMS_3DSTATE_001	E9	FL	CP
0047	GEMS_3DSTATE_001	EA	DS	CFP
0047	GEMS_3DSTATE_001	EB	DS	CVU
0047	GEMS_3DSTATE_001	EC	FL	RFOV
0047	GEMS_3DSTATE_001	ED	CS	PPRP
0047	GEMS_3DSTATE_001	EE	DS	3DWW
0047	GEMS_3DSTATE_001	EF	DS	3DWL
0047	GEMS_3DSTATE_001	F0	CS	BBV
0047	GEMS_3DSTATE_001	F1	CS	ERF
0047	GEMS_3DSTATE_001	F2	US	TDRMS
0047	GEMS_3DSTATE_001	F3	FL	TDSSS
0047	GEMS_ADWSoft_3D1	01	SQ	Reconstruction
0047	GEMS_ADWSoft_3D1	49	UL	Volume Color
0047	GEMS_ADWSoft_3D1	50	UL	VolumeVoxelCount
0047	GEMS_ADWSoft_3D1	51	UL	VolumeSegmentCount
0047	GEMS_ADWSoft_3D1	53	US	VolumeSliceSize
0047	GEMS_ADWSoft_3D1	54	US	VolumeSliceCount
0047	GEMS_ADWSoft_3D1	55	SL	VolumeThresholdValue
0047	GEMS_ADWSoft_3D1	57	DS	VolumeVoxelRatio
0047	GEMS_ADWSoft_3D1	58	DS	VolumeVoxelSize
0047	GEMS_ADWSoft_3D1	59	US	VolumeZPositionSize
0047	GEMS_ADWSoft_3D1	60	DS	VolumeBaseLine
0047	GEMS_ADWSoft_3D1	61	DS	VolumeCenterPoint
0047	GEMS_ADWSoft_3D1	63	SL	VolumeSkewBase
0047	GEMS_ADWSoft_3D1	64	DS	VolumeRegistrationTransformRotationMatrix
0047	GEMS_ADWSoft_3D1	65	DS	VolumeRegistrationTransformTranslationVector
0047	GEMS_ADWSoft_3D1	66	DS	Volume Tilt
0047	GEMS_ADWSoft_3D1	70	DS	KVPList
0047	GEMS_ADWSoft_3D1	71	IS	XRayTubeCurrentList
0047	GEMS_ADWSoft_3D1	72	IS	ExposureList
0047	GEMS_ADWSoft_3D1	80	LO	AcquisitionDLXIdentifier
0047	GEMS_ADWSoft_3D1	81	IS	Acquisition DLX 2D Series Count
0047	GEMS_ADWSoft_3D1	85	SQ	AcquisitionDLX2DSeriesSequence
0047	GEMS_ADWSoft_3D1	89	DS	ContrastAgentVolumeList
0047	GEMS_ADWSoft_3D1	8A	US	NumberOfInjections
0047	GEMS_ADWSoft_3D1	8B	US	FrameCount
0047	GEMS_ADWSoft_3D1	91	LO	XA3DReconstructionAlgorithmName
0047	GEMS_ADWSoft_3D1	92	CS	XA3DReconstructionAlgorithmVersion
0047	GEMS_ADWSoft_3D1	93	DA	DLXCalibrationDate
0047	GEMS_ADWSoft_3D1	94	TM	DLXCalibrationTime
0047	GEMS_ADWSoft_3D1	95	CS	DLXCalibrationStatus
0047	GEMS_ADWSoft_3D1	96	IS	UsedFrames
0047	GEMS_ADWSoft_3D1	98	US	TransformCount
0047	GEMS_ADWSoft_3D1	99	SQ	TransformSequence
0047	GEMS_ADWSoft_3D1	9A	DS	TransformRotationMatrix
0047	GEMS_ADWSoft_3D1	9B	DS	TransformTranslationVector
0047	GEMS_ADWSoft_3D1	9C	LO	TransformLabel
0047	GEMS_ADWSoft_3D1	B0	SQ	WireframeList
0047	GEMS_ADWSoft_3D1	B1	US	WireframeCount
0047	GEMS_ADWSoft_3D1	B2	US	LocationSystem
0047	GEMS_ADWSoft_3D1	B5	LO	WireframeName
0047	GEMS_ADWSoft_3D1	B6	LO	WireframeGroupName
0047	GEMS_ADWSoft_3D1	B7	LO	WireframeColor
0047	GEMS_ADWSoft_3D1	B8	SL	WireframeAttributes
0047	GEMS_ADWSoft_3D1	B9	SL	WireframePointCount
0047	GEMS_ADWSoft_3D1	BA	SL	WireframeTimestamp
0047	GEMS_ADWSoft_3D1	BB	SQ	WireframePointList
0047	GEMS_ADWSoft_3D1	BC	DS	WireframePointsCoordinates
0047	GEMS_ADWSoft_3D1	C0	DS	VolumeUpperLeftHighCornerRAS
0047	GEMS_ADWSoft_3D1	C1	DS	VolumeSliceToRASRotationMatrix
0047	GEMS_ADWSoft_3D1	C2	DS	VolumeUpperLeftHighCornerTLOC
0047	GEMS_ADWSoft_3D1	D1	OB	VolumeSegmentList
0047	GEMS_ADWSoft_3D1	D2	OB	VolumeGradientList
0047	GEMS_ADWSoft_3D1	D3	OB	VolumeDensityList
0047	GEMS_ADWSoft_3D1	D4	OB	VolumeZPositionList
0047	GEMS_ADWSoft_3D1	D5	OB	VolumeOriginalIndexList
0047	GEMS_ADWSoft_3D1	F4	LO	Volume Name(s)
0047	GEMS_ADWSoft_3D1	F5	DS	Min original density
0047	GEMS_ADWSoft_3D1	F6	DS	Max original density
0047	GEMS_ADWSoft_3D1	F7	DS	Min Converted Density
0047	GEMS_ADWSoft_3D1	F8	DS	Max Converted Density
0047	GEMS_ADWSoft_3D1	F9	LO	Protocol Film Name
0047	GEMS_ADWSoft_3D1	FA	US	Protocol Resolution
0047	GEMS_ADWSoft_3D1	FB	US	Phase Number (percent)
0047	GEMS_ADWSoft_3D1	FC	OB	Volume midscan times list
0047	GEMS_ADWSoft_3D1	FD	OB	Volume Registered Phases List
0047	GEMS_ADWSoft_3D1	FE	LO	Protocol Name
0047	GEMS_ADWSoft_3D1	FF	LO	Protocol Title
0047	GEMS_IQTB_IDEN_47	01	SH	Image Path
0047	GEMS_IQTB_IDEN_47	02	UL	Image Date/Time
0047	GEMS_IQTB_IDEN_47	03	UL	Queue Sequence Number
0047	GEMS_IQTB_IDEN_47	04	UL	Recon Sequence ID
0047	GEMS_VXTL_USERDATA_01	11	LT	
0049	AIR	10	LO	?Possibly PHI?
0049	AIR	11	LO	?number?
0049	AIR	13	LT	?Long desc possibly PHI?
0049	GEMS_CT_CARDIAC_001	00	UL	Group Length 0049
0049	GEMS_CT_CARDIAC_001	01	SQ	CT Cardiac Sequence
0049	GEMS_CT_CARDIAC_001	02	CS	HeartRateAtConfirm
0049	GEMS_CT_CARDIAC_001	03	FL	AvgHeartRatePriorToConfirm
0049	GEMS_CT_CARDIAC_001	04	CS	MinHeartRatePriorToConfirm
0049	GEMS_CT_CARDIAC_001	05	CS	MaxHeartRatePriorToConfirm
0049	GEMS_CT_CARDIAC_001	06	FL	StdDevHeartRatePriorToConfirm
0049	GEMS_CT_CARDIAC_001	07	US	NumHeartRateSamplesPriorToConfirm
0049	GEMS_CT_CARDIAC_001	08	CS	AutoHeartRateDetectPredict
0049	GEMS_CT_CARDIAC_001	09	CS	SystemOptimizedHeartRate
0049	GEMS_CT_CARDIAC_001	0A	ST	EkgMonitorType
0049	GEMS_CT_CARDIAC_001	0B	CS	NumReconSectors
0049	GEMS_CT_CARDIAC_001	0C	FL	RpeakTimeStamps
004B	GEIIS	00	UL	Group Length 004b
004B	GEIIS	13	IS	
004B	GEIIS	15	LT	
004B	GEMS_CT_HINO_01	01	DS	Beam Thickess
004B	GEMS_CT_HINO_01	02	DS	R Time
004B	GEMS_CT_HINO_01	03	IS	HBC Number
004B	GEMS_HINO_CT_01	01	DS	Beam Thickness
004B	GEMS_HINO_CT_01	02	DS	R Time
004B	GEMS_HINO_CT_01	03	IS	HBC number
0051	EPI Private Header	11	LO	
0051	GEMS_CT_VES_01	00	UL	Group Length 0051
0051	GEMS_CT_VES_01	01	SQ	CTVESSequence
0051	GEMS_FUNCTOOL_01	01	LO	Functional Proc Group Name
0051	GEMS_FUNCTOOL_01	02	LO	Functional Processing Name
0051	GEMS_FUNCTOOL_01	03	SL	Bias of Functional Image
0051	GEMS_FUNCTOOL_01	04	FL	Scale of Functional Image
0051	GEMS_FUNCTOOL_01	05	SL	Length of Parameters String
0051	GEMS_FUNCTOOL_01	06	LT	Store Parameters string, delimited by character ESC=0x1B (27)
0051	GEMS_FUNCTOOL_01	07	LO	Functional Image Version
0051	GEMS_FUNCTOOL_01	08	SL	Store Color Ramp
0051	GEMS_FUNCTOOL_01	09	SL	Store Width of Functional Image
0051	GEMS_FUNCTOOL_01	0A	SL	Store level of Functional Image
0051	GEMS_FUNCTOOL_01	0B	FL	Store B-Value with Functional Image
0051	GEMS_FUNCTOOL_01	0C	LO	Analysis Package
0051	GEMS_FUNCTOOL_01	0E	SL	
0051	GEMS_PARM_01	0A	SL	Store level of Functional Image
0051	GEMS_PARM_01	0B	FL	Store B-Value with Functional Image
0051	SIEMENS CM VA0  CMS	10	LT	ImageText
0051	SIEMENS MED	10	SS	
0051	SIEMENS MED	11	SS	
0051	SIEMENS MED	12	SS	
0051	SIEMENS MED	13	SS	
0051	SIEMENS MED	14	SS	
0051	SIEMENS MED	15	SL	
0051	SIEMENS MED	18	SL	
0051	SIEMENS MED NM	10	SS	Number of Windows
0051	SIEMENS MED NM	11	SS	Average Heart Rate BPM
0051	SIEMENS MED NM	12	SS	Accepted Beats in Window
0051	SIEMENS MED NM	13	SS	Average R-R Interval msec
0051	SIEMENS MED NM	14	SS	Window Width %
0051	SIEMENS MED NM	15	SL	Hottest Pixel in Window
0051	SIEMENS MED NM	18	SL	Total Counts in Window
0051	SIEMENS MR HEADER	08	CS	CSA Image Header Type
0051	SIEMENS MR HEADER	09	LO	CSA Image Header Version ??
0051	SIEMENS MR HEADER	0A	LO	Meas Duration
0051	SIEMENS MR HEADER	0B	LO	Acquisition Matrix (Reconstruction Matrix if Interpolated)
0051	SIEMENS MR HEADER	0C	LO	Field of View
0051	SIEMENS MR HEADER	0D	SH	Slice Position
0051	SIEMENS MR HEADER	0E	LO	Slice Orientation
0051	SIEMENS MR HEADER	0F	LO	Coil String
0051	SIEMENS MR HEADER	11	LO	PAT Mode (Ima PAT Mode)
0051	SIEMENS MR HEADER	12	SH	Rel Table Position
0051	SIEMENS MR HEADER	13	SH	Positive PCS Directions
0051	SIEMENS MR HEADER	14	SH	?v150_through?
0051	SIEMENS MR HEADER	15	SH	?Data Filter?
0051	SIEMENS MR HEADER	16	LO	?Image Type?
0051	SIEMENS MR HEADER	17	SH	?Slice Thickness?
0051	SIEMENS MR HEADER	18	SH	
0051	SIEMENS MR HEADER	19	LO	?Scan options?
0053	3Z_IMAGE_IMPORT_CLIENT_INFO	01	LO	?Date+Time?
0053	3Z_IMAGE_IMPORT_CLIENT_INFO	02	LO	?Org Name?
0053	3Z_IMAGE_IMPORT_CLIENT_INFO	03	LO	?Software Version?
0053	3Z_IMAGE_IMPORT_CLIENT_INFO	04	LO	?ID?
0053	3Z_IMAGE_IMPORT_CLIENT_INFO	05	LO	?IP Address?
0053	3Z_IMAGE_IMPORT_CLIENT_INFO	06	LO	?AE Title?
0053	GEHC_CT_ADVAPP_001	20	IS	ShuttleFlag
0053	GEHC_CT_ADVAPP_001	21	IS	TableSpeedNotReachesTargetFlag
0053	GEHC_CT_ADVAPP_001	40	SH	IterativeReconAnnotation
0053	GEHC_CT_ADVAPP_001	41	SH	IterativeReconMode
0053	GEHC_CT_ADVAPP_001	42	LO	IterativeReconConfiguration
0053	GEHC_CT_ADVAPP_001	43	SH	IterativeReconLevel
0053	GEHC_CT_ADVAPP_001	60	SH	reconFlipRotateAnno
0053	GEHC_CT_ADVAPP_001	61	SH	highResolutionFlag
0053	GEHC_CT_ADVAPP_001	62	SH	RespiratoryFlag
0053	GEHC_CT_ADVAPP_001	64	IS	Shutter Mode
0053	GEHC_CT_ADVAPP_001	65	IS	Shutter Mode Percent
0053	GEHC_CT_ADVAPP_001	66	LO	Image Browser Annotation
0053	GEHC_CT_ADVAPP_001	67	IS	Overlapped Recon Flag
0053	GEHC_CT_ADVAPP_001	68	IS	Row Number Annotation Flag
0053	GEHC_CT_ADVAPP_001	6A	IS	ODMFlag
0053	GEHC_CT_ADVAPP_001	6B	IS	ODMReductionPercent
0053	GEHC_CT_ADVAPP_001	6C	DS	
0053	GEHC_CT_ADVAPP_001	6D	DS	
0053	GEHC_CT_ADVAPP_001	6F	IS	ASiR Auto Guidance Dose Reduction Percent
0053	GEHC_CT_ADVAPP_001	9D	LO	MARsAnnotation
0053	SIEMENS MED	00	UL	Group Length 0053
0053	SIEMENS MED	01	SS	
0053	SIEMENS MED	02	SS	
0053	SIEMENS MED	03	SS	
0053	SIEMENS MED	10	SS	
0053	SIEMENS MED	11	SL	
0053	SIEMENS MED	12	SS	
0053	SIEMENS MED	13	SL	
0053	SIEMENS MED	14	SS	
0053	SIEMENS MED	15	SL	
0053	SIEMENS MED	16	SS	
0053	SIEMENS MED	17	SS	
0053	SIEMENS MED	18	SL	
0053	SIEMENS MED	19	SS	
0053	SIEMENS MED	1A	SS	
0053	SIEMENS MED	1B	SL	
0053	SIEMENS MED	1C	SS	
0053	SIEMENS MED	1D	SL	
0053	SIEMENS MED	30	SS	
0053	SIEMENS MED	31	SS	
0053	SIEMENS MED	32	SS	
0053	SIEMENS MED	33	SL	
0053	SIEMENS MED	40	SS	
0053	SIEMENS MED	41	SL	
0053	SIEMENS MED	42	SS	
0053	SIEMENS MED	43	SL	
0053	SIEMENS MED	44	SS	
0053	SIEMENS MED NM	01	SS	Terminate on Pixel Overflow Flag 1 Terminate
0053	SIEMENS MED NM	02	SS	Terminate on List Buffer Overflow Flag
0053	SIEMENS MED NM	03	SS	First Frame by Counts
0053	SIEMENS MED NM	10	SS	Elapsed Time Start Condition 0 None 1 Any 2 All
0053	SIEMENS MED NM	11	SL	Elapsed Time Start msec
0053	SIEMENS MED NM	12	SS	Count Rate Start Condition 0 None 1 Any 2 All
0053	SIEMENS MED NM	13	SL	Count Rate Start
0053	SIEMENS MED NM	14	SS	Start Heart Beat Count Condition 0 None 1 Any 2
0053	SIEMENS MED NM	15	SL	Start Heart Beat Count
0053	SIEMENS MED NM	16	SS	Start Heart Rate Threshold Condition
0053	SIEMENS MED NM	17	SS	Start Heart Rate Increasing Flag
0053	SIEMENS MED NM	18	SL	Start Heart Rate
0053	SIEMENS MED NM	19	SL	Manual Stop Flag 0 No 1 Yes
0053	SIEMENS MED NM	1A	SS	Elapsed Time Stop Condition 0 None 1 Any 2 All
0053	SIEMENS MED NM	1B	SL	Elapsed Time Stop
0053	SIEMENS MED NM	1C	SS	Stop Heart Beat Count Condition 0 None 1 Any 2 A
0053	SIEMENS MED NM	1D	SL	Stop Heart Beat Count
0053	SIEMENS MED NM	30	SS	Info Density Stop Condition
0053	SIEMENS MED NM	31	SS	Info Density Stop Scaler
0053	SIEMENS MED NM	32	SS	Info Density Stop Region
0053	SIEMENS MED NM	33	SL	Info Density Stop Count
0053	SIEMENS MED NM	40	SS	Stop Condition Status 0 None 1 Any 2 All
0053	SIEMENS MED NM	41	SL	Stop Count
0053	SIEMENS MED NM	42	SS	Stop Count Condition Status 0 None 1 Any 2 All
0053	SIEMENS MED NM	43	SL	Stop Time
0053	SIEMENS MED NM	44	SS	Stop Time Condition Status 0 None 1 Any 2 All
0055	3Z_IMAGE_IMPORT_GENERAL_HIST	01	LO	Copy of Specific Character Set (0008,0005)
0055	3Z_IMAGE_IMPORT_GENERAL_HIST	03	LO	Copy of Study Instance UID (0020,000d)
0055	3Z_IMAGE_IMPORT_GENERAL_HIST	04	LO	Copy of Series Instance UID (0020,000e)
0055	3Z_IMAGE_IMPORT_GENERAL_HIST	05	LO	Copy of SOP Instance UID (0008,0018)
0055	3Z_IMAGE_IMPORT_GENERAL_HIST	06	LO	Copy of Patient ID (0010,0010)
0055	3Z_IMAGE_IMPORT_GENERAL_HIST	07	LO	Copy of Patient's Name (0010,0010)
0055	3Z_IMAGE_IMPORT_GENERAL_HIST	08	LO	Copy of Patient's Birth Date (0010,1030)
0055	3Z_IMAGE_IMPORT_GENERAL_HIST	09	LO	Copy of Patient's Sex (0010,0040)
0055	3Z_IMAGE_IMPORT_GENERAL_HIST	12	LO	Copy of Study Description (0008,1030)
0055	3Z_IMAGE_IMPORT_GENERAL_HIST	13	LO	Copy of Accession Number (0008,0050)
0055	GEMS_GENIE_1	00	UL	Group Length 0055
0055	GEMS_GENIE_1	12	SQ	Xeleris Energy Window Information Sequence
0055	GEMS_GENIE_1	13	SQ	Xeleris Energy Window Range Sequence
0055	GEMS_GENIE_1	22	SQ	Xeleris Detector Information Sequence
0055	GEMS_GENIE_1	52	SQ	Xeleris Rotation Information Sequence
0055	GEMS_GENIE_1	62	SQ	Xeleris Gated Information Sequence
0055	GEMS_GENIE_1	63	SQ	Xeleris Data Information Sequence
0055	GEMS_GENIE_1	64	SQ	SDODoubleData SQ
0055	GEMS_GENIE_1	65	SQ	Xeleris Frame Sequence
0055	PMOD_1	01	FD	Frame Start Times Vector
0055	PMOD_1	02	FD	Frame Positions Vector
0055	PMOD_1	03	FD	Frame Orientations Vector
0055	PMOD_1	04	FD	Frame Durations (ms) Vector
0055	PMOD_1	05	FD	Frame Rescale Slope Vector
0055	SIEMENS ISI	46	LT	CurrentWard
0055	SIEMENS MED	01	SS	
0055	SIEMENS MED	02	SS	
0055	SIEMENS MED	03	SL	
0055	SIEMENS MED	20	SS	
0055	SIEMENS MED	21	ST	
0055	SIEMENS MED	22	SS	
0055	SIEMENS MED	23	ST	
0055	SIEMENS MED	24	SS	
0055	SIEMENS MED	25	ST	
0055	SIEMENS MED	29	SL	
0055	SIEMENS MED	2A	SL	
0055	SIEMENS MED	30	SS	
0055	SIEMENS MED	31	ST	
0055	SIEMENS MED	32	SS	
0055	SIEMENS MED	33	ST	
0055	SIEMENS MED	34	SS	
0055	SIEMENS MED	35	ST	
0055	SIEMENS MED	38	SL	
0055	SIEMENS MED	39	SL	
0055	SIEMENS MED	3A	SL	
0055	SIEMENS MED	40	SS	
0055	SIEMENS MED	48	SL	
0055	SIEMENS MED	50	SS	
0055	SIEMENS MED	51	SS	
0055	SIEMENS MED	52	SS	
0055	SIEMENS MED	53	ST	
0055	SIEMENS MED	54	SL	
0055	SIEMENS MED	55	SL	
0055	SIEMENS MED	56	SS	
0055	SIEMENS MED	57	SS	
0055	SIEMENS MED	58	SL	
0055	SIEMENS MED	59	ST	
0055	SIEMENS MED	5A	SL	
0055	SIEMENS MED	5B	SS	
0055	SIEMENS MED	5C	ST	
0055	SIEMENS MED	5D	SS	
0055	SIEMENS MED	5E	SS	
0055	SIEMENS MED	5F	SL	
0055	SIEMENS MED	60	SS	
0055	SIEMENS MED	61	SS	
0055	SIEMENS MED	64	SS	
0055	SIEMENS MED	65	SS	
0055	SIEMENS MED	66	SS	
0055	SIEMENS MED	67	SS	
0055	SIEMENS MED	68	SS	
0055	SIEMENS MED	69	SS	
0055	SIEMENS MED	6A	SS	
0055	SIEMENS MED	6B	SS	
0055	SIEMENS MED	6C	SS	
0055	SIEMENS MED	6D	SS	
0055	SIEMENS MED	70	SL	
0055	SIEMENS MED	71	SL	
0055	SIEMENS MED	72	SL	
0055	SIEMENS MED	73	SL	
0055	SIEMENS MED	74	SL	
0055	SIEMENS MED	75	SL	
0055	SIEMENS MED	76	SL	
0055	SIEMENS MED	77	SL	
0055	SIEMENS MED	78	SL	
0055	SIEMENS MED	80	SS	
0055	SIEMENS MED	81	SS	
0055	SIEMENS MED	82	SS	
0055	SIEMENS MED	83	SS	
0055	SIEMENS MED	84	SS	
0055	SIEMENS MED	85	SS	
0055	SIEMENS MED	86	SL	
0055	SIEMENS MED	87	SL	
0055	SIEMENS MED	88	SL	
0055	SIEMENS MED	89	ST	
0055	SIEMENS MED	8A	SS	
0055	SIEMENS MED	8B	SL	
0055	SIEMENS MED	8C	SS	
0055	SIEMENS MED	8D	SL	
0055	SIEMENS MED	8E	SL	
0055	SIEMENS MED	8F	SL	
0055	SIEMENS MED	90	SL	
0055	SIEMENS MED	91	SS	
0055	SIEMENS MED	92	ST	
0055	SIEMENS MED	93	SL	
0055	SIEMENS MED	94	SL	
0055	SIEMENS MED	95	SL	
0055	SIEMENS MED	96	SL	
0055	SIEMENS MED	97	SL	
0055	SIEMENS MED	98	SS	
0055	SIEMENS MED	99	SS	
0055	SIEMENS MED	9A	SS	
0055	SIEMENS MED	9B	SS	
0055	SIEMENS MED	9C	SS	
0055	SIEMENS MED	9D	SL	
0055	SIEMENS MED	9E	SL	
0055	SIEMENS MED	9F	SL	
0055	SIEMENS MED	A0	SL	
0055	SIEMENS MED	A1	SL	
0055	SIEMENS MED	A2	SL	
0055	SIEMENS MED	A3	SL	
0055	SIEMENS MED	A4	SS	
0055	SIEMENS MED	A5	SL	
0055	SIEMENS MED	A6	SL	
0055	SIEMENS MED	A7	SS	
0055	SIEMENS MED	A8	SS	
0055	SIEMENS MED	A9	SS	
0055	SIEMENS MED	B0	SS	
0055	SIEMENS MED	B1	SS	
0055	SIEMENS MED NM	02	SS	Unknown 55-02
0055	SIEMENS MED NM	04	SS	Prompt window width
0055	SIEMENS MED NM	05	SS	Random window width
0055	SIEMENS MED NM	20	SS	Flood Corr. Flag 1 Corr
0055	SIEMENS MED NM	21	DS	Flood Acquisition Date
0055	SIEMENS MED NM	30	SS	COR Corr. Flag 1 Corr
0055	SIEMENS MED NM	31	DA	COR Acquisition Date
0055	SIEMENS MED NM	38	OW	COR Data
0055	SIEMENS MED NM	40	SS	Noncircular Orbit Flag 1 NCO
0055	SIEMENS MED NM	48	FL	NCO Values
0055	SIEMENS MED NM	4C	SL	
0055	SIEMENS MED NM	4D	SL	
0055	SIEMENS MED NM	50	SS	Prone Flag 0 Supine 1 Prone
0055	SIEMENS MED NM	51	SS	Orbit 0 Circular 1 Elliptical
0055	SIEMENS MED NM	52	SS	Total Rotation in Degrees
0055	SIEMENS MED NM	53	CS	Zero Location (T=Top B=Bottom)
0055	SIEMENS MED NM	54	FL	Angular Step
0055	SIEMENS MED NM	55	FL	Start Angle
0055	SIEMENS MED NM	56	SS	Decay Corr. Flag 1 Corr
0055	SIEMENS MED NM	57	SS	Scatter Corr. Flag 1 Corr
0055	SIEMENS MED NM	58	FL	Radial Map Info in 0.1 mm Inc.
0055	SIEMENS MED NM	59	CS	Direction H HeadIn F FeetIn
0055	SIEMENS MED NM	5A	FL	Table Traverse cm
0055	SIEMENS MED NM	5B	SS	Multiplexor Flag 1 Multiplexed
0055	SIEMENS MED NM	5C	DS	Pixel Acquisition Date
0055	SIEMENS MED NM	5D	SS	Angle Type 1 360o 2 128 Steps
0055	SIEMENS MED NM	5E	SL	Orbit Definition
0055	SIEMENS MED NM	5F	FL	Arm Length in cm
0055	SIEMENS MED NM	60	SS	Auto Window Beats
0055	SIEMENS MED NM	61	SS	Non-gated File Extension
0055	SIEMENS MED NM	64	SS	TIC Error Values
0055	SIEMENS MED NM	65	SS	X1
0055	SIEMENS MED NM	66	SS	Y1
0055	SIEMENS MED NM	67	SS	X2
0055	SIEMENS MED NM	68	SS	Y2
0055	SIEMENS MED NM	69	SS	X3
0055	SIEMENS MED NM	6A	SS	Y3
0055	SIEMENS MED NM	6B	SS	X4
0055	SIEMENS MED NM	6C	SS	Y4
0055	SIEMENS MED NM	6D	SS	Pixel Size Flag 1 Valid Size
0055	SIEMENS MED NM	70	FL	X Focal Length
0055	SIEMENS MED NM	71	FL	Y Focal Length
0055	SIEMENS MED NM	72	FL	X Gains
0055	SIEMENS MED NM	73	FL	Y Gains
0055	SIEMENS MED NM	74	FL	X Offset
0055	SIEMENS MED NM	75	FL	Y Offset
0055	SIEMENS MED NM	76	FL	X Principal Ray
0055	SIEMENS MED NM	77	FL	Y Principal Ray
0055	SIEMENS MED NM	78	FL	Total Flood Counts
0055	SIEMENS MED NM	7E	FL	Collimator thickness
0055	SIEMENS MED NM	7F	FL	Collimator angular resolution
0055	SIEMENS MED NM	80	SS	File Altered Flag 1 Altered
0055	SIEMENS MED NM	81	SS	Raw Data Extension
0055	SIEMENS MED NM	82	SS	Sagittal Extension
0055	SIEMENS MED NM	83	SS	Coronal Extension
0055	SIEMENS MED NM	84	SS	Transverse Extension
0055	SIEMENS MED NM	85	SS	Volume Rendered Extension
0055	SIEMENS MED NM	86	SL	Plane of Transverse Bottom Slice
0055	SIEMENS MED NM	87	SL	Plane of Transverse Top Slice
0055	SIEMENS MED NM	88	SL	Slice Step in Pixels
0055	SIEMENS MED NM	8A	SL	Y-Axis Smooth Slice Weights
0055	SIEMENS MED NM	8B	SL	Number of Transverse Slices
0055	SIEMENS MED NM	8C	SS	Attenuation Flag 1 Chang 2 Sorenson
0055	SIEMENS MED NM	8D	SS	Sagittal Right Limit
0055	SIEMENS MED NM	8E	SS	Sagittal Left Limit
0055	SIEMENS MED NM	8F	SS	Coronal Posterior Limit
0055	SIEMENS MED NM	90	SS	Coronal Anterior Limit
0055	SIEMENS MED NM	91	SS	Isotope Used in Reconstruction
0055	SIEMENS MED NM	93	FL	Filter Cutoff Frequency
0055	SIEMENS MED NM	94	FL	Filter Alpha Coefficient
0055	SIEMENS MED NM	95	FL	Filter Order
0055	SIEMENS MED NM	96	FL	Attenuation Coefficient
0055	SIEMENS MED NM	97	SS	Percent Ray
0055	SIEMENS MED NM	98	SS	Astigmatic Collimator 1 Neuro 2 Cardiac
0055	SIEMENS MED NM	99	SS	XP0
0055	SIEMENS MED NM	9A	SS	ZP0
0055	SIEMENS MED NM	9B	SS	XP1
0055	SIEMENS MED NM	9C	SS	ZP1
0055	SIEMENS MED NM	9D	FL	Rotation Matrix
0055	SIEMENS MED NM	9E	FL	X0
0055	SIEMENS MED NM	9F	FL	X1
0055	SIEMENS MED NM	A0	FL	Y0
0055	SIEMENS MED NM	A1	FL	Y1
0055	SIEMENS MED NM	A2	FL	Z0
0055	SIEMENS MED NM	A3	FL	Z1
0055	SIEMENS MED NM	A4	SS	Transverse Scale
0055	SIEMENS MED NM	A5	FL	Pixel Size X Direction mm
0055	SIEMENS MED NM	A6	FL	Pixel Size Y Direction mm
0055	SIEMENS MED NM	A7	SS	Regions File Extension
0055	SIEMENS MED NM	A8	SS	Gated SPECT Bins Reconstructed
0055	SIEMENS MED NM	A9	SS	Vertical Oblique Image
0055	SIEMENS MED NM	B0	SS	Oblique Region First Slice
0055	SIEMENS MED NM	B1	SS	Oblique Region Last Slice
0055	SIEMENS MED NM	C0	SS	
0055	SIEMENS MED NM	C2	SS	
0055	SIEMENS MED NM	C3	SS	
0055	SIEMENS MED NM	C4	SS	
0055	SIEMENS MED NM	D0	SS	
0055	SIEMENS MED SP DXMG WH AWS 1	01	LO	Projection View Display String
0055	VEPRO VIF 3.0 DATA	20	OB	VIF DATA
0055	VEPRO VIF 3.0 DATA	30	OB	Icon data
0055	VEPRO VIF 3.0 DATA	65	OB	Image hash value
0055	VEPRO VIM 5.0 DATA	10	OB	VIFHEADER2
0055	VEPRO VIM 5.0 DATA	20	OB	VIMDATA2
0055	VEPRO VIM 5.0 DATA	30	OB	ICONDATA2
0055	VEPRO VIM 5.0 DATA	51	UI	VEPRO UID ??
0055	VEPRO VIM 5.0 DATA	65	OB	VEPRO HASHNUMBER ??
0057	GEMS_ADWSoft_3D2	00	UL	Group Length 0057
0057	GEMS_ADWSoft_3D2	01	OB	Cardiac Reconstruction Algorithm List
0057	GEMS_ADWSoft_3D2	02	OB	Average Heart Rate for Image List
0057	GEMS_ADWSoft_3D2	03	OB	Temporal Resolution List
0057	GEMS_ADWSoft_3D2	04	LT	Layout View Preset
0057	GEMS_VXTLSTATE_001	05	SQ	Volumes_info
0057	GEMS_VXTLSTATE_001	06	SQ	Image_UIDs
0057	GEMS_VXTLSTATE_001	07	DT	SUV_ScanTime
0057	GEMS_VXTLSTATE_001	08	DT	SUV_AdministredTime
0057	GEMS_VXTLSTATE_001	09	DT	SUV_MeasuredTime
0057	GEMS_VXTLSTATE_001	10	DT	SUV_PostInjectedTime
0057	GEMS_VXTLSTATE_001	11	FL	SUV_TracerActivity
0057	GEMS_VXTLSTATE_001	12	FL	SUV_PostInjectedActivity
0057	GEMS_VXTLSTATE_001	13	FL	SUV_HalfLife
0057	GEMS_VXTLSTATE_001	14	LO	SState_Version
0057	GEMS_VXTLSTATE_001	15	SQ	SegList_Seq
0057	GEMS_VXTLSTATE_001	16	IS	SegList_Count
0057	GEMS_VXTLSTATE_001	17	OB	SegList_List
0057	GEMS_VXTLSTATE_001	18	LO	SegList_Name
0057	GEMS_VXTLSTATE_001	19	LO	Volume_Filename
0057	GEMS_VXTLSTATE_001	20	LO	SegList_Label
0057	GEMS_VXTLSTATE_001	21	SQ	Bookmark_Seq
0057	GEMS_VXTLSTATE_001	22	LT	Bookmark
0057	GEMS_VXTLSTATE_001	23	FL	Cursor_position
0057	GEMS_VXTLSTATE_001	24	UL	Color_Value_Field
0057	GEMS_VXTLSTATE_001	25	IS	Count
0057	GEMS_VXTLSTATE_001	26	SQ	Views_info
0057	GEMS_VXTLSTATE_001	27	LT	View_Slot
0057	GEMS_VXTLSTATE_001	28	IS	Wireframe_Size
0057	GEMS_VXTLSTATE_001	29	UT	Wireframe
0057	GEMS_VXTLSTATE_001	30	IS	Annotation_Size
0057	GEMS_VXTLSTATE_001	31	LT	Annotation
0057	GEMS_VXTLSTATE_001	32	IS	Slider_State
0057	GEMS_VXTLSTATE_001	33	LO	Proto_Name
0057	GEMS_VXTLSTATE_001	34	LO	Proto_Title
0057	GEMS_VXTLSTATE_001	35	LO	Proto_FilmName
0057	GEMS_VXTLSTATE_001	36	LO	Proto_Step
0057	GEMS_VXTLSTATE_001	38	LT	SegList_Slots
0057	GEMS_VXTLSTATE_001	39	IS	VT_Points_Size
0057	GEMS_VXTLSTATE_001	40	LT	VT_Points
0057	GEMS_VXTLSTATE_001	41	IS	VT_Meas_Size
0057	GEMS_VXTLSTATE_001	42	LT	VT_Meas
0057	GEMS_VXTLSTATE_001	43	IS	VT_Tree_Size
0057	GEMS_VXTLSTATE_001	44	UT	VT_Tree
0057	GEMS_VXTLSTATE_001	46	IS	VT_Preset_Size
0057	GEMS_VXTLSTATE_001	47	LT	VT_Preset
0057	GEMS_VXTLSTATE_001	48	IS	VT_State_Size
0057	GEMS_VXTLSTATE_001	49	LT	VT_State
0057	GEMS_VXTLSTATE_001	50	IS	Preferences_Size
0057	GEMS_VXTLSTATE_001	51	LT	Preferences
0057	GEMS_VXTLSTATE_001	52	IS	Volume_ZComb_Filter
0057	GEMS_VXTLSTATE_001	53	IS	HTML_Page_Size
0057	GEMS_VXTLSTATE_001	54	LT	HTML_Page
0057	GEMS_VXTLSTATE_001	55	FL	Camera_Position
0057	GEMS_VXTLSTATE_001	56	IS	Slider_Size
0057	GEMS_VXTLSTATE_001	57	LT	Slider
0057	GEMS_VXTLSTATE_001	58	LO	SegList_Pretty_Name
0057	GEMS_XELPRV_01	01	SQ	ROISQ
0057	GEMS_XELPRV_01	02	UI	SOPClassUID
0057	GEMS_XELPRV_01	03	UI	SOPInstanceUID
0057	GEMS_XELPRV_01	10	IS	ROINumber
0057	GEMS_XELPRV_01	11	UI	Dimensions
0057	GEMS_XELPRV_01	12	UI	Points
0057	GEMS_XELPRV_01	13	UI	Type
0057	GEMS_XELPRV_01	14	UI	Description
0057	GEMS_XELPRV_01	15	UI	Data value Representation
0057	GEMS_XELPRV_01	16	UI	Label
0057	GEMS_XELPRV_01	17	UI	Data
0057	GEMS_XELPRV_01	41	SL	Modified
0057	GEMS_XELPRV_01	42	LO	Name
0057	GEMS_XELPRV_01	43	SL	Rid
0057	GEMS_XELPRV_01	45	LO	SOPClassUID
0057	GEMS_XELPRV_01	46	LO	SOPInstanceUID
0057	GEMS_XELPRV_01	47	LO	Normal Colour
0057	GEMS_XELPRV_01	48	LT	NameFont
0057	GEMS_XELPRV_01	49	SL	FillPattern
0057	GEMS_XELPRV_01	4A	SL	LineStyle
0057	GEMS_XELPRV_01	4B	SL	LineDashLength
0057	GEMS_XELPRV_01	4C	SL	LineThickness
0057	GEMS_XELPRV_01	4D	SL	Interactivity
0057	GEMS_XELPRV_01	4E	SL	NamePos
0057	GEMS_XELPRV_01	4F	SL	NameDisplay
0057	GEMS_XELPRV_01	50	LO	Label
0057	GEMS_XELPRV_01	51	SL	BpSeg
0057	GEMS_XELPRV_01	52	US	BpSegpairs
0057	GEMS_XELPRV_01	53	SL	SeedSpace
0057	GEMS_XELPRV_01	54	FD	Seeds
0057	GEMS_XELPRV_01	55	SL	Shape
0057	GEMS_XELPRV_01	56	FD	ShapeTilt
0057	GEMS_XELPRV_01	59	SL	ShapePtsSpace
0057	GEMS_XELPRV_01	5A	SL	ShapeCtrlPtsCount
0057	GEMS_XELPRV_01	5B	FD	Shap CtrlPts
0057	GEMS_XELPRV_01	5C	SL	ShapeCPSpace
0057	GEMS_XELPRV_01	5D	UL	ROIFlags
0057	GEMS_XELPRV_01	5E	UL	FrameNumber
0057	GEMS_XELPRV_01	60	LO	DatasetROIMapping
0057	SIEMENS MED	10	SS	
0057	SIEMENS MED	20	SL	
0057	SIEMENS MED NM	01	LO	e.soft DICOM original image type
0057	SIEMENS MED NM	02	FL	Dose calibration factor
0057	SIEMENS MED NM	03	LO	Units
0057	SIEMENS MED NM	04	LO	Decay correction
0057	SIEMENS MED NM	05	SL	Radio nuclide half life
0057	SIEMENS MED NM	06	FL	Rescale intercept
0057	SIEMENS MED NM	07	FL	Rescale Slope
0057	SIEMENS MED NM	08	FL	Frame reference time
0057	SIEMENS MED NM	09	SL	Number of Radiopharmaceutical information seq
0057	SIEMENS MED NM	0A	FL	Decay factor
0057	SIEMENS MED NM	0B	LO	Counts source
0057	SIEMENS MED NM	0C	SL	Radio Nuclide positron fraction
0057	SIEMENS MED NM	10	SS	Low Count
0057	SIEMENS MED NM	20	SS	Vertical Oblique Image
0057	VEPRO BROKER 1.0	10	SQ	VEPRO Data replace sequence
0057	VEPRO BROKER 1.0 DATA REPLACE	20	SQ	Original data sequence
0057	VEPRO BROKER 1.0 DATA REPLACE	30	SQ	Replaced data sequence
0057	VEPRO BROKER 1.0 DATA REPLACE	40	DA	Date of data replacement
0057	VEPRO BROKER 1.0 DATA REPLACE	41	TM	Time of data replacement
0057	VEPRO BROKER 1.0 DATA REPLACE	42	LO	Dicom receive node
0057	VEPRO BROKER 1.0 DATA REPLACE	43	LO	Application name
0057	VEPRO BROKER 1.0 DATA REPLACE	44	LO	Computer name
0059	VEPRO DICOM RECEIVE DATA 1.0	40	DA	Receive date
0059	VEPRO DICOM RECEIVE DATA 1.0	41	TM	Receive time
0059	VEPRO DICOM RECEIVE DATA 1.0	42	ST	Receive node
0059	VEPRO DICOM RECEIVE DATA 1.0	43	ST	Receive application
0059	VEPRO DICOM RECEIVE DATA 1.0	50	ST	Receive local computer
0059	VEPRO DICOM RECEIVE DATA 1.0	51	ST	Receive local ae title
0059	VEPRO DICOM RECEIVE DATA 1.0	60	ST	Receive remote computer
0059	VEPRO DICOM RECEIVE DATA 1.0	61	ST	Receive remote ae title
0059	VEPRO DICOM RECEIVE DATA 1.0	70	UI	Receive original transfer syntax
0059	VEPRO DICOM TRANSFER 1.0	10	SQ	Dicom Transfer Info
0061	Common Private Header	01	SH	
0061	Common Private Header	02	SH	FOV
0061	Common Private Header	03	SH	
0061	DB Dicom Private Creator	02	US	Generate Private
0061	EditStatus	04	US	
0061	PrivateCreator16	06	ST	Radiopharmaceutical Information JSON
0063	BioPri3D	00	UL	Group Length 0063
0065	ISG Image	11	UL	Length in Byte of Image
0065	Image Private Header	00	UL	MeasurmentUID
0065	Image Private Header	02	LO	ImageOrientationDisplayed
0065	Image Private Header	03	LO	ReceiveCoil
0065	Image Private Header	04	SH	Interpolation
0065	Image Private Header	05	SH	PE Direction Displayed
0065	Image Private Header	06	IS	Slice Group ID
0065	Image Private Header	07	OB	Uprotocol
0065	Image Private Header	09	FD	BActualValue
0065	Image Private Header	0A	FD	BUserValue
0065	Image Private Header	0D	SH	Parallel Information
0065	Image Private Header	0F	SH	Slice Position
0065	Image Private Header	11	SH	Sections
0065	Image Private Header	12	LO	
0065	Image Private Header	13	FD	InPlaneRotAngle
0065	Image Private Header	14	DS	SliceNormalVector
0065	Image Private Header	15	DS	SliceCenterPosition
0065	Image Private Header	16	UL	PixelRotateModel
0065	Image Private Header	17	LO	SAR Model
0065	Image Private Header	18	LO	dB/dt Model
0065	Image Private Header	21	SH	
0065	Image Private Header	23	LO	TablePosition
0065	Image Private Header	25	DS	Slice Gap
0065	Image Private Header	29	SH	AcquisitionDuration
0065	Image Private Header	2B	LT	ApplicationCategory
0065	Image Private Header	2C	IS	RepeatitionIndex
0065	Image Private Header	2D	ST	SequenceDisplayName
0065	Image Private Header	2E	LO	NoiseDecovarFlag
0065	Image Private Header	2F	FL	ScaleFactor
0065	Image Private Header	30	LO	?Customer?
0065	Image Private Header	31	SH	MRSequenceVariant
0065	Image Private Header	32	SH	MRKSpaceFilter
0065	Image Private Header	33	SH	MRTableMode
0065	Image Private Header	36	OB	MRDiscoParameter
0065	Image Private Header	37	FD	MRDiffusionGradOrientation
0065	Image Private Header	38	FD	MRPerfusionNoiseLevel
0065	Image Private Header	39	SH	MRGradRange
0065	Image Private Header	40	LO	
0065	Image Private Header	41	LT	?NIN?
0065	Image Private Header	48	OB	
0065	Image Private Header	49	DS	
0065	Image Private Header	50	DS	MR Number Of Slice In Volume
0065	Image Private Header	51	SQ	MR VFrame Sequence
0065	Image Private Header	52	LO	
0065	Image Private Header	53	DS	
0065	Image Private Header	55	DS	
0065	Image Private Header	58	IS	
0065	Image Private Header	59	LO	
0065	Image Private Header	60	LO	
0065	Image Private Header	6A	LO	
0065	Image Private Header	6C	OB	UIH serialized protocol
0065	Image Private Header	71	US	
0065	Image Private Header	73	OB	
0065	Image Private Header	76	SH	
0065	Image Private Header	77	LO	
0065	Image Private Header	78	LO	
0065	Viewing Protocol	00	UL	Group Length 0065
0065	Viewing Protocol	93	CS	
0067	PrivateCreator10	04	FD	
0067	PrivateCreator10	05	FD	
0067	PrivateCreator10	07	CS	
0067	PrivateCreator10	08	LO	
0067	PrivateCreator10	09	IS	
0067	PrivateCreator10	0A	IS	
0067	PrivateCreator10	0B	IS	
0067	PrivateCreator10	0D	SH	
0067	PrivateCreator10	10	DT	
0067	PrivateCreator10	12	DT	
0067	PrivateCreator10	14	CS	
0067	PrivateCreator10	15	CS	
0067	PrivateCreator10	17	CS	
0067	PrivateCreator10	19	CS	
0067	PrivateCreator10	1A	CS	
0067	PrivateCreator10	1B	CS	
0067	PrivateCreator10	1C	CS	
0067	PrivateCreator10	1D	IS	
0067	PrivateCreator10	20	UT	
0067	PrivateCreator10	21	SQ	
0067	PrivateCreator10	2C	ST	
0067	PrivateCreator10	2F	DS	
0067	PrivateCreator10	31	UT	
0067	PrivateCreator11	01	TM	
0067	PrivateCreator11	02	DA	
0067	PrivateCreator11	03	DS	
0067	PrivateCreator11	04	TM	
0067	PrivateCreator11	05	DA	
0067	PrivateCreator11	06	DS	
0067	PrivateCreator11	07	LO	
0071	AGFA-AG_HPState	00	UL	Group Length 0071
0071	AGFA-AG_HPState	18	SQ	
0071	AGFA-AG_HPState	19	SQ	
0071	AGFA-AG_HPState	1A	SQ	
0071	AGFA-AG_HPState	1C	SQ	
0071	AGFA-AG_HPState	1E	SQ	
0071	AGFA-AG_HPState	20	FL	
0071	AGFA-AG_HPState	21	FD	
0071	AGFA-AG_HPState	22	FD	
0071	AGFA-AG_HPState	23	FD	
0071	AGFA-AG_HPState	24	FD	
0071	INTELERAD MEDICAL SYSTEMS INTELEVIEWER	01	LO	InteleViewer Markup Type
0071	INTELERAD MEDICAL SYSTEMS INTELEVIEWER	02	ST	InteleViewer Markup Text
0071	INTELERAD MEDICAL SYSTEMS INTELEVIEWER	03	FD	InteleViewer Markup Text Offset
0071	INTELERAD MEDICAL SYSTEMS INTELEVIEWER	04	FD	InteleViewer Markup Position
0071	INTELERAD MEDICAL SYSTEMS INTELEVIEWER	05	FD	InteleViewer Markup Half-Vector
0071	INTELERAD MEDICAL SYSTEMS INTELEVIEWER	06	FD	InteleViewer Markup Vector 1
0071	INTELERAD MEDICAL SYSTEMS INTELEVIEWER	07	FD	InteleViewer Markup Vector 2
0071	INTELERAD MEDICAL SYSTEMS INTELEVIEWER	08	FD	InteleViewer Markup Orthogonal Position
0071	INTELERAD MEDICAL SYSTEMS INTELEVIEWER	09	FD	InteleViewer Markup Orthogonal Half-Vector
0071	INTELERAD MEDICAL SYSTEMS INTELEVIEWER	0A	FD	InteleViewer Markup Minimum Length
0071	INTELERAD MEDICAL SYSTEMS INTELEVIEWER	0B	SL	InteleViewer Markup Number of Polygons
0071	INTELERAD MEDICAL SYSTEMS INTELEVIEWER	0C	SL	InteleViewer Markup Length of Polygons
0071	INTELERAD MEDICAL SYSTEMS INTELEVIEWER	0D	FD	InteleViewer Markup Points
0071	INTELERAD MEDICAL SYSTEMS INTELEVIEWER	0E	FD	InteleViewer Markup Slice Separation
0071	INTELERAD MEDICAL SYSTEMS INTELEVIEWER	0F	US	InteleViewer Markup VOI Index
0071	INTELERAD MEDICAL SYSTEMS INTELEVIEWER	10	FD	InteleViewer Markup Sagittal Text Offset
0071	INTELERAD MEDICAL SYSTEMS INTELEVIEWER	11	FD	InteleViewer Markup Default Text Offset
0071	INTELERAD MEDICAL SYSTEMS INTELEVIEWER	20	LO	InteleViewer Markup Dataset Tool ID
0071	INTELERAD MEDICAL SYSTEMS INTELEVIEWER	21	FD	InteleViewer Markup Distance Calibration
0071	INTELERAD MEDICAL SYSTEMS INTELEVIEWER	30	FD	InteleViewer Markup Image Grid Origin
0071	INTELERAD MEDICAL SYSTEMS INTELEVIEWER	31	FD	InteleViewer Markup Image Grid Pixel Row Vector
0071	INTELERAD MEDICAL SYSTEMS INTELEVIEWER	32	FD	InteleViewer Markup Image Grid Pixel Column Vector
0071	INTELERAD MEDICAL SYSTEMS INTELEVIEWER	33	CS	InteleViewer Markup Image Grid Is Calibrated
0071	INTELERAD MEDICAL SYSTEMS INTELEVIEWER	34	FD	Image Rotation Angle
0071	INTELERAD MEDICAL SYSTEMS INTELEVIEWER	35	FD	Displayed Area Top Left-Hand Corner
0071	INTELERAD MEDICAL SYSTEMS INTELEVIEWER	36	FD	Displayed Area Bottom Right-Hand Corner
0071	MMCPrivate	01	FL	ForegroundTransparency
0071	MMCPrivate	02	LO	IsDisplayBackgroundImage
0071	MMCPrivate	03	FL	ForegroundHorizontalShift
0071	MMCPrivate	04	FL	ForegroundVerticalShift
0071	MMCPrivate	05	FL	ForegroundRotationAngle
0071	MMCPrivate	06	FL	ForegroundMagnification
0071	MMCPrivate	07	OB	ApplicationData
0071	MeVis BreastCare	01	LO	
0071	SIEMENS MED PT	21	UI	Registration Matrix UID
0071	SIEMENS MED PT	22	DT	Decay Correction DateTime
0071	SIEMENS MED PT	23	FD	Registration Matrix
0071	SIEMENS MED PT	24	CS	Table Motion
0071	SIEMENS MED PT MU MAP	02	UI	
0071	SIEMENS WH SR 1.0	01	LO	
0071	SIEMENS WH SR 1.0	02	LO	
0071	Visage	21	UT	
0071	Visage	22	DT	
0073	AGFA-AG_HPState	23	SH	
0073	AGFA-AG_HPState	24	SQ	
0073	AGFA-AG_HPState	28	SQ	
0073	AGFA-AG_HPState	80	FL	
0073	STENTOR	00	UL	Group Length 0073
0073	STENTOR	01	ST	
0073	STENTOR	02	ST	Stentor Remote IP-Address Element
0073	STENTOR	03	ST	Stentor Remote AETitle Element
0073	STENTOR	04	ST	Stentor Local AETitle Element
0073	STENTOR	06	LO	Stentor Transfer Syntax Value
0075	AGFA-AG_HPState	10	LO	
0075	LLTech, Light-CT Viewer group	00	CS	Enable MPR
0075	LLTech, Light-CT Viewer group	01	LO	Imaged surface
0075	LLTech, Light-CT Viewer group	02	LO	Imaged depth
0075	LLTech, Light-CT Viewer group	03	LO	Sample description
0075	LLTech, Light-CT Viewer group	04	SH	Number of accumulations
0077	SIEMENS SYNGO EVIDENCE DOCUMENT DATA	10	LO	Evidence Document Template Name
0077	SIEMENS SYNGO EVIDENCE DOCUMENT DATA	11	DS	Evidence Document Template Version
0077	SIEMENS SYNGO EVIDENCE DOCUMENT DATA	20	OB	Dictionary.ValueCollectionOfstringClinicalFindingEntry (UTF-16 XML)
0077	SIEMENS SYNGO EVIDENCE DOCUMENT DATA	21	OB	ArrayOfmetaDataEntry (syngo.Services.Reporting.EvidenceDocument.Core)
0077	SIEMENS SYNGO EVIDENCE DOCUMENT DATA	30	DS	Framework Version
0077	SIEMENS SYNGO EVIDENCE DOCUMENT DATA	40	OB	SerUid/SopCl/SopUid/StuUid (UTF-16 XML)
0077	SIEMENS SYNGO EVIDENCE DOCUMENT DATA	50	LO	?? UID ??
0077	SIEMENS SYNGO EVIDENCE DOCUMENT DATA	60	OB	ApplicationData (syngo.Services.Reporting.EvidenceDocument)
0077	SIEMENS SYNGO EVIDENCE DOCUMENT DATA	70	LO	??
0077	SIEMENS SYNGO EVIDENCE DOCUMENT DATA	71	LO	??
0077	SIEMENS SYNGO EVIDENCE DOCUMENT DATA	72	OB	supportedTemplates (XML)
0077	SIEMENS SYNGO EVIDENCE DOCUMENT DATA	80	OB	VolumeCatalog (syngo.Services.Reporting.EvidenceDocument)
0087	1.2.840.113708.794.1.1.2.0	00	UL	Group Length 0087
0087	1.2.840.113708.794.1.1.2.0	10	CS	MediaType
0087	1.2.840.113708.794.1.1.2.0	20	CS	MediaLocation
0087	1.2.840.113708.794.1.1.2.0	30	ST	Storage File ID
0087	1.2.840.113708.794.1.1.2.0	40	DS	Study or Image Size in MB
0087	1.2.840.113708.794.1.1.2.0	50	IS	EstimatedRetrieveTime
0087	AGFA-AG_HPState	01	LO	
0087	AGFA-AG_HPState	02	LO	
0089	DIDI TO PCR 1.1	00	UL	Group Length 0089
0089	DIDI TO PCR 1.1	10	SQ	
0089	PMS-THORA-5.1	20	SQ	Stamp Image Sequence
0089	SYNGO_IMAGING	54	OB	??
0091	SIENET	00	UL	Group Length 0091
0091	SIENET	20	PN	Patient Name
0095	SIENET	00	UL	Group Length 0095
0095	SIENET	01	LT	ExaminationFolderID
0095	SIENET	04	UL	FolderReportedStatus
0095	SIENET	05	LT	FolderReportingRadiologist
0095	SIENET	07	LT	SIENETISAPLA
0095	SIENET	0C	SL	Folder Rebuild Status
0095	SIENET	FA	PN	?Some kind of Patient Name?
0095	SIENET	FB	ST	
0099	SIENET	00	UL	Group Length 0099
0099	SIENET	02	UL	DataObjectAttributes
0099	SIENET	05	SL	Image Number
00E1	ELSCINT1	00	UL	Group Length 00e1
00E1	ELSCINT1	01	US	DataDictionaryVersion
00E1	ELSCINT1	02	SH	
00E1	ELSCINT1	05	IS	
00E1	ELSCINT1	06	IS	
00E1	ELSCINT1	07	IS	
00E1	ELSCINT1	08	UI	SOP Instance UID
00E1	ELSCINT1	09	CS	Image Type[1]
00E1	ELSCINT1	14	LT	
00E1	ELSCINT1	17	IS	Number of Series Related Instances
00E1	ELSCINT1	18	OB	
00E1	ELSCINT1	19	ST	Referenced File ID
00E1	ELSCINT1	20	SQ	?Referenced Image Sequence?
00E1	ELSCINT1	21	DS	ELSCINT1_DLP_TOTAL (private)
00E1	ELSCINT1	22	DS	
00E1	ELSCINT1	23	DS	
00E1	ELSCINT1	24	LT	
00E1	ELSCINT1	25	LT	
00E1	ELSCINT1	26	CS	? Orientation ?
00E1	ELSCINT1	27	DS	Image Position (Patient)[3]
00E1	ELSCINT1	2A	DS	
00E1	ELSCINT1	30	UI	
00E1	ELSCINT1	31	CS	
00E1	ELSCINT1	32	US	
00E1	ELSCINT1	36	CS	?YES/NO?
00E1	ELSCINT1	37	DS	ELSCINT1_TOTAL_SAVING_DOSE
00E1	ELSCINT1	39	SQ	
00E1	ELSCINT1	3E	IS	Private (00E1,103E)
00E1	ELSCINT1	3F	CS	
00E1	ELSCINT1	40	SH	OffsetFromCTMRImages
00E1	ELSCINT1	41	DS	
00E1	ELSCINT1	42	LO	
00E1	ELSCINT1	43	IS	
00E1	ELSCINT1	45	SL	
00E1	ELSCINT1	46	OB	
00E1	ELSCINT1	50	DS	Acquisition Duration
00E1	ELSCINT1	51	SH	
00E1	ELSCINT1	60	CS	
00E1	ELSCINT1	61	LO	Protocol File Name
00E1	ELSCINT1	62	CS	
00E1	ELSCINT1	63	SH	Patient Language
00E1	ELSCINT1	65	LO	Patient Data Modification Date
00E1	ELSCINT1	6A	IS	
00E1	ELSCINT1	6B	IS	
00E1	ELSCINT1	84	OB	?Tracker Info?
00E1	ELSCINT1	A0	LO	
00E1	ELSCINT1	C2	UI	PET-CT Multi Modality Name
00E1	ELSCINT1	C4	DS	Private (00E1,10C4)
00E1	ELSCINT1	E1	US	
00E1	ELSCINT1	E3	US	
00E1	ELSCINT1	EC	US	
00E3	ELSCINT1	00	OB	
00E3	ELSCINT1	18	OB	
00E3	ELSCINT1	1A	OB	
00E3	ELSCINT1	1F	OB	
0135	SONOWAND AS	10	LO	UltrasoundScannerName
0135	SONOWAND AS	11	LO	TransducerSerial
0135	SONOWAND AS	12	LO	ProbeApplication
0193	SIEMENS ISI	00	UL	Group Length 0193
0193	SIEMENS ISI	02	DS	RISKey
01E1	ELSCINT1	00	UL	Group Length 01e1
01E1	ELSCINT1	17	UI	?UI?
01E1	ELSCINT1	18	OB	Wave Information
01E1	ELSCINT1	1F	SH	
01E1	ELSCINT1	21	UI	CT Gating UID
01E1	ELSCINT1	23	SH	
01E1	ELSCINT1	26	CS	PhantomType (private)
01E1	ELSCINT1	34	IS	
01E1	ELSCINT1	40	UI	
01E1	ELSCINT1	41	OW	
01F1	ELSCINT1	00	UL	Group Length 01f1
01F1	ELSCINT1	01	CS	Acquisition Type
01F1	ELSCINT1	02	CS	Focal Spot Resolution
01F1	ELSCINT1	03	CS	Concurrent Slices Generation
01F1	ELSCINT1	04	CS	Angular Sampling Density
01F1	ELSCINT1	05	DS	Reconstruction Arc
01F1	ELSCINT1	06	DS	
01F1	ELSCINT1	07	DS	Table Velocity
01F1	ELSCINT1	08	DS	Acquisition Length
01F1	ELSCINT1	0A	US	Edge Enhancement Weight
01F1	ELSCINT1	0B	CS	
01F1	ELSCINT1	0C	DS	Scanner Relative Center
01F1	ELSCINT1	0D	DS	Rotation Angle
01F1	ELSCINT1	0E	FL	Private (01F1,100E)
01F1	ELSCINT1	0F	CS	
01F1	ELSCINT1	26	DS	Pitch
01F1	ELSCINT1	27	DS	Rotation Time
01F1	ELSCINT1	28	DS	Table Increment
01F1	ELSCINT1	30	US	
01F1	ELSCINT1	32	CS	Image View Convention
01F1	ELSCINT1	33	DS	Cycle Time
01F1	ELSCINT1	36	CS	
01F1	ELSCINT1	37	DS	
01F1	ELSCINT1	38	LO	CT Technique (eg. Bolus Tracking)
01F1	ELSCINT1	39	LO	
01F1	ELSCINT1	40	CS	
01F1	ELSCINT1	41	CS	?Percent?
01F1	ELSCINT1	42	SH	
01F1	ELSCINT1	43	LO	
01F1	ELSCINT1	44	OW	
01F1	ELSCINT1	45	IS	Private (01F1,1045)
01F1	ELSCINT1	46	FL	
01F1	ELSCINT1	47	SH	Acquisition Dimension (2D/3D)
01F1	ELSCINT1	49	DS	Private (01F1,1049)
01F1	ELSCINT1	4A	SH	
01F1	ELSCINT1	4B	SH	Private (01F1,104B)
01F1	ELSCINT1	4C	SH	Private (01F1,104C)
01F1	ELSCINT1	4D	SH	Private (01F1,104D)
01F1	ELSCINT1	4E	LO	Private (01F1,104E)
01F1	ELSCINT1	53	SH	
01F3	ELSCINT1	00	UL	Group Length 01f3
01F3	ELSCINT1	01	SQ	
01F3	ELSCINT1	02	SS	
01F3	ELSCINT1	03	FL	
01F3	ELSCINT1	04	FL	
01F3	ELSCINT1	11	SQ	PS Sequence
01F3	ELSCINT1	12	SS	
01F3	ELSCINT1	13	FL	
01F3	ELSCINT1	14	FL	
01F3	ELSCINT1	15	US	
01F3	ELSCINT1	16	FL	
01F3	ELSCINT1	17	FL	
01F3	ELSCINT1	18	SH	
01F3	ELSCINT1	19	FL	
01F3	ELSCINT1	23	US	
01F3	ELSCINT1	24	IS	
01F7	ELSCINT1	00	UL	Group Length 01f7
01F7	ELSCINT1	10	OB	
01F7	ELSCINT1	11	OW	
01F7	ELSCINT1	13	OW	
01F7	ELSCINT1	14	OW	
01F7	ELSCINT1	15	OW	
01F7	ELSCINT1	16	OW	
01F7	ELSCINT1	17	OW	
01F7	ELSCINT1	18	OW	
01F7	ELSCINT1	19	OW	
01F7	ELSCINT1	1A	OW	
01F7	ELSCINT1	1B	OW	
01F7	ELSCINT1	1C	OW	
01F7	ELSCINT1	1E	OW	
01F7	ELSCINT1	1F	OW	
01F7	ELSCINT1	22	UI	?UID?
01F7	ELSCINT1	23	OW	
01F7	ELSCINT1	25	OW	
01F7	ELSCINT1	26	OW	
01F7	ELSCINT1	27	OW	
01F7	ELSCINT1	28	OW	
01F7	ELSCINT1	29	OW	
01F7	ELSCINT1	2B	OW	
01F7	ELSCINT1	2C	OW	
01F7	ELSCINT1	2D	OW	
01F7	ELSCINT1	2E	OW	
01F7	ELSCINT1	30	OW	
01F7	ELSCINT1	31	OW	
01F7	ELSCINT1	70	OW	
01F7	ELSCINT1	73	OW	
01F7	ELSCINT1	74	OW	
01F7	ELSCINT1	75	OW	
01F7	ELSCINT1	77	OW	
01F7	ELSCINT1	7F	OW	
01F7	ELSCINT1	8B	OW	
01F7	ELSCINT1	91	OW	
01F7	ELSCINT1	95	OW	
01F7	ELSCINT1	9B	IS	iDose Level
01F9	ELSCINT1	01	LO	SP Filter (private)
01F9	ELSCINT1	04	IS	Adaptive Filter (private)
01F9	ELSCINT1	05	IS	Recon Increatment (private)
01F9	ELSCINT1	08	DS	Private (01F9,1008)
01F9	ELSCINT1	09	DS	Private (01F1,1009)
0205	ELSCINT1	32	CS	???
0205	ELSCINT1	6D	CS	???
0207	ELSCINT1	15	IS	???
0207	ELSCINT1	25	CS	???
0207	ELSCINT1	2C	CS	???
0207	ELSCINT1	60	UI	???
0207	ELSCINT1	75	CS	???
0215	ELSCINT1	10	CS	???
0215	ELSCINT1	11	CS	???
0215	ELSCINT1	14	CS	???
0215	ELSCINT1	18	CS	???
0215	ELSCINT1	19	CS	???
0215	ELSCINT1	53	CS	???
0217	ELSCINT1	6E	CS	???
0217	ELSCINT1	6F	CS	???
0217	ELSCINT1	91	CS	???
0217	ELSCINT1	93	CS	???
0217	ELSCINT1	94	CS	???
0217	ELSCINT1	97	CS	???
0223	ELSCINT1	03	CS	???
0223	ELSCINT1	10	CS	???
0223	ELSCINT1	27	CS	???
0227	ELSCINT1	01	CS	???
0227	ELSCINT1	05	CS	???
0227	ELSCINT1	06	CS	???
0227	ELSCINT1	08	CS	???
0227	ELSCINT1	0B	CS	???
0249	GEMS_RTEN_01	00	UL	Group Length 0249
0249	GEMS_RTEN_01	11	DA	Plan Creation Date
0249	GEMS_RTEN_01	13	TM	Plan Creation Time
0249	GEMS_RTEN_01	14	PN	Operator Name
0249	GEMS_RTEN_01	16	LO	Plan Comment
0249	GEMS_RTEN_01	18	SQ	Plan Image Sequence
0249	GEMS_RTEN_01	1A	LO	Exam/Series/Image Identifier
0249	GEMS_RTEN_01	1B	IS	Additional Image Identifier
0249	GEMS_RTEN_01	1C	CS	Build Resolution
0249	GEMS_RTEN_01	20	SQ	Structure Sequence
0249	GEMS_RTEN_01	22	SH	Structure Name
0249	GEMS_RTEN_01	24	CS	Structure Type
0249	GEMS_RTEN_01	28	CS	Structure Color
0249	GEMS_RTEN_01	30	SQ	Slab Sequence
0249	GEMS_RTEN_01	32	SQ	Slab Image Sequence
0249	GEMS_RTEN_01	36	DS	Z Plus Thickness
0249	GEMS_RTEN_01	38	DS	Z Minus Thickness
0249	GEMS_RTEN_01	3A	DS	Slab Shape
0249	GEMS_RTEN_01	40	SQ	Marker Sequence
0249	GEMS_RTEN_01	42	SH	Marker Name
0249	GEMS_RTEN_01	44	CS	Marker Color
0249	GEMS_RTEN_01	46	DS	Marker Position
0249	GEMS_RTEN_01	50	SQ	Beam Group Sequence
0249	GEMS_RTEN_01	51	SH	Group Name
0249	GEMS_RTEN_01	52	CS	Group Properties
0249	GEMS_RTEN_01	54	SQ	Beam Sequence
0249	GEMS_RTEN_01	60	SQ	Machine Reference Sequence
0249	GEMS_RTEN_01	62	SH	Machine Name
0249	GEMS_RTEN_01	64	SH	Beam Name
0249	GEMS_RTEN_01	66	CS	Particle Type
0249	GEMS_RTEN_01	68	DS	Nominal Particle Energy
0249	GEMS_RTEN_01	70	SQ	Block Sequence
0249	GEMS_RTEN_01	72	LO	Block Name
0249	GEMS_RTEN_01	74	DS	Block Shape
0249	GEMS_RTEN_01	80	SQ	Cutout Sequence
0249	GEMS_RTEN_01	82	LO	Cutout Name
0249	GEMS_RTEN_01	84	DS	Cutout Shape
0249	GEMS_RTEN_01	90	SH	Collimator Name
0249	GEMS_RTEN_01	92	CS	Collimator Type
0249	GEMS_RTEN_01	A0	SQ	Dynamic Segment Sequence
0249	GEMS_RTEN_01	A2	DS	Table Angle
0249	GEMS_RTEN_01	A4	DS	Gantry Angle
0249	GEMS_RTEN_01	A6	DS	Collimator Angle
0249	GEMS_RTEN_01	A8	DS	Isocenter Position
0249	GEMS_RTEN_01	A9	DS	Source-Surface Distance
0249	GEMS_RTEN_01	AA	DS	X Symmetric Opening
0249	GEMS_RTEN_01	AC	DS	Y Symmetric Opening
0249	GEMS_RTEN_01	AE	DS	X Positive Jaw Position
0249	GEMS_RTEN_01	B0	DS	X Negative Jaw Position
0249	GEMS_RTEN_01	B2	DS	Y Positive Jaw Position
0249	GEMS_RTEN_01	B4	DS	Y Negative Jaw Position
0249	GEMS_RTEN_01	B6	DS	Leaf Positions
0249	GEMS_RTEN_01	D0	CS	Treatment Position
0307	SIEMENS ISI	00	UL	Group Length 0307
0307	SIEMENS ISI	01	SQ	RIS Worklist IMGEF
0309	SIEMENS ISI	00	UL	Group Length 0309
0309	SIEMENS ISI	01	SQ	RIS Report IMGEF
0511	Philips PET Private Group	00	US	
0511	Philips PET Private Group	01	US	
0511	Philips PET Private Group	02	OB	
0511	Philips PET Private Group	03	OB	
0511	Philips PET Private Group	32	DS	
0511	Philips PET Private Group	50	DS	
0601	ELSCINT1	00	SH	ImplementationVersion
0601	ELSCINT1	20	DS	RelativeTablePosition
0601	ELSCINT1	21	DS	RelativeTableHeight
0601	ELSCINT1	30	SH	SurviewDirection
0601	ELSCINT1	31	DS	SurviewLength
0601	ELSCINT1	50	SH	ImageViewType
0601	ELSCINT1	70	DS	BatchNumber
0601	ELSCINT1	71	DS	BatchSize
0601	ELSCINT1	72	DS	BatchSliceNumber
07A1	ELSCINT1	00	UL	Group Length 07a1
07A1	ELSCINT1	01	UL	number of series in study
07A1	ELSCINT1	02	UL	number of images in series
07A1	ELSCINT1	03	UL	last update time
07A1	ELSCINT1	04	UL	last update date
07A1	ELSCINT1	07	US	
07A1	ELSCINT1	08	DS	
07A1	ELSCINT1	09	OW	
07A1	ELSCINT1	0A	OB	Tamar Compressed Pixel Data
07A1	ELSCINT1	0C	US	
07A1	ELSCINT1	10	LO	Tamar Software Version
07A1	ELSCINT1	11	CS	Tamar Compression Type
07A1	ELSCINT1	12	FL	
07A1	ELSCINT1	13	UL	
07A1	ELSCINT1	14	LO	protection flag
07A1	ELSCINT1	16	FL	
07A1	ELSCINT1	18	SQ	
07A1	ELSCINT1	19	FL	
07A1	ELSCINT1	1C	FL	
07A1	ELSCINT1	2A	CS	Tamar Study Status
07A1	ELSCINT1	2B	CS	
07A1	ELSCINT1	36	AE	Tamar Source Ae
07A1	ELSCINT1	40	CS	Tamar Study Body Part
07A1	ELSCINT1	42	SH	
07A1	ELSCINT1	43	IS	
07A1	ELSCINT1	47	CS	?orientation?
07A1	ELSCINT1	4A	SH	?name?
07A1	ELSCINT1	50	US	Tamar Site Id
07A1	ELSCINT1	56	US	
07A1	ELSCINT1	58	CS	
07A1	ELSCINT1	5A	CS	
07A1	ELSCINT1	5D	DT	
07A1	ELSCINT1	5F	CS	
07A1	ELSCINT1	70	SH	?patient name?
07A1	ELSCINT1	71	SH	?num?
07A1	ELSCINT1	75	LO	
07A1	ELSCINT1	85	UL	Tamar Translate Flags
07A1	ELSCINT1	88	CS	?Y/N?
07A1	ELSCINT1	98	CS	?Y/N?
07A1	ELSCINT1	9F	CS	
07A1	ELSCINT1	A7	CS	
07A1	ELSCINT1	C0	ST	
07A1	ELSCINT1	C1	ST	
07A1	ELSCINT1	C2	ST	?status sent?
07A1	ELSCINT1	C8	ST	
07A1	ELSCINT1	C9	ST	
07A1	ELSCINT1	CA	ST	
07A1	ELSCINT1	D0	LO	
07A3	ELSCINT1	00	UL	Group Length 07a3
07A3	ELSCINT1	01	LO	Tamar Exe Software Version
07A3	ELSCINT1	03	CS	Tamar Study Has Sticky Note
07A3	ELSCINT1	05	CS	
07A3	ELSCINT1	06	CS	
07A3	ELSCINT1	10	LO	Tamar Original Curve Desc
07A3	ELSCINT1	13	SH	?num?
07A3	ELSCINT1	14	ST	?num?
07A3	ELSCINT1	15	ST	?hosp. service name?
07A3	ELSCINT1	17	SH	?num?
07A3	ELSCINT1	19	ST	
07A3	ELSCINT1	1A	ST	
07A3	ELSCINT1	1B	ST	?num?
07A3	ELSCINT1	1C	ST	?patient name?
07A3	ELSCINT1	1D	ST	?radiologist name?
07A3	ELSCINT1	1E	ST	?num?
07A3	ELSCINT1	1F	ST	
07A3	ELSCINT1	20	DA	
07A3	ELSCINT1	22	ST	
07A3	ELSCINT1	23	ST	?+sign?
07A3	ELSCINT1	24	ST	
07A3	ELSCINT1	34	SH	Tamar Study Age
07A3	ELSCINT1	39	UL	
07A3	ELSCINT1	43	DS	
07A3	ELSCINT1	4C	ST	
07A3	ELSCINT1	52	LO	
07A3	ELSCINT1	55	SH	
07A3	ELSCINT1	5C	ST	
07A3	ELSCINT1	61	LT	
07A3	ELSCINT1	62	SQ	
07A3	ELSCINT1	63	SQ	
07A3	ELSCINT1	64	IS	
07A3	ELSCINT1	65	CS	?yes/no bool?
07A3	ELSCINT1	66	IS	
07A3	ELSCINT1	8C	CS	
07A3	ELSCINT1	8F	CS	
07A3	ELSCINT1	99	CS	?yes/no bool?
07A3	ELSCINT1	9C	CS	?yes/no bool?
07A3	ELSCINT1	9F	CS	
07A3	ELSCINT1	B4	US	?num?
07A3	ELSCINT1	B9	CS	?yes/no bool?
07A3	ELSCINT1	BB	CS	?yes/no bool?
07A3	ELSCINT1	C0	SQ	?network seq0?
07A3	ELSCINT1	C1	LO	?PACS name?
07A3	ELSCINT1	C2	CS	?net name?
07A3	ELSCINT1	C3	CS	?secure?
07A3	ELSCINT1	C4	LO	Tamar Grid Token Next Host
07A3	ELSCINT1	C5	LO	Tamar Grid Token Next Host Port
07A3	ELSCINT1	C6	SQ	?network seq6?
07A3	ELSCINT1	C8	AE	Tamar Grid Token Ae
07A3	ELSCINT1	C9	CS	Tamar Grid Token Tunneled
07A3	ELSCINT1	CA	SQ	?network seq10?
07A3	ELSCINT1	CB	SQ	?network seq11?
07A3	ELSCINT1	CC	LO	Tamar Grid Token Version
07A3	ELSCINT1	CE	SQ	
07A3	ELSCINT1	E3	LO	?name?
07A3	ELSCINT1	F2	CS	
07A3	ELSCINT1	FB	DT	
07A5	ELSCINT1	00	LO	?name?
07A5	ELSCINT1	10	UL	
07A5	ELSCINT1	54	DT	
07A5	ELSCINT1	56	CS	
07A5	ELSCINT1	59	IS	
07A5	ELSCINT1	63	CS	
07A5	ELSCINT1	69	LO	
07A5	ELSCINT1	72	DT	
07A5	ELSCINT1	AE	IS	
07A5	ELSCINT1	C8	CS	
07A5	ELSCINT1	DC	UL	
07A5	ELSCINT1	DD	FL	
07A5	ELSCINT1	DE	LO	
07A5	ELSCINT1	E8	IS	
0857	Nautilus Medical	00	LO	?Product Name. Eg. DICOM_RAY?
0857	Nautilus Medical	01	LO	?Source Application Entity Title?
0857	Nautilus Medical	02	LO	?Burn date ISO 8601 with decimal second fraction?
0857	Nautilus Medical	03	LO	
0859	ETIAM RE UIDENTIFY	10	SQ	Some SQ
0903	GEIIS PACS	00	UL	Group Length 0903
0903	GEIIS PACS	10	US	Reject Image Flag
0903	GEIIS PACS	11	US	Significant Flag
0903	GEIIS PACS	12	US	Confidential Flag
0903	GEIIS PACS	20	CS	
0905	GEIIS	00	UL	Group Length 0905
0905	GEIIS	30	LO	Assigning Authority For Patient ID
0907	GEIIS	00	UL	Group Length 0907
0907	GEIIS	10	UI	Original Study Instance UID
0907	GEIIS	20	UI	Original Series Instance UID
0907	GEIIS	30	UI	Original SOP Instance UID
0907	GEIIS PACS	21	US	GEIIS_PREFETCH_ALGORITHM
0907	GEIIS PACS	22	US	GEIIS_LIMIT_RECENT_STUDIES
0907	GEIIS PACS	23	US	GEIIS_LIMIT_OLDEST_STUDIES
0907	GEIIS PACS	24	US	GEIIS_LIMIT_RECENT_MONTHS
0907	GEIIS PACS	31	UI	GEIIS_EXCLUDE_STUDY_UIDS
0CAF	Xinapse Systems	01	OB	Regions of interest
0CAF	Xinapse Systems	11	LO	Private attributes Identification Code
1001	Philips Imaging DD 124	03	LO	
1135	Voxar 2.16.124.113543.6003.1999.12.20.12.5.0	00	UI	Private Voxar Capture UID
1135	Voxar 2.16.124.113543.6003.1999.12.20.12.5.0	01	OB	Private Voxar Saved State
1135	Voxar 2.16.124.113543.6003.1999.12.20.12.5.0	02	SQ	Private Voxar Icon Image Sequence
1135	Voxar 2.16.124.113543.6003.1999.12.20.12.5.0	03	ST	Private Voxar Top Right Display Demographics
1135	Voxar 2.16.124.113543.6003.1999.12.20.12.5.0	04	ST	Private Voxar Bottom Left Display Demographics
1135	Voxar 2.16.124.113543.6003.1999.12.20.12.5.0	05	IS	Private Voxar Span State Schema
1135	Voxar 2.16.124.113543.6003.1999.12.20.12.5.0	06	UL	Private Voxar Live Image Restored Size
1135	Voxar 2.16.124.113543.6003.1999.12.20.12.5.0	07	UI	Private Voxar CaptureType
1135	Voxar 2.16.124.113543.6003.1999.12.20.12.5.0	08	SQ	Private Voxar Capture Source Series UID Sequence
1135	Voxar 2.16.124.113543.6003.1999.12.20.12.5.0	09	UI	Private Voxar Capture Source Series UID
1135	Voxar 2.16.124.113543.6003.1999.12.20.12.5.0	10	IS	Private Voxar Background Gray For Capture
1135	Voxar 2.16.124.113543.6003.1999.12.20.12.5.0	11	IS	Private Voxar Calcium Scoring Report Schema
1135	Voxar 2.16.124.113543.6003.1999.12.20.12.5.0	12	IS	Private Voxar Source Series Number
1135	Voxar 2.16.124.113543.6003.1999.12.20.12.5.0	13	LO	Private Voxar Bottom Left Display Demographics
1269	IMS s.r.l. Biopsy Private Code	00	UL	Group Length 1269
1269	IMS s.r.l. Biopsy Private Code	01	IS	Biopsy Image
1269	IMS s.r.l. Biopsy Private Code	10	IS	Biopsy Markers X
1269	IMS s.r.l. Biopsy Private Code	11	IS	Biopsy Markers Y
1269	IMS s.r.l. Biopsy Private Code	12	IS	Biopsy Markers Number
1269	IMS s.r.l. Biopsy Private Code	20	IS	Biopsy Area Left Border
1269	IMS s.r.l. Biopsy Private Code	21	IS	Biopsy Area Right Border
1269	IMS s.r.l. Biopsy Private Code	22	IS	Biopsy Area Top Border
1269	IMS s.r.l. Biopsy Private Code	23	IS	Biopsy Area Bottom Border
1271	IMS s.r.l. Mammography Private Code	00	UL	Group Length 1271
1271	IMS s.r.l. Mammography Private Code	01	IS	
1271	IMS s.r.l. Mammography Private Code	02	IS	
1271	IMS s.r.l. Mammography Private Code	10	IS	
1271	IMS s.r.l. Mammography Private Code	11	IS	
1271	IMS s.r.l. Mammography Private Code	12	IS	
1271	IMS s.r.l. Mammography Private Code	13	IS	
1271	IMS s.r.l. Mammography Private Code	20	IS	
1271	IMS s.r.l. Mammography Private Code	21	IS	
1271	IMS s.r.l. Mammography Private Code	22	IS	
1271	IMS s.r.l. Mammography Private Code	38	LO	
1271	IMS s.r.l. Mammography Private Code	39	US	
1271	IMS s.r.l. Mammography Private Code	40	US	
1271	IMS s.r.l. Mammography Private Code	41	LO	
1271	IMS s.r.l. Mammography Private Code	42	LT	
1271	IMS s.r.l. Mammography Private Code	45	IS	
1271	IMS s.r.l. Mammography Private Code	46	IS	
1271	IMS s.r.l. Mammography Private Code	47	IS	
1271	IMS s.r.l. Mammography Private Code	48	IS	
1271	IMS s.r.l. Mammography Private Code	49	IS	
1271	IMS s.r.l. Mammography Private Code	50	IS	
1271	IMS s.r.l. Mammography Private Code	51	IS	
1271	IMS s.r.l. Mammography Private Code	52	IS	
1271	IMS s.r.l. Mammography Private Code	53	LO	
1271	IMS s.r.l. Mammography Private Code	54	IS	
1369	AEGIS_DICOM_2.00	00	US	
1455	Mortara_Inc	00	OW	ELI Interpretation Vector
1455	Mortara_Inc	02	UT	Race
1455	Mortara_Inc	03	UT	Social Security Number
1455	Mortara_Inc	04	UT	Attending Physician
1455	Mortara_Inc	05	UT	Procedural Diagnosis
1455	Mortara_Inc	06	UT	Note1
1455	Mortara_Inc	07	UT	Note2
1455	Mortara_Inc	08	LO	Order Request Number
1455	Mortara_Inc	10	LO	Manufacturer Name
2001	GEMS_PARM_01	00	UL	Group Length 2001
2001	GEMS_PARM_01	10	UI	DICOM Implementation UID
2001	GEMS_PARM_01	11	SH	DICOM Implementation Version
2001	GEMS_PARM_01	12	UI	Within-DICOM-Implementation SOP Instance UID
2001	GEMS_PARM_01	13	SH	Application Name
2001	GEMS_PARM_01	14	SH	Application Version
2001	GEMS_PARM_01	15	SH	Compatibility Version
2001	GEMS_PARM_01	21	UI	Referenced Series UID
2001	GEMS_PARM_01	31	US	Number of Objects Averaged
2001	GEMS_PARM_01	41	US	Number of Expected Time Points
2001	GEMS_PARM_01	51	US	Number of Slices Per Volume
2001	GEMS_PARM_01	60	US	BW Image Type
2001	GEMS_PARM_01	61	US	Experiment Type
2001	GEMS_PARM_01	71	UI	Paradigm UID
2001	GEMS_PARM_01	72	LO	Paradigm Name
2001	GEMS_PARM_01	73	ST	Paradigm Description
2001	GEMS_PARM_01	80	OB	Contrast
2001	GEMS_PARM_01	81	FL	Regressor Values
2001	GEMS_PARM_01	86	US	Number of Degrees of Freedom
2001	GEMS_PARM_01	8A	FL	Z Threshold
2001	GEMS_PARM_01	8B	FL	p Threshold
2001	GEMS_PARM_01	90	OB	Processing parameters
2001	GEMS_PARM_01	91	OB	Motion Plot
2001	GEMS_PARM_01	92	OB	ROIs
2001	GEMS_PARM_01	93	OB	Tracts
2001	GEMS_PARM_01	94	OB	Report
2001	GEMS_PARM_01	95	OB	Response Data
2001	GEMS_PARM_01	A0	FL	Motion Parameters
2001	GEMS_PARM_01	A1	FL	Registration Parameters
2001	GEMS_PARM_01	A2	FL	Subject Data
2001	GEMS_PARM_01	B0	OB	DTI Parameters
2001	GEMS_PARM_01	C0	OB	Paradigm Info
2001	PHILIPS IMAGING DD 001	01	FL	ChemicalShift
2001	PHILIPS IMAGING DD 001	02	IS	ChemicalShiftNumberMR
2001	PHILIPS IMAGING DD 001	03	FL	DiffusionBFactor
2001	PHILIPS IMAGING DD 001	04	CS	DiffusionDirection
2001	PHILIPS IMAGING DD 001	05	SS	Graphic Annotation Parent ID
2001	PHILIPS IMAGING DD 001	06	CS	ImageEnhanced
2001	PHILIPS IMAGING DD 001	07	CS	ImageTypeEDES
2001	PHILIPS IMAGING DD 001	08	IS	PhaseNumber
2001	PHILIPS IMAGING DD 001	09	FL	ImagePrepulseDelay
2001	PHILIPS IMAGING DD 001	0A	IS	SliceNumberMR
2001	PHILIPS IMAGING DD 001	0B	CS	SliceOrientation
2001	PHILIPS IMAGING DD 001	0C	CS	ArrhythmiaRejection
2001	PHILIPS IMAGING DD 001	0E	CS	CardiacCycled
2001	PHILIPS IMAGING DD 001	0F	SS	CardiacGateWidth
2001	PHILIPS IMAGING DD 001	10	CS	CardiacSync
2001	PHILIPS IMAGING DD 001	11	FL	DiffusionEchoTime
2001	PHILIPS IMAGING DD 001	12	CS	DynamicSeries
2001	PHILIPS IMAGING DD 001	13	SL	EPIFactor
2001	PHILIPS IMAGING DD 001	14	SL	NumberOfEchoes
2001	PHILIPS IMAGING DD 001	15	SS	NumberOfLocations
2001	PHILIPS IMAGING DD 001	16	SS	NumberOfPCDirections
2001	PHILIPS IMAGING DD 001	17	SL	NumberOfPhasesMR
2001	PHILIPS IMAGING DD 001	18	SL	NumberOfSlicesMR
2001	PHILIPS IMAGING DD 001	19	CS	PartialMatrixScanned
2001	PHILIPS IMAGING DD 001	1A	FL	PCVelocity
2001	PHILIPS IMAGING DD 001	1B	FL	PrepulseDelay
2001	PHILIPS IMAGING DD 001	1C	CS	PrepulseType
2001	PHILIPS IMAGING DD 001	1D	IS	ReconstructionNumberMR
2001	PHILIPS IMAGING DD 001	1E	CS	?MRSeriesReformatAccuracy
2001	PHILIPS IMAGING DD 001	1F	CS	RespirationSync
2001	PHILIPS IMAGING DD 001	20	LO	ScanningTechnique
2001	PHILIPS IMAGING DD 001	21	CS	SPIR
2001	PHILIPS IMAGING DD 001	22	FL	WaterFatShift
2001	PHILIPS IMAGING DD 001	23	DS	FlipAnglePhilips
2001	PHILIPS IMAGING DD 001	24	CS	SeriesIsInteractive
2001	PHILIPS IMAGING DD 001	25	SH	EchoTimeDisplayMR
2001	PHILIPS IMAGING DD 001	26	CS	PresentationStateSubtractionActive
2001	PHILIPS IMAGING DD 001	28	FL	Edge Enhancement Gain Factor Sub
2001	PHILIPS IMAGING DD 001	29	FL	Edge Enhancement Gain Factor Non Sub
2001	PHILIPS IMAGING DD 001	2A	CS	Edge Enhancement Taste Adapt Sub
2001	PHILIPS IMAGING DD 001	2B	CS	Edge Enhancement Taste Non Sub
2001	PHILIPS IMAGING DD 001	2C	FL	Harmonization Factor
2001	PHILIPS IMAGING DD 001	2D	SS	StackNumberOfSlices
2001	PHILIPS IMAGING DD 001	2F	FL	Harmonization Gain
2001	PHILIPS IMAGING DD 001	30	UL	Log Subtraction Gain Step
2001	PHILIPS IMAGING DD 001	31	US	Mixing NR of Mask Image Numbers
2001	PHILIPS IMAGING DD 001	32	FL	StackRadialAngle
2001	PHILIPS IMAGING DD 001	33	CS	StackRadialAxis
2001	PHILIPS IMAGING DD 001	34	CS	Mixing Mask Operation
2001	PHILIPS IMAGING DD 001	35	SS	StackSliceNumber
2001	PHILIPS IMAGING DD 001	36	CS	StackType
2001	PHILIPS IMAGING DD 001	37	CS	Mixing Operation Type
2001	PHILIPS IMAGING DD 001	39	FL	
2001	PHILIPS IMAGING DD 001	3A	CS	Pixel Shift
2001	PHILIPS IMAGING DD 001	3D	UL	?ContourFillColor
2001	PHILIPS IMAGING DD 001	3F	CS	ZoomMode
2001	PHILIPS IMAGING DD 001	42	CS	Subtraction Land Marking Active
2001	PHILIPS IMAGING DD 001	46	CS	Graphic Line Style
2001	PHILIPS IMAGING DD 001	47	FL	Graphic Line Width
2001	PHILIPS IMAGING DD 001	48	SS	Graphic Annotation ID
2001	PHILIPS IMAGING DD 001	4B	CS	Poly Line Interpolation Method
2001	PHILIPS IMAGING DD 001	4C	CS	Poly Line Begin Point Style
2001	PHILIPS IMAGING DD 001	4D	CS	Poly Line End Point Style
2001	PHILIPS IMAGING DD 001	4E	CS	Window Smoothing Taste
2001	PHILIPS IMAGING DD 001	4F	FD	Harmonization Offset
2001	PHILIPS IMAGING DD 001	50	LO	?GraphicMarkerType
2001	PHILIPS IMAGING DD 001	51	IS	?OverlayPlaneID
2001	PHILIPS IMAGING DD 001	52	UI	?ImagePresentationStateUID
2001	PHILIPS IMAGING DD 001	53	CS	Window Invert
2001	PHILIPS IMAGING DD 001	55	CS	Graphic Line Color
2001	PHILIPS IMAGING DD 001	56	CS	Graphic Type (Private)
2001	PHILIPS IMAGING DD 001	58	UL	ContrastTransferTaste
2001	PHILIPS IMAGING DD 001	5A	ST	Graphic Annotation Model
2001	PHILIPS IMAGING DD 001	5D	ST	Measurement Text Units
2001	PHILIPS IMAGING DD 001	5E	ST	Measurement Text Type
2001	PHILIPS IMAGING DD 001	5F	SQ	StackSequence
2001	PHILIPS IMAGING DD 001	60	SL	NumberOfStacks
2001	PHILIPS IMAGING DD 001	61	CS	SeriesTransmitted
2001	PHILIPS IMAGING DD 001	62	CS	SeriesCommitted
2001	PHILIPS IMAGING DD 001	63	CS	ExaminationSource
2001	PHILIPS IMAGING DD 001	64	SH	Text Type
2001	PHILIPS IMAGING DD 001	65	SQ	?GraphicOverlayPlane
2001	PHILIPS IMAGING DD 001	67	CS	LinearPresentationGLTrafoShapeSub
2001	PHILIPS IMAGING DD 001	68	SQ	?LinearModalityGLTrafo
2001	PHILIPS IMAGING DD 001	69	SQ	Display Shutter Sequence
2001	PHILIPS IMAGING DD 001	6A	SQ	?SpatialTransformation
2001	PHILIPS IMAGING DD 001	6B	SQ	Has Edge Enhancement Sequence
2001	PHILIPS IMAGING DD 001	6D	LO	Text Font
2001	PHILIPS IMAGING DD 001	6E	SH	Series Type
2001	PHILIPS IMAGING DD 001	6F	SQ	Mixing Sequence
2001	PHILIPS IMAGING DD 001	71	CS	?GraphicConstraint
2001	PHILIPS IMAGING DD 001	73	SQ	Referenced Mask Image Sequence
2001	PHILIPS IMAGING DD 001	74	DS	Window Center Sub
2001	PHILIPS IMAGING DD 001	75	DS	Window Width Sub
2001	PHILIPS IMAGING DD 001	76	UL	?MRNumberOfFrames
2001	PHILIPS IMAGING DD 001	77	CS	GLTrafoType
2001	PHILIPS IMAGING DD 001	79	SQ	Harmonisation Sequence
2001	PHILIPS IMAGING DD 001	7A	FL	?WindowRoundingFactor
2001	PHILIPS IMAGING DD 001	7B	IS	AcquisitionNumber
2001	PHILIPS IMAGING DD 001	7E	US	Edge Enhancement Gain Taste
2001	PHILIPS IMAGING DD 001	7F	US	Edge Enhancement Gain Taste Sub
2001	PHILIPS IMAGING DD 001	80	LO	Text Anchor Point Alignment
2001	PHILIPS IMAGING DD 001	81	IS	NumberOfDynamicScans
2001	PHILIPS IMAGING DD 001	82	IS	Echo Train Length
2001	PHILIPS IMAGING DD 001	83	DS	Imaging Frequency
2001	PHILIPS IMAGING DD 001	84	DS	Inversion Time
2001	PHILIPS IMAGING DD 001	85	DS	Magnetic Field Strength
2001	PHILIPS IMAGING DD 001	86	IS	?NrOfPhaseEncodingSteps?
2001	PHILIPS IMAGING DD 001	87	SH	Imaged Nucleus
2001	PHILIPS IMAGING DD 001	88	DS	Number of Averages
2001	PHILIPS IMAGING DD 001	89	DS	Phase FOV Percent
2001	PHILIPS IMAGING DD 001	8A	DS	Sampling Percent
2001	PHILIPS IMAGING DD 001	8B	SH	?Transmitting Coil?
2001	PHILIPS IMAGING DD 001	93	LO	Text Style
2001	PHILIPS IMAGING DD 001	94	LO	Processing Order Specialization
2001	PHILIPS IMAGING DD 001	97	SH	Nucleus
2001	PHILIPS IMAGING DD 001	9A	SQ	Graphic Number Sequence
2001	PHILIPS IMAGING DD 001	9B	UL	Graphic Number
2001	PHILIPS IMAGING DD 001	9C	LO	?GraphicAnnotationLabel
2001	PHILIPS IMAGING DD 001	9D	LO	PIIM Subtraction Type
2001	PHILIPS IMAGING DD 001	9F	US	PixelProcessingKernelSize
2001	PHILIPS IMAGING DD 001	A1	CS	IsRawImage
2001	PHILIPS IMAGING DD 001	A2	US	LOG Subtraction Curve Taste
2001	PHILIPS IMAGING DD 001	A3	UL	Text Color Foreground
2001	PHILIPS IMAGING DD 001	A4	UL	Text Color Background
2001	PHILIPS IMAGING DD 001	A5	UL	Text Color Shadow
2001	PHILIPS IMAGING DD 001	C1	LO	Nested Object Type Name
2001	PHILIPS IMAGING DD 001	C8	LO	?ExamCardName?
2001	PHILIPS IMAGING DD 001	CC	ST	?SeriesDerivationDescription
2001	PHILIPS IMAGING DD 001	DA	CS	
2001	PHILIPS IMAGING DD 001	F1	FL	ProspectiveMotionCorrection
2001	PHILIPS IMAGING DD 001	F2	FL	RetrospectiveMotionCorrection
2001	Philips Imaging DD 001	01	FL	ChemicalShift
2001	Philips Imaging DD 001	02	IS	ChemicalShiftNumberMR
2001	Philips Imaging DD 001	03	FL	DiffusionBFactor
2001	Philips Imaging DD 001	04	CS	DiffusionDirection
2001	Philips Imaging DD 001	05	SS	Graphic Annotation Parent ID
2001	Philips Imaging DD 001	06	CS	ImageEnhanced
2001	Philips Imaging DD 001	07	CS	ImageTypeEDES
2001	Philips Imaging DD 001	08	IS	PhaseNumber
2001	Philips Imaging DD 001	09	FL	ImagePrepulseDelay
2001	Philips Imaging DD 001	0A	IS	SliceNumberMR
2001	Philips Imaging DD 001	0B	CS	SliceOrientation
2001	Philips Imaging DD 001	0C	CS	ArrhythmiaRejection
2001	Philips Imaging DD 001	0E	CS	CardiacCycled
2001	Philips Imaging DD 001	0F	SS	CardiacGateWidth
2001	Philips Imaging DD 001	10	CS	CardiacSync
2001	Philips Imaging DD 001	11	FL	DiffusionEchoTime
2001	Philips Imaging DD 001	12	CS	DynamicSeries
2001	Philips Imaging DD 001	13	SL	EPIFactor
2001	Philips Imaging DD 001	14	SL	NumberOfEchoes
2001	Philips Imaging DD 001	15	SS	NumberOfLocations
2001	Philips Imaging DD 001	16	SS	NumberOfPCDirections
2001	Philips Imaging DD 001	17	SL	NumberOfPhasesMR
2001	Philips Imaging DD 001	18	SL	NumberOfSlicesMR
2001	Philips Imaging DD 001	19	CS	PartialMatrixScanned
2001	Philips Imaging DD 001	1A	FL	PCVelocity
2001	Philips Imaging DD 001	1B	FL	PrepulseDelay
2001	Philips Imaging DD 001	1C	CS	PrepulseType
2001	Philips Imaging DD 001	1D	IS	ReconstructionNumberMR
2001	Philips Imaging DD 001	1E	CS	?MRSeriesReformatAccuracy
2001	Philips Imaging DD 001	1F	CS	RespirationSync
2001	Philips Imaging DD 001	20	LO	ScanningTechnique
2001	Philips Imaging DD 001	21	CS	SPIR
2001	Philips Imaging DD 001	22	FL	WaterFatShift
2001	Philips Imaging DD 001	23	DS	FlipAnglePhilips
2001	Philips Imaging DD 001	24	CS	SeriesIsInteractive
2001	Philips Imaging DD 001	25	SH	EchoTimeDisplayMR
2001	Philips Imaging DD 001	26	CS	PresentationStateSubtractionActive
2001	Philips Imaging DD 001	28	FL	Edge Enhancement Gain Factor Sub
2001	Philips Imaging DD 001	29	FL	Edge Enhancement Gain Factor Non Sub
2001	Philips Imaging DD 001	2A	CS	Edge Enhancement Taste Adapt Sub
2001	Philips Imaging DD 001	2B	CS	Edge Enhancement Taste Non Sub
2001	Philips Imaging DD 001	2C	FL	Harmonization Factor
2001	Philips Imaging DD 001	2D	SS	StackNumberOfSlices
2001	Philips Imaging DD 001	2F	FL	Harmonization Gain
2001	Philips Imaging DD 001	30	UL	Log Subtraction Gain Step
2001	Philips Imaging DD 001	31	US	Mixing NR of Mask Image Numbers
2001	Philips Imaging DD 001	32	FL	StackRadialAngle
2001	Philips Imaging DD 001	33	CS	StackRadialAxis
2001	Philips Imaging DD 001	34	CS	Mixing Mask Operation
2001	Philips Imaging DD 001	35	SS	StackSliceNumber
2001	Philips Imaging DD 001	36	CS	StackType
2001	Philips Imaging DD 001	37	CS	Mixing Operation Type
2001	Philips Imaging DD 001	39	FL	
2001	Philips Imaging DD 001	3A	CS	Pixel Shift
2001	Philips Imaging DD 001	3D	UL	?ContourFillColor
2001	Philips Imaging DD 001	3F	CS	ZoomMode
2001	Philips Imaging DD 001	42	CS	Subtraction Land Marking Active
2001	Philips Imaging DD 001	46	CS	Graphic Line Style
2001	Philips Imaging DD 001	47	FL	Graphic Line Width
2001	Philips Imaging DD 001	48	SS	Graphic Annotation ID
2001	Philips Imaging DD 001	4B	CS	Poly Line Interpolation Method
2001	Philips Imaging DD 001	4C	CS	Poly Line Begin Point Style
2001	Philips Imaging DD 001	4D	CS	Poly Line End Point Style
2001	Philips Imaging DD 001	4E	CS	Window Smoothing Taste
2001	Philips Imaging DD 001	4F	FD	Harmonization Offset
2001	Philips Imaging DD 001	50	LO	?GraphicMarkerType
2001	Philips Imaging DD 001	51	IS	?OverlayPlaneID
2001	Philips Imaging DD 001	52	UI	?ImagePresentationStateUID
2001	Philips Imaging DD 001	53	CS	Window Invert
2001	Philips Imaging DD 001	55	CS	Graphic Line Color
2001	Philips Imaging DD 001	56	CS	Graphic Type (Private)
2001	Philips Imaging DD 001	58	UL	ContrastTransferTaste
2001	Philips Imaging DD 001	5A	ST	Graphic Annotation Model
2001	Philips Imaging DD 001	5D	ST	Measurement Text Units
2001	Philips Imaging DD 001	5E	ST	Measurement Text Type
2001	Philips Imaging DD 001	5F	SQ	StackSequence
2001	Philips Imaging DD 001	60	SL	NumberOfStacks
2001	Philips Imaging DD 001	61	CS	SeriesTransmitted
2001	Philips Imaging DD 001	62	CS	SeriesCommitted
2001	Philips Imaging DD 001	63	CS	ExaminationSource
2001	Philips Imaging DD 001	64	SH	Text Type
2001	Philips Imaging DD 001	65	SQ	?GraphicOverlayPlane
2001	Philips Imaging DD 001	67	CS	LinearPresentationGLTrafoShapeSub
2001	Philips Imaging DD 001	68	SQ	?LinearModalityGLTrafo
2001	Philips Imaging DD 001	69	SQ	Display Shutter Sequence
2001	Philips Imaging DD 001	6A	SQ	?SpatialTransformation
2001	Philips Imaging DD 001	6B	SQ	Has Edge Enhancement Sequence
2001	Philips Imaging DD 001	6D	LO	Text Font
2001	Philips Imaging DD 001	6E	SH	Series Type
2001	Philips Imaging DD 001	6F	SQ	Mixing Sequence
2001	Philips Imaging DD 001	71	CS	?GraphicConstraint
2001	Philips Imaging DD 001	73	SQ	Referenced Mask Image Sequence
2001	Philips Imaging DD 001	74	DS	Window Center Sub
2001	Philips Imaging DD 001	75	DS	Window Width Sub
2001	Philips Imaging DD 001	76	UL	?MRNumberOfFrames
2001	Philips Imaging DD 001	77	CS	GLTrafoType
2001	Philips Imaging DD 001	79	SQ	Harmonisation Sequence
2001	Philips Imaging DD 001	7A	FL	?WindowRoundingFactor
2001	Philips Imaging DD 001	7B	IS	AcquisitionNumber
2001	Philips Imaging DD 001	7E	US	Edge Enhancement Gain Taste
2001	Philips Imaging DD 001	7F	US	Edge Enhancement Gain Taste Sub
2001	Philips Imaging DD 001	80	LO	Text Anchor Point Alignment
2001	Philips Imaging DD 001	81	IS	NumberOfDynamicScans
2001	Philips Imaging DD 001	82	IS	Echo Train Length
2001	Philips Imaging DD 001	83	DS	Imaging Frequency
2001	Philips Imaging DD 001	84	DS	Inversion Time
2001	Philips Imaging DD 001	85	DS	Magnetic Field Strength
2001	Philips Imaging DD 001	86	IS	?NrOfPhaseEncodingSteps?
2001	Philips Imaging DD 001	87	SH	Imaged Nucleus
2001	Philips Imaging DD 001	88	DS	Number of Averages
2001	Philips Imaging DD 001	89	DS	Phase FOV Percent
2001	Philips Imaging DD 001	8A	DS	Sampling Percent
2001	Philips Imaging DD 001	8B	SH	?Transmitting Coil?
2001	Philips Imaging DD 001	93	LO	Text Style
2001	Philips Imaging DD 001	94	LO	Processing Order Specialization
2001	Philips Imaging DD 001	97	SH	Nucleus
2001	Philips Imaging DD 001	9A	SQ	Graphic Number Sequence
2001	Philips Imaging DD 001	9B	UL	Graphic Number
2001	Philips Imaging DD 001	9C	LO	?GraphicAnnotationLabel
2001	Philips Imaging DD 001	9D	LO	PIIM Subtraction Type
2001	Philips Imaging DD 001	9F	US	PixelProcessingKernelSize
2001	Philips Imaging DD 001	A1	CS	IsRawImage
2001	Philips Imaging DD 001	A2	US	LOG Subtraction Curve Taste
2001	Philips Imaging DD 001	A3	UL	Text Color Foreground
2001	Philips Imaging DD 001	A4	UL	Text Color Background
2001	Philips Imaging DD 001	A5	UL	Text Color Shadow
2001	Philips Imaging DD 001	C1	LO	Nested Object Type Name
2001	Philips Imaging DD 001	C8	LO	?ExamCardName?
2001	Philips Imaging DD 001	CC	ST	?SeriesDerivationDescription
2001	Philips Imaging DD 001	DA	CS	
2001	Philips Imaging DD 001	F1	FL	ProspectiveMotionCorrection
2001	Philips Imaging DD 001	F2	FL	RetrospectiveMotionCorrection
2001	Philips Imaging DD 001	F3	CS	Unknown Tag & Data
2001	Philips Imaging DD 002	01	US	
2001	Philips Imaging DD 002	02	FD	
2001	Philips Imaging DD 002	13	SS	
2001	Philips Imaging DD 002	14	FD	
2001	Philips Imaging DD 002	15	FD	
2001	Philips Imaging DD 002	16	FD	
2001	Philips Imaging DD 002	17	FD	
2001	Philips Imaging DD 002	18	CS	
2001	Philips Imaging DD 002	19	FD	
2001	Philips Imaging DD 002	1A	FD	
2001	Philips Imaging DD 002	1B	FD	
2001	Philips Imaging DD 002	1C	FD	
2001	Philips Imaging DD 002	1D	FD	
2001	Philips Imaging DD 002	1E	FD	
2001	Philips Imaging DD 002	1F	FD	
2001	Philips Imaging DD 002	20	FD	
2001	Philips Imaging DD 002	21	FD	
2001	Philips Imaging DD 002	22	FD	
2001	Philips Imaging DD 002	23	FD	
2001	Philips Imaging DD 002	24	FD	
2001	Philips Imaging DD 002	25	FD	
2001	Philips Imaging DD 002	26	FD	
2001	Philips Imaging DD 002	27	FD	
2001	Philips Imaging DD 002	28	US	
2001	Philips Imaging DD 002	29	US	
2001	Philips Imaging DD 002	2A	US	
2001	Philips Imaging DD 002	2B	SS	
2001	Philips Imaging DD 002	2C	FD	
2001	Philips Imaging DD 002	2D	FD	
2001	Philips Imaging DD 002	2E	SS	
2001	Philips Imaging DD 002	2F	SS	
2001	Philips Imaging DD 002	30	SS	
2001	Philips Imaging DD 002	31	SS	
2001	Philips Imaging DD 002	32	SS	
2001	Philips Imaging DD 002	33	SS	
2001	Philips Imaging DD 002	34	SS	
2001	Philips Imaging DD 002	35	FD	
2001	Philips Imaging DD 002	36	FD	
2001	Philips Imaging DD 002	37	FD	
2001	Philips Imaging DD 002	39	CS	
2001	Philips Imaging DD 002	3A	SQ	
2001	Philips Imaging DD 002	3B	SQ	
2001	Philips Imaging DD 002	3C	SQ	
2001	Philips Imaging DD 002	3D	SQ	
2001	Philips Imaging DD 002	3E	SS	
2001	Philips Imaging DD 002	3F	SS	
2001	Philips Imaging DD 002	40	SS	
2001	Philips Imaging DD 002	6B	LO	
2001	Philips Imaging DD 129	00	SQ	PresentationStateSequence
2001	Philips Imaging DD 129	01	SQ	
2003	Philips X-ray Imaging DD 001	00	CS	
2003	Philips X-ray Imaging DD 001	01	LO	
2003	Philips X-ray Imaging DD 001	02	FD	
2003	Philips X-ray Imaging DD 001	03	LO	
2003	Philips X-ray Imaging DD 001	04	SQ	Private enhanced Table Sequence
2003	Philips X-ray Imaging DD 001	06	SL	
2003	Philips X-ray Imaging DD 001	09	SL	
2003	Philips X-ray Imaging DD 001	10	LO	
2003	Philips X-ray Imaging DD 001	11	SL	
2003	Philips X-ray Imaging DD 001	12	SL	
2003	Philips X-ray Imaging DD 001	13	SL	
2003	Philips X-ray Imaging DD 001	14	FD	
2003	Philips X-ray Imaging DD 001	15	FD	
2003	Philips X-ray Imaging DD 001	16	SL	
2003	Philips X-ray Imaging DD 001	17	SL	
2003	Philips X-ray Imaging DD 001	18	SL	
2003	Philips X-ray Imaging DD 001	19	SL	
2003	Philips X-ray Imaging DD 001	22	SL	
2003	Philips X-ray Imaging DD 001	24	FD	
2003	Philips X-ray Imaging DD 001	25	SL	
2003	Philips X-ray Imaging DD 001	26	SL	
2003	Philips X-ray Imaging DD 001	27	SH	
2003	Philips X-ray Imaging DD 001	28	SH	
2003	Philips X-ray Imaging DD 001	29	FD	
2003	Philips X-ray Imaging DD 001	2A	LO	
2003	Philips X-ray Imaging DD 001	2B	FD	
2003	Philips X-ray Imaging DD 001	2C	SH	
2003	Philips X-ray Imaging DD 001	2D	SL	
2003	Philips X-ray Imaging DD 001	2E	SQ	
2003	Philips X-ray Imaging DD 001	2F	CS	IsResolvePatientMixApplied
2003	Philips X-ray Imaging DD 001	30	CS	
2003	Philips X-ray Imaging DD 001	31	CS	
2003	Philips X-ray Imaging DD 001	32	UI	
2005	PHILIPS IMAGING DD 001	14	CS	Diffusion
2005	PHILIPS IMAGING DD 001	20	SL	Number of Chemical Shifts
2005	PHILIPS IMAGING DD 001	30	FL	Repetition Time
2005	PHILIPS IMAGING DD 001	33	FL	Scan Duration
2005	PHILIPS IMAGING DD 001	35	CS	Data Type
2005	PHILIPS IMAGING DD 001	8B	SH	Transmitting Coil
2005	PHILIPS IMAGING DD 001	9F	CS	Spectral Selective Excitation Pulse
2005	PHILIPS IMAGING DD 001	A1	CS	Syncra Scan Type
2005	PHILIPS MR IMAGING DD 001	00	FL	?AngulationAP?
2005	PHILIPS MR IMAGING DD 001	01	FL	?AngulationFH?
2005	PHILIPS MR IMAGING DD 001	02	FL	?AngulationRL?
2005	PHILIPS MR IMAGING DD 001	03	IS	?ImageAnnotationCount
2005	PHILIPS MR IMAGING DD 001	04	CS	?DisplayOrientation?
2005	PHILIPS MR IMAGING DD 001	05	CS	SynergyReconstructionType
2005	PHILIPS MR IMAGING DD 001	06	UI	
2005	PHILIPS MR IMAGING DD 001	07	IS	?ImageLineCount
2005	PHILIPS MR IMAGING DD 001	08	FL	?OffCentreAP?
2005	PHILIPS MR IMAGING DD 001	09	FL	?OffCentreFH?
2005	PHILIPS MR IMAGING DD 001	0A	FL	?OffCentreRL?
2005	PHILIPS MR IMAGING DD 001	0B	FL	?MaxFP?
2005	PHILIPS MR IMAGING DD 001	0C	FL	?MinFP?
2005	PHILIPS MR IMAGING DD 001	0D	FL	?ScaleIntercept?
2005	PHILIPS MR IMAGING DD 001	0E	FL	?ScaleSlope?
2005	PHILIPS MR IMAGING DD 001	0F	DS	Window Center Philips
2005	PHILIPS MR IMAGING DD 001	10	DS	Window Width Philips
2005	PHILIPS MR IMAGING DD 001	11	CS	Image Type Philips
2005	PHILIPS MR IMAGING DD 001	12	CS	?CardiacGating?
2005	PHILIPS MR IMAGING DD 001	13	CS	?DevelopmentMode?
2005	PHILIPS MR IMAGING DD 001	14	CS	Diffusion
2005	PHILIPS MR IMAGING DD 001	15	CS	?FatSaturationTechnique?
2005	PHILIPS MR IMAGING DD 001	16	CS	?FlowCompensation
2005	PHILIPS MR IMAGING DD 001	17	CS	?FourierInterpolation
2005	PHILIPS MR IMAGING DD 001	18	LO	?HardcopyProtocol
2005	PHILIPS MR IMAGING DD 001	19	CS	?InverseReconstructed
2005	PHILIPS MR IMAGING DD 001	1A	SS	?LabelSyntax
2005	PHILIPS MR IMAGING DD 001	1B	CS	?MagnetiPrepared
2005	PHILIPS MR IMAGING DD 001	1C	CS	?MagnetTransferConst
2005	PHILIPS MR IMAGING DD 001	1D	SS	?MeasurementScanResolution
2005	PHILIPS MR IMAGING DD 001	1E	SH	MIPProtocol
2005	PHILIPS MR IMAGING DD 001	1F	SH	MPRProtocol
2005	PHILIPS MR IMAGING DD 001	20	SL	NumberOfChemicalShifts
2005	PHILIPS MR IMAGING DD 001	21	SS	NumberOfMixes
2005	PHILIPS MR IMAGING DD 001	22	IS	NumberOfReferences
2005	PHILIPS MR IMAGING DD 001	23	SS	NumberOfSlabs
2005	PHILIPS MR IMAGING DD 001	25	SS	NumberOfVolumes
2005	PHILIPS MR IMAGING DD 001	26	CS	OverSampleingPhase
2005	PHILIPS MR IMAGING DD 001	27	CS	PackageMode
2005	PHILIPS MR IMAGING DD 001	28	CS	PartialFourierFrequency
2005	PHILIPS MR IMAGING DD 001	29	CS	PartialFourierPhase
2005	PHILIPS MR IMAGING DD 001	2A	IS	PatientReferenceID
2005	PHILIPS MR IMAGING DD 001	2B	SS	PercentScanComplete
2005	PHILIPS MR IMAGING DD 001	2C	CS	PhaseEncodedRecording
2005	PHILIPS MR IMAGING DD 001	2D	SS	NumberOfStackSlices
2005	PHILIPS MR IMAGING DD 001	2E	CS	PPGPPUGating
2005	PHILIPS MR IMAGING DD 001	2F	CS	SpatialPresaturation
2005	PHILIPS MR IMAGING DD 001	30	FL	Repetition Time
2005	PHILIPS MR IMAGING DD 001	31	CS	RespiratoryGating
2005	PHILIPS MR IMAGING DD 001	32	CS	?SampleRepresentation
2005	PHILIPS MR IMAGING DD 001	33	FL	Scan Duration
2005	PHILIPS MR IMAGING DD 001	34	CS	MRSegmentedKSpace
2005	PHILIPS MR IMAGING DD 001	35	CS	Data Type
2005	PHILIPS MR IMAGING DD 001	36	CS	SeriesIsCardiac
2005	PHILIPS MR IMAGING DD 001	37	CS	SeriesIsSpectro
2005	PHILIPS MR IMAGING DD 001	38	CS	Spoiled
2005	PHILIPS MR IMAGING DD 001	39	CS	SteadyState
2005	PHILIPS MR IMAGING DD 001	3A	SH	SubAnatomy
2005	PHILIPS MR IMAGING DD 001	3B	CS	TimeReversedSteadyState
2005	PHILIPS MR IMAGING DD 001	3C	CS	SeriesTone
2005	PHILIPS MR IMAGING DD 001	3D	SS	NumberOfRRIntervalRanges
2005	PHILIPS MR IMAGING DD 001	3E	SL	RRIntervalsDistribution
2005	PHILIPS MR IMAGING DD 001	3F	SL	PlanScanAcquisitionNo
2005	PHILIPS MR IMAGING DD 001	40	SL	ChemicalShiftNo
2005	PHILIPS MR IMAGING DD 001	41	SL	PlanScanDynamicScanNo
2005	PHILIPS MR IMAGING DD 001	42	SL	PlanScanSurveyEchoNo
2005	PHILIPS MR IMAGING DD 001	43	CS	PlanScanImageType
2005	PHILIPS MR IMAGING DD 001	44	SL	PlanScanPhaseNo
2005	PHILIPS MR IMAGING DD 001	45	SL	PlanScanReconstructionNo
2005	PHILIPS MR IMAGING DD 001	46	CS	PlanScanScanningSequence
2005	PHILIPS MR IMAGING DD 001	47	SL	PlanScanSliceNo
2005	PHILIPS MR IMAGING DD 001	48	IS	?MRReferenceAcquisitionNo
2005	PHILIPS MR IMAGING DD 001	49	IS	?MRReferenceChemicalShiftNo
2005	PHILIPS MR IMAGING DD 001	4A	IS	?MRReferenceDynamicScanNo
2005	PHILIPS MR IMAGING DD 001	4B	IS	?MRReferenceEchoNo
2005	PHILIPS MR IMAGING DD 001	4C	CS	?MRReferenceEntity
2005	PHILIPS MR IMAGING DD 001	4D	CS	?MRReferenceImageType
2005	PHILIPS MR IMAGING DD 001	4E	FL	?MRSlabFovRL
2005	PHILIPS MR IMAGING DD 001	4F	FL	?MRSlabOffcentreAP
2005	PHILIPS MR IMAGING DD 001	50	FL	?MRSlabOffcentreFH
2005	PHILIPS MR IMAGING DD 001	51	FL	?MRSlabOffcentreRL
2005	PHILIPS MR IMAGING DD 001	52	CS	?MRSlabType
2005	PHILIPS MR IMAGING DD 001	53	CS	?MRSlabViewAxis
2005	PHILIPS MR IMAGING DD 001	54	FL	SVS Voxel Angulation AP (deg)
2005	PHILIPS MR IMAGING DD 001	55	FL	SVS Voxel Angulation FH (deg)
2005	PHILIPS MR IMAGING DD 001	56	FL	SVS Voxel Angulation LR (deg)
2005	PHILIPS MR IMAGING DD 001	57	FL	SVS Voxel Size AP (mm)
2005	PHILIPS MR IMAGING DD 001	58	FL	SVS Voxel Size FH (mm)
2005	PHILIPS MR IMAGING DD 001	59	FL	SVS Voxel Size LR (mm)
2005	PHILIPS MR IMAGING DD 001	5A	FL	SVS Voxel Offcenter AP (mm)
2005	PHILIPS MR IMAGING DD 001	5B	FL	SVS Voxel Offcenter FH (mm)
2005	PHILIPS MR IMAGING DD 001	5C	FL	SVS Voxel Offcenter LR (mm)
2005	PHILIPS MR IMAGING DD 001	5D	CS	VolumeType
2005	PHILIPS MR IMAGING DD 001	5E	CS	VolumeViewAxis
2005	PHILIPS MR IMAGING DD 001	5F	CS	StudyOrigin
2005	PHILIPS MR IMAGING DD 001	60	IS	StudySequenceNumber
2005	PHILIPS MR IMAGING DD 001	61	CS	ImagePrepulseType
2005	PHILIPS MR IMAGING DD 001	63	SS	fMRIStatusIndication
2005	PHILIPS MR IMAGING DD 001	64	IS	?MRReferencePhaseNo
2005	PHILIPS MR IMAGING DD 001	65	IS	?MRReferenceReconstructionNo
2005	PHILIPS MR IMAGING DD 001	66	CS	?MRReferenceScanningSequence
2005	PHILIPS MR IMAGING DD 001	67	IS	?MRReferenceSliceNo
2005	PHILIPS MR IMAGING DD 001	68	CS	?MRReferenceType
2005	PHILIPS MR IMAGING DD 001	69	FL	?MRSlabAngulationAP
2005	PHILIPS MR IMAGING DD 001	6A	FL	?MRSlabAngulationFH
2005	PHILIPS MR IMAGING DD 001	6B	FL	?MRSlabAngulationRL
2005	PHILIPS MR IMAGING DD 001	6C	FL	?MRSlabFovAP
2005	PHILIPS MR IMAGING DD 001	6D	FL	?MRSlabFovFH
2005	PHILIPS MR IMAGING DD 001	6E	CS	ImageScanningSequencePrivate
2005	PHILIPS MR IMAGING DD 001	6F	CS	?AcquisitionType?
2005	PHILIPS MR IMAGING DD 001	70	LO	?MRSeriesHardcopyProtocolEV
2005	PHILIPS MR IMAGING DD 001	71	FL	StackAngulationAP
2005	PHILIPS MR IMAGING DD 001	72	FL	StackAngulationFH
2005	PHILIPS MR IMAGING DD 001	73	FL	StackAngulationRL
2005	PHILIPS MR IMAGING DD 001	74	FL	StackFovAP
2005	PHILIPS MR IMAGING DD 001	75	FL	StackFovFH
2005	PHILIPS MR IMAGING DD 001	76	FL	StackFovRL
2005	PHILIPS MR IMAGING DD 001	78	FL	StackOffcentreAP
2005	PHILIPS MR IMAGING DD 001	79	FL	StackOffcentreFH
2005	PHILIPS MR IMAGING DD 001	7A	FL	StackOffcentreRL
2005	PHILIPS MR IMAGING DD 001	7B	CS	StackPreparationDirection
2005	PHILIPS MR IMAGING DD 001	7E	FL	Z-Spacing (aka Stack Slice Distance)
2005	PHILIPS MR IMAGING DD 001	80	SQ	SeriesPlanScan
2005	PHILIPS MR IMAGING DD 001	81	CS	StackViewAxis
2005	PHILIPS MR IMAGING DD 001	83	SQ	
2005	PHILIPS MR IMAGING DD 001	84	SQ	SeriesReference
2005	PHILIPS MR IMAGING DD 001	85	SQ	SeriesVolume
2005	PHILIPS MR IMAGING DD 001	86	SS	NumberOfGeometry
2005	PHILIPS MR IMAGING DD 001	9E	SQ	SeriesGeom
2005	PHILIPS MR IMAGING DD 001	9F	CS	MRSeriesSpectralSelectiveExcitationPulse
2005	PHILIPS MR IMAGING DD 001	A0	FL	Philips Temporal Position Identifier (aka ImageDynamicScanBeginTime)
2005	PHILIPS MR IMAGING DD 001	A1	CS	SyncraScanType
2005	PHILIPS MR IMAGING DD 001	A2	CS	IsCOCA
2005	PHILIPS MR IMAGING DD 001	A3	IS	StackCoilID
2005	PHILIPS MR IMAGING DD 001	A4	IS	StackCBBCoil1
2005	PHILIPS MR IMAGING DD 001	A5	IS	StackCBBCoil2
2005	PHILIPS MR IMAGING DD 001	A6	IS	StackChannelCombi
2005	PHILIPS MR IMAGING DD 001	A7	CS	StackCoilConn
2005	PHILIPS MR IMAGING DD 001	A8	DS	PrivateInversionTime
2005	PHILIPS MR IMAGING DD 001	A9	CS	SeriesGeometryCorrection
2005	PHILIPS MR IMAGING DD 001	B0	FL	DiffusionDirectionRL
2005	PHILIPS MR IMAGING DD 001	B1	FL	DiffusionDirectionAP
2005	PHILIPS MR IMAGING DD 001	B2	FL	DiffusionDirectionFH
2005	PHILIPS MR IMAGING DD 001	C0	CS	?SequenceVariant?
2005	PHILIPS UNKNOWN	00	UL	Group Length 2005
2005	Philips Imaging DD 001	14	CS	Diffusion
2005	Philips Imaging DD 001	20	SL	Number of Chemical Shifts
2005	Philips Imaging DD 001	30	FL	Repetition Time
2005	Philips Imaging DD 001	33	FL	Scan Duration
2005	Philips Imaging DD 001	35	CS	Data Type
2005	Philips Imaging DD 001	8B	SH	Transmitting Coil
2005	Philips Imaging DD 001	9F	CS	Spectral Selective Excitation Pulse
2005	Philips Imaging DD 001	A1	CS	Syncra Scan Type
2005	Philips MR Imaging DD 001	00	FL	?AngulationAP?
2005	Philips MR Imaging DD 001	01	FL	?AngulationFH?
2005	Philips MR Imaging DD 001	02	FL	?AngulationRL?
2005	Philips MR Imaging DD 001	03	IS	?ImageAnnotationCount
2005	Philips MR Imaging DD 001	04	CS	?DisplayOrientation?
2005	Philips MR Imaging DD 001	05	CS	SynergyReconstructionType
2005	Philips MR Imaging DD 001	06	UI	
2005	Philips MR Imaging DD 001	07	IS	ImageLineCount
2005	Philips MR Imaging DD 001	08	FL	?OffCentreAP?
2005	Philips MR Imaging DD 001	09	FL	?OffCentreFH?
2005	Philips MR Imaging DD 001	0A	FL	?OffCentreRL?
2005	Philips MR Imaging DD 001	0B	FL	?MaxFP?
2005	Philips MR Imaging DD 001	0C	FL	?MinFP?
2005	Philips MR Imaging DD 001	0D	FL	?ScaleIntercept?
2005	Philips MR Imaging DD 001	0E	FL	?ScaleSlope?
2005	Philips MR Imaging DD 001	0F	DS	Window Center Philips
2005	Philips MR Imaging DD 001	10	DS	Window Width Philips
2005	Philips MR Imaging DD 001	11	CS	Image Type Philips
2005	Philips MR Imaging DD 001	12	CS	?CardiacGating?
2005	Philips MR Imaging DD 001	13	CS	?DevelopmentMode?
2005	Philips MR Imaging DD 001	14	CS	Diffusion
2005	Philips MR Imaging DD 001	15	CS	?FatSaturationTechnique?
2005	Philips MR Imaging DD 001	16	CS	?FlowCompensation
2005	Philips MR Imaging DD 001	17	CS	?FourierInterpolation
2005	Philips MR Imaging DD 001	18	LO	?MRHardcopyProtocol
2005	Philips MR Imaging DD 001	19	CS	?InverseReconstructed
2005	Philips MR Imaging DD 001	1A	SS	?LabelSyntax
2005	Philips MR Imaging DD 001	1B	CS	?MagnetiPrepared
2005	Philips MR Imaging DD 001	1C	CS	?MagnetTransferConst
2005	Philips MR Imaging DD 001	1D	SS	?MeasurementScanResolution
2005	Philips MR Imaging DD 001	1E	SH	MIPProtocol
2005	Philips MR Imaging DD 001	1F	SH	MPRProtocol
2005	Philips MR Imaging DD 001	20	SL	NumberOfChemicalShifts
2005	Philips MR Imaging DD 001	21	SS	NumberOfMixes
2005	Philips MR Imaging DD 001	22	IS	NumberOfReferences
2005	Philips MR Imaging DD 001	23	SS	NumberOfSlabs
2005	Philips MR Imaging DD 001	25	SS	NumberOfVolumes
2005	Philips MR Imaging DD 001	26	CS	OverSampleingPhase
2005	Philips MR Imaging DD 001	27	CS	PackageMode
2005	Philips MR Imaging DD 001	28	CS	PartialFourierFrequency
2005	Philips MR Imaging DD 001	29	CS	PartialFourierPhase
2005	Philips MR Imaging DD 001	2A	IS	PatientReferenceID
2005	Philips MR Imaging DD 001	2B	SS	PercentScanComplete
2005	Philips MR Imaging DD 001	2C	CS	PhaseEncodedRecording
2005	Philips MR Imaging DD 001	2D	SS	NumberOfStackSlices
2005	Philips MR Imaging DD 001	2E	CS	PPGPPUGating
2005	Philips MR Imaging DD 001	2F	CS	SpatialPresaturation
2005	Philips MR Imaging DD 001	30	FL	Repetition Time
2005	Philips MR Imaging DD 001	31	CS	RespiratoryGating
2005	Philips MR Imaging DD 001	32	CS	?SampleRepresentation
2005	Philips MR Imaging DD 001	33	FL	Scan Duration
2005	Philips MR Imaging DD 001	34	CS	MRSegmentedKSpace
2005	Philips MR Imaging DD 001	35	CS	Data Type
2005	Philips MR Imaging DD 001	36	CS	SeriesIsCardiac
2005	Philips MR Imaging DD 001	37	CS	SeriesIsSpectro
2005	Philips MR Imaging DD 001	38	CS	Spoiled
2005	Philips MR Imaging DD 001	39	CS	SteadyState
2005	Philips MR Imaging DD 001	3A	SH	SubAnatomy
2005	Philips MR Imaging DD 001	3B	CS	TimeReversedSteadyState
2005	Philips MR Imaging DD 001	3C	CS	SeriesTone
2005	Philips MR Imaging DD 001	3D	SS	NumberOfRRIntervalRanges
2005	Philips MR Imaging DD 001	3E	SL	RRIntervalsDistribution
2005	Philips MR Imaging DD 001	3F	SL	PlanScanAcquisitionNo
2005	Philips MR Imaging DD 001	40	SL	ChemicalShiftNo
2005	Philips MR Imaging DD 001	41	SL	PlanScanDynamicScanNo
2005	Philips MR Imaging DD 001	42	SL	PlanScanSurveyEchoNo
2005	Philips MR Imaging DD 001	43	CS	PlanScanImageType
2005	Philips MR Imaging DD 001	44	SL	PlanScanPhaseNo
2005	Philips MR Imaging DD 001	45	SL	PlanScanReconstructionNo
2005	Philips MR Imaging DD 001	46	CS	PlanScanScanningSequence
2005	Philips MR Imaging DD 001	47	SL	PlanScanSliceNo
2005	Philips MR Imaging DD 001	48	IS	?MRReferenceAcquisitionNo
2005	Philips MR Imaging DD 001	49	IS	?MRReferenceChemicalShiftNo
2005	Philips MR Imaging DD 001	4A	IS	?MRReferenceDynamicScanNo
2005	Philips MR Imaging DD 001	4B	IS	?MRReferenceEchoNo
2005	Philips MR Imaging DD 001	4C	CS	?MRReferenceEntity
2005	Philips MR Imaging DD 001	4D	CS	?MRReferenceImageType
2005	Philips MR Imaging DD 001	4E	FL	?MRSlabFovRL
2005	Philips MR Imaging DD 001	4F	FL	?MRSlabOffcentreAP
2005	Philips MR Imaging DD 001	50	FL	?MRSlabOffcentreFH
2005	Philips MR Imaging DD 001	51	FL	?MRSlabOffcentreRL
2005	Philips MR Imaging DD 001	52	CS	?MRSlabType
2005	Philips MR Imaging DD 001	53	CS	?MRSlabViewAxis
2005	Philips MR Imaging DD 001	54	FL	SVS Voxel Angulation AP (deg)
2005	Philips MR Imaging DD 001	55	FL	SVS Voxel Angulation FH (deg)
2005	Philips MR Imaging DD 001	56	FL	SVS Voxel Angulation LR (deg)
2005	Philips MR Imaging DD 001	57	FL	SVS Voxel Size AP (mm)
2005	Philips MR Imaging DD 001	58	FL	SVS Voxel Size FH (mm)
2005	Philips MR Imaging DD 001	59	FL	SVS Voxel Size LR (mm)
2005	Philips MR Imaging DD 001	5A	FL	SVS Voxel Offcenter AP (mm)
2005	Philips MR Imaging DD 001	5B	FL	SVS Voxel Offcenter FH (mm)
2005	Philips MR Imaging DD 001	5C	FL	SVS Voxel Offcenter LR (mm)
2005	Philips MR Imaging DD 001	5D	CS	VolumeType
2005	Philips MR Imaging DD 001	5E	CS	VolumeViewAxis
2005	Philips MR Imaging DD 001	5F	CS	StudyOrigin
2005	Philips MR Imaging DD 001	60	IS	StudySequenceNumber
2005	Philips MR Imaging DD 001	61	CS	ImagePrepulseType
2005	Philips MR Imaging DD 001	63	SS	fMRIStatusIndication
2005	Philips MR Imaging DD 001	64	IS	?MRReferencePhaseNo
2005	Philips MR Imaging DD 001	65	IS	?MRReferenceReconstructionNo
2005	Philips MR Imaging DD 001	66	CS	?MRReferenceScanningSequence
2005	Philips MR Imaging DD 001	67	IS	?MRReferenceSliceNo
2005	Philips MR Imaging DD 001	68	CS	?MRReferenceType
2005	Philips MR Imaging DD 001	69	FL	?MRSlabAngulationAP
2005	Philips MR Imaging DD 001	6A	FL	?MRSlabAngulationFH
2005	Philips MR Imaging DD 001	6B	FL	?MRSlabAngulationRL
2005	Philips MR Imaging DD 001	6C	FL	?MRSlabFovAP
2005	Philips MR Imaging DD 001	6D	FL	?MRSlabFovFH
2005	Philips MR Imaging DD 001	6E	CS	?Scanning Sequence / Sequence Type?
2005	Philips MR Imaging DD 001	6F	CS	?MR Acquisition Type?
2005	Philips MR Imaging DD 001	70	LO	?MRSeriesHardcopyProtocolEV
2005	Philips MR Imaging DD 001	71	FL	StackAngulationAP
2005	Philips MR Imaging DD 001	72	FL	StackAngulationFH
2005	Philips MR Imaging DD 001	73	FL	StackAngulationRL
2005	Philips MR Imaging DD 001	74	FL	StackFovAP
2005	Philips MR Imaging DD 001	75	FL	StackFovFH
2005	Philips MR Imaging DD 001	76	FL	StackFovRL
2005	Philips MR Imaging DD 001	78	FL	StackOffcentreAP
2005	Philips MR Imaging DD 001	79	FL	StackOffcentreFH
2005	Philips MR Imaging DD 001	7A	FL	StackOffcentreRL
2005	Philips MR Imaging DD 001	7B	CS	StackPreparationDirection
2005	Philips MR Imaging DD 001	7E	FL	Z-Spacing (aka Stack Slice Distance)
2005	Philips MR Imaging DD 001	80	SQ	SeriesPlanScan
2005	Philips MR Imaging DD 001	81	CS	StackViewAxis
2005	Philips MR Imaging DD 001	83	SQ	
2005	Philips MR Imaging DD 001	84	SQ	SeriesReference
2005	Philips MR Imaging DD 001	85	SQ	SeriesVolume
2005	Philips MR Imaging DD 001	86	SS	NumberOfGeometry
2005	Philips MR Imaging DD 001	9E	SQ	SeriesGeom
2005	Philips MR Imaging DD 001	9F	CS	MRSeriesSpectralSelectiveExcitationPulse
2005	Philips MR Imaging DD 001	A0	FL	Philips Temporal Position Identifier (aka ImageDynamicScanBeginTime)
2005	Philips MR Imaging DD 001	A1	CS	SyncraScanType
2005	Philips MR Imaging DD 001	A2	CS	IsCOCA
2005	Philips MR Imaging DD 001	A3	IS	StackCoilID
2005	Philips MR Imaging DD 001	A4	IS	StackCBBCoil1
2005	Philips MR Imaging DD 001	A5	IS	StackCBBCoil2
2005	Philips MR Imaging DD 001	A6	IS	StackChannelCombi
2005	Philips MR Imaging DD 001	A7	CS	StackCoilConn
2005	Philips MR Imaging DD 001	A8	DS	PrivateInversionTime
2005	Philips MR Imaging DD 001	A9	CS	?Oversampling Phase (aka SeriesGeometryCorrection)?
2005	Philips MR Imaging DD 001	B0	FL	DiffusionDirectionRL
2005	Philips MR Imaging DD 001	B1	FL	DiffusionDirectionAP
2005	Philips MR Imaging DD 001	B2	FL	DiffusionDirectionFH
2005	Philips MR Imaging DD 001	C0	CS	?SequenceVariant?
2005	Philips MR Imaging DD 002	32	SQ	Protocol Data Sequence
2005	Philips MR Imaging DD 002	34	LT	?SeriesTransactionUID?
2005	Philips MR Imaging DD 002	37	LO	Protocol Data Name
2005	Philips MR Imaging DD 002	38	LO	?MRApplicationName
2005	Philips MR Imaging DD 002	39	LO	Protocol Data Type
2005	Philips MR Imaging DD 002	40	LO	?MRVersionStr
2005	Philips MR Imaging DD 002	41	LO	?MRCommentStr
2005	Philips MR Imaging DD 002	43	SL	Protocol Data Block Length (non-padded)
2005	Philips MR Imaging DD 002	44	OW	Protocol Data Block
2005	Philips MR Imaging DD 002	47	CS	Protocol Data Boolean
2005	Philips MR Imaging DD 002	99	UL	?NumberOfRequestExcerpts?
2005	Philips MR Imaging DD 003	00	UL	?NumberOfSOPCommon?
2005	Philips MR Imaging DD 003	01	UL	?NoOfFilmConsumption?
2005	Philips MR Imaging DD 003	13	UL	?NumberOfCodes?
2005	Philips MR Imaging DD 003	34	SL	?MRNumberOfImagePerSeriesRef
2005	Philips MR Imaging DD 003	43	SS	?NoDateOfLastCalibration?
2005	Philips MR Imaging DD 003	44	SS	?NoTimeOfLastCalibration?
2005	Philips MR Imaging DD 003	45	SS	?NrOfSoftwareVersion?
2005	Philips MR Imaging DD 003	46	SS	
2005	Philips MR Imaging DD 003	47	SS	?NrOfPatientOtherNames?
2005	Philips MR Imaging DD 003	48	SS	?NrOfReqRecipeOfResults?
2005	Philips MR Imaging DD 003	49	SS	?NrOfSeriesOperatorsName?
2005	Philips MR Imaging DD 003	50	SS	?NrOfSeriesPerfPhysiName?
2005	Philips MR Imaging DD 003	51	SS	?NrOfStudyAdmittingDiagnosticDescr?
2005	Philips MR Imaging DD 003	52	SS	?NrOfStudyPatientContrastAllergies?
2005	Philips MR Imaging DD 003	53	SS	?NrOfStudyPatientMedicalAlerts?
2005	Philips MR Imaging DD 003	54	SS	?NrOfStudyPhysiciansOfRecord?
2005	Philips MR Imaging DD 003	55	SS	?NrOfStudyPhysiReadingStudy?
2005	Philips MR Imaging DD 003	56	SS	?MRNrSCSoftwareVersions
2005	Philips MR Imaging DD 003	57	SS	?MRNrRunningAttributes
2005	Philips MR Imaging DD 003	70	OW	FID storage (array of ieee floats)
2005	Philips MR Imaging DD 003	81	UI	?DefaultImageUID
2005	Philips MR Imaging DD 003	82	CS	?RunningAttributes
2005	Philips MR Imaging DD 004	00	SS	?MRSpectrumExtraNumber
2005	Philips MR Imaging DD 004	01	SS	?MRSpectrumKxCoordinate
2005	Philips MR Imaging DD 004	02	SS	?MRSpectrumKyCoordinate
2005	Philips MR Imaging DD 004	03	SS	?MRSpectrumLocationNumber
2005	Philips MR Imaging DD 004	04	SS	?MRSpectrumMixNumber
2005	Philips MR Imaging DD 004	05	SS	?MRSpectrumXCoordinate
2005	Philips MR Imaging DD 004	06	SS	?MRSpectrumYCoordinate
2005	Philips MR Imaging DD 004	07	FL	?MRSpectrumDCLevel
2005	Philips MR Imaging DD 004	08	FL	?MRSpectrumNoiseLevel
2005	Philips MR Imaging DD 004	09	FL	?MRSpectrumBeginTime
2005	Philips MR Imaging DD 004	10	FL	Echo Time (ms) (Spectroscopy only)
2005	Philips MR Imaging DD 004	12	FL	Inversion Time (ms) (Spectroscopy only)
2005	Philips MR Imaging DD 004	13	SS	?MRSpectrumNumber
2005	Philips MR Imaging DD 004	14	SS	?MRSpectrumNumberOfAverages
2005	Philips MR Imaging DD 004	15	SS	?MRSpectrumNumberOfSamples
2005	Philips MR Imaging DD 004	16	SS	?MRSpectrumScanSequenceNumber
2005	Philips MR Imaging DD 004	17	SS	?MRSpectrumNumberOfPeaks
2005	Philips MR Imaging DD 004	18	SQ	?MRSpectrumPeak
2005	Philips MR Imaging DD 004	25	CS	MRSpectroSIB0Correction
2005	Philips MR Imaging DD 004	26	FL	MRSpectroB0EchoTopPosition
2005	Philips MR Imaging DD 004	27	CS	MRSpectroComplexComponent
2005	Philips MR Imaging DD 004	28	CS	MRSpectroDataOrigin
2005	Philips MR Imaging DD 004	29	FL	MRSpectroEchoTopPosition
2005	Philips MR Imaging DD 004	30	CS	MRInPlaneTransforms
2005	Philips MR Imaging DD 004	31	SS	MRNumberOfSpectraAcquired
2005	Philips MR Imaging DD 004	33	FL	MRPhaseEncodingEchoTopPositions
2005	Philips MR Imaging DD 004	34	CS	MRPhysicalQuantityForChemicalShift
2005	Philips MR Imaging DD 004	35	CS	MRPhysicalQuantitySpatial
2005	Philips MR Imaging DD 004	36	FL	MRReferenceFrequency
2005	Philips MR Imaging DD 004	37	FL	MRSampleOffset
2005	Philips MR Imaging DD 004	38	FL	MRSamplePitch
2005	Philips MR Imaging DD 004	39	SS	MRSearchIntervalForPeaks
2005	Philips MR Imaging DD 004	40	CS	MRSignalDomainForChemicalShift
2005	Philips MR Imaging DD 004	41	CS	MRSignalDomainSpatial
2005	Philips MR Imaging DD 004	42	CS	MRSignalType
2005	Philips MR Imaging DD 004	43	CS	MRSpectroAdditionalRotations
2005	Philips MR Imaging DD 004	44	SS	MRSpectroDisplayRanges
2005	Philips MR Imaging DD 004	45	CS	MRSpectroEchoAcquisition
2005	Philips MR Imaging DD 004	46	CS	MRSpectroFrequencyUnit
2005	Philips MR Imaging DD 004	47	FL	MRSpectroGamma
2005	Philips MR Imaging DD 004	48	CS	MRSpectroHiddenLineRemoval
2005	Philips MR Imaging DD 004	49	FL	MRSpectroHorizontalShift
2005	Philips MR Imaging DD 004	50	FL	MRSpectroHorizontalWindow
2005	Philips MR Imaging DD 004	51	SS	MRSpectroNumberOfDisplayRanges
2005	Philips MR Imaging DD 004	52	SS	MRSpectroNumberOfEchoPulses
2005	Philips MR Imaging DD 004	53	LO	MRSpectroProcessingHistory
2005	Philips MR Imaging DD 004	54	CS	MRSpectroScanType
2005	Philips MR Imaging DD 004	55	FL	MRSpectroSICSIntervals
2005	Philips MR Imaging DD 004	56	CS	MRSpectroSIMode
2005	Philips MR Imaging DD 004	57	SS	Sampling Frequency (aka MRSpectroSpectralBW)
2005	Philips MR Imaging DD 004	58	LO	MRSpectroTitleLine
2005	Philips MR Imaging DD 004	59	FL	MRSpectroTurboEchoSpacing
2005	Philips MR Imaging DD 004	60	FL	MRSpectroVerticalShift
2005	Philips MR Imaging DD 004	61	FL	MRSpectroVerticalWindow
2005	Philips MR Imaging DD 004	62	FL	MRSpectroOffset
2005	Philips MR Imaging DD 004	63	FL	MRSpectrumPitch
2005	Philips MR Imaging DD 004	64	CS	MRVolumeSelection
2005	Philips MR Imaging DD 004	70	SS	MRNoMixesSpectro
2005	Philips MR Imaging DD 004	71	SQ	MRSeriesSPMix
2005	Philips MR Imaging DD 004	72	SS	?SPMixTResolution
2005	Philips MR Imaging DD 004	73	SS	?SPMixKXResolution
2005	Philips MR Imaging DD 004	74	SS	?SPMixKYResolution
2005	Philips MR Imaging DD 004	75	SS	?SPMixFResolution
2005	Philips MR Imaging DD 004	76	SS	?SPMixXResolution
2005	Philips MR Imaging DD 004	77	SS	?SPMixYResolution
2005	Philips MR Imaging DD 004	78	SS	?SPMixNoSpectraIntended
2005	Philips MR Imaging DD 004	79	SS	?SPMixNoAverages
2005	Philips MR Imaging DD 004	81	IS	MRScanoGramSurveyNumberOfImages
2005	Philips MR Imaging DD 004	82	UL	MRNumberOfProcedureCodes
2005	Philips MR Imaging DD 004	83	CS	?SortAttributes
2005	Philips MR Imaging DD 004	84	SS	?MRNrSortAttributes
2005	Philips MR Imaging DD 004	85	CS	?ImageDisplayDirection
2005	Philips MR Imaging DD 004	86	CS	?InsetScanogram
2005	Philips MR Imaging DD 004	87	SS	?MRDisplayLayoutNrColumns
2005	Philips MR Imaging DD 004	88	SS	?MRDisplayLayoutNrRows
2005	Philips MR Imaging DD 004	89	SQ	?ViewingProtocol
2005	Philips MR Imaging DD 004	90	CS	MRStackCoilFunction
2005	Philips MR Imaging DD 004	91	PN	?PatientNameJobInParams
2005	Philips MR Imaging DD 004	92	IS	MRGeolinkID
2005	Philips MR Imaging DD 004	93	IS	MRStationNo
2005	Philips MR Imaging DD 004	95	ST	?ViewProcedureString
2005	Philips MR Imaging DD 004	96	CS	MRFlowImagesPresent
2005	Philips MR Imaging DD 004	97	LO	Anatomic Region Code Value
2005	Philips MR Imaging DD 004	98	CS	MRMobiviewEnabled
2005	Philips MR Imaging DD 004	99	CS	MRIViewBoldEnabled
2005	Philips MR Imaging DD 005	00	CS	MRVolumeViewEnabled
2005	Philips MR Imaging DD 005	01	UL	MRNumberOfStudyReference
2005	Philips MR Imaging DD 005	02	SQ	
2005	Philips MR Imaging DD 005	03	UL	MRNumberOfSPSCodes
2005	Philips MR Imaging DD 005	04	SS	
2005	Philips MR Imaging DD 005	06	SS	
2005	Philips MR Imaging DD 005	07	SS	MRNrOfSpecificCharacterSet
2005	Philips MR Imaging DD 005	09	DS	Rescale Intercept Philips
2005	Philips MR Imaging DD 005	0A	DS	Rescale Slope Philips
2005	Philips MR Imaging DD 005	0B	LO	Rescale Type Philips
2005	Philips MR Imaging DD 005	0E	SQ	PrivateSharedSq
2005	Philips MR Imaging DD 005	0F	SQ	Acquisition Parameters (Philips) Sequence
2005	Philips MR Imaging DD 005	10	IS	?MFConvTreatSpectorMixNo
2005	Philips MR Imaging DD 005	11	UI	MFPrivateReferencedSOPInstanceUID
2005	Philips MR Imaging DD 005	12	IS	MRImageDiffBValueNumber
2005	Philips MR Imaging DD 005	13	IS	MRImageGradientOrientationNumber
2005	Philips MR Imaging DD 005	14	SL	MRSeriesNrOfDiffBValues
2005	Philips MR Imaging DD 005	15	SL	MRSeriesNrOfDiffGradOrients
2005	Philips MR Imaging DD 005	16	CS	MRSeriesPlanMode
2005	Philips MR Imaging DD 005	17	FD	B_matrix / DiffusionBMatrix
2005	Philips MR Imaging DD 005	18	CS	Operating Mode Type
2005	Philips MR Imaging DD 005	19	CS	Operating Mode
2005	Philips MR Imaging DD 005	1A	CS	MRFatSaturationTechnique
2005	Philips MR Imaging DD 005	1B	IS	MRVersionNumberDeletedImages
2005	Philips MR Imaging DD 005	1C	IS	MRVersionNumberDeletedSpectra
2005	Philips MR Imaging DD 005	1D	IS	MRVersionNumberDeletedBlobsets
2005	Philips MR Imaging DD 005	1E	UL	LUT1Offset?
2005	Philips MR Imaging DD 005	1F	UL	LUT1Range?
2005	Philips MR Imaging DD 005	20	UL	?LUT1BeginColor
2005	Philips MR Imaging DD 005	21	UL	?LUT1EndColor
2005	Philips MR Imaging DD 005	22	UL	?LUT2Offset
2005	Philips MR Imaging DD 005	23	UL	?LUT2Range
2005	Philips MR Imaging DD 005	24	UL	?LUT2BeginColor
2005	Philips MR Imaging DD 005	25	UL	?LUT2EndColor
2005	Philips MR Imaging DD 005	26	CS	ViewingHardcopyOnly
2005	Philips MR Imaging DD 005	27	CS	?PrivateEMR
2005	Philips MR Imaging DD 005	28	SL	MRSeriesNrOfLabelTypes
2005	Philips MR Imaging DD 005	29	CS	?MRImageLabelType
2005	Philips MR Imaging DD 005	2A	CS	ExamPrintStatus
2005	Philips MR Imaging DD 005	2B	CS	ExamExportStatus
2005	Philips MR Imaging DD 005	2C	CS	ExamStorageCommitStatus
2005	Philips MR Imaging DD 005	2D	CS	ExamMediaWriteStatus
2005	Philips MR Imaging DD 005	2E	FL	?MRSeriesDBdt
2005	Philips MR Imaging DD 005	2F	FL	?MRSeriesProtonSAR
2005	Philips MR Imaging DD 005	30	FL	?MRSeriesNonProtonSAR
2005	Philips MR Imaging DD 005	31	FL	?MRSeriesLocalSAR
2005	Philips MR Imaging DD 005	32	CS	MRSeriesSafetyOverrideMode
2005	Philips MR Imaging DD 005	35	CS	SpectroExamcard
2005	Philips MR Imaging DD 005	36	UI	?MRRefSeriesInstanceUID
2005	Philips MR Imaging DD 005	37	CS	?ColorLUTType
2005	Philips MR Imaging DD 005	38	LT	
2005	Philips MR Imaging DD 005	39	LT	
2005	Philips MR Imaging DD 005	3A	LT	DataDictionaryContentsVersion
2005	Philips MR Imaging DD 005	3B	CS	MRIsCoilSurvey
2005	Philips MR Imaging DD 005	3C	FL	MRStackTablePosLong
2005	Philips MR Imaging DD 005	3D	FL	MRStackTablePosLat
2005	Philips MR Imaging DD 005	3E	FL	MRStackPosteriorCoilPos
2005	Philips MR Imaging DD 005	3F	CS	AIMDLimitsApplied
2005	Philips MR Imaging DD 005	40	FL	AIMDHeadSARLimit
2005	Philips MR Imaging DD 005	41	FL	AIMDWholeBodySARLimit
2005	Philips MR Imaging DD 005	42	FL	AIMDB1RMSLimit
2005	Philips MR Imaging DD 005	43	FL	AIMDdbDtLimit
2005	Philips MR Imaging DD 005	44	IS	TFEFactor
2005	Philips MR Imaging DD 005	45	CS	AttenuationCorrection
2005	Philips MR Imaging DD 005	46	FL	?FWHMShim
2005	Philips MR Imaging DD 005	47	FL	PowerOptimization
2005	Philips MR Imaging DD 005	48	FL	?CoilQ
2005	Philips MR Imaging DD 005	49	FL	?ReceiverGain
2005	Philips MR Imaging DD 005	4A	FL	DataWindowDuration
2005	Philips MR Imaging DD 005	4B	FL	MixingTime
2005	Philips MR Imaging DD 005	4C	FL	FirstEchoTime
2005	Philips MR Imaging DD 005	4D	CS	IsB0Series
2005	Philips MR Imaging DD 005	4E	CS	IsB1Series
2005	Philips MR Imaging DD 005	4F	CS	VolumeSelect
2005	Philips MR Imaging DD 005	50	SS	MRNrOfPatientOtherIDs
2005	Philips MR Imaging DD 005	51	IS	
2005	Philips MR Imaging DD 005	52	UI	
2005	Philips MR Imaging DD 005	55	FD	ImageVelocityEncodingDirection
2005	Philips MR Imaging DD 005	92	FL	Specific Energy Dose
2005	Philips MR Imaging DD 006	53	FL	MRE Frequency
2005	Philips MR Imaging DD 006	54	FL	MRE Amplitude
2005	Philips MR Imaging DD 006	55	FL	MREMEG Frequency
2005	Philips MR Imaging DD 006	56	FL	MREMEG Pairs
2005	Philips MR Imaging DD 006	57	CS	MREMEG Direction
2005	Philips MR Imaging DD 006	58	FL	MREMEG Amplitude
2005	Philips MR Imaging DD 006	59	FL	MRE Number of Phase Delays
2005	Philips MR Imaging DD 006	60	IS	MRE Number of Motion Cycles
2005	Philips MR Imaging DD 006	61	FL	MRE Motion Meg Phase Delay
2005	Philips MR Imaging DD 006	62	LT	MRE Inversion Algorithm Version
2005	Philips MR Imaging DD 006	63	CS	Sagittal Slice Order
2005	Philips MR Imaging DD 006	64	CS	Coronal Slice Order
2005	Philips MR Imaging DD 006	65	CS	Transversal Slice Order
2005	Philips MR Imaging DD 006	66	CS	Series Orientation
2005	Philips MR Imaging DD 006	67	IS	MR Stack Reverse
2005	Philips MR Imaging DD 006	68	IS	MRE Phase Delay Number
2005	Philips MR Imaging DD 006	71	IS	Number Of Inversion Delays
2005	Philips MR Imaging DD 006	72	FL	Inversion Delay Time
2005	Philips MR Imaging DD 006	73	IS	Inversion Delay Number
2005	Philips MR Imaging DD 006	74	DS	Max DB DT
2005	Philips MR Imaging DD 006	75	DS	Max SAR
2005	Philips MR Imaging DD 006	76	LT	SAR Type
2005	Philips MR Imaging DD 006	78	CS	Metal Implant Status
2005	Philips MR Imaging DD 006	79	CS	Orientation Mirror Flip
2005	Philips MR Imaging DD 006	81	CS	SAR Operation Mode
2005	Philips MR Imaging DD 006	82	IS	Spatial Gradient
2005	Philips MR Imaging DD 006	83	LT	Additional Constraints
2005	Philips MR Imaging DD 006	85	DS	PIIM_GRADIENT_SLEW_RATE
2005	Philips MR Imaging DD 006	86	LT	
2005	Philips MR Imaging DD 006	87	DS	PIIM_MR_STUDY_B1RMS
2005	Philips MR Imaging DD 006	95	CS	
2005	Philips MR Imaging DD 006	96	IS	
2005	Philips MR Imaging DD 006	97	CS	
2005	Philips MR Imaging DD 006	99	SL	
2005	Philips MR Imaging DD 007	00	CS	
2005	Philips MR Imaging DD 007	01	FL	
2005	Philips MR Imaging DD 007	02	FL	
2005	Philips MR Imaging DD 007	03	FL	
2007	Philips EV Imaging DD 017	B4	FL	
2007	Philips EV Imaging DD 017	BA	FD	
2007	Philips EV Imaging DD 017	BB	FD	
2007	Philips EV Imaging DD 017	BC	SL	
2007	Philips EV Imaging DD 017	C1	UI	? SOP Instance UID ?
2007	Philips EV Imaging DD 017	C2	DA	
2007	Philips EV Imaging DD 017	C3	TM	
2007	Philips EV Imaging DD 017	C4	UL	
2007	Philips EV Imaging DD 017	D0	FD	
2007	Philips EV Imaging DD 017	D1	FD	
2007	Philips EV Imaging DD 017	D2	SL	
2007	Philips EV Imaging DD 019	00	LO	
2007	Philips EV Imaging DD 019	01	UT	
2007	Philips EV Imaging DD 021	00	UL	Group Length 2007
2007	Philips EV Imaging DD 021	04	SL	Vol Seg Edit Connectivity
2007	Philips EV Imaging DD 022	00	ST	
2007	Philips EV Imaging DD 022	01	LO	
2007	Philips EV Imaging DD 022	12	LO	Volume Sequence Capture
2007	Philips EV Imaging DD 022	17	UI	Original SOP Instance
2007	Philips EV Imaging DD 022	33	LO	
2007	Philips EV Imaging DD 022	34	CS	
200B	Philips RAD Imaging DD 001	00	PN	
200B	Philips RAD Imaging DD 001	01	US	
200B	Philips RAD Imaging DD 001	02	US	
200B	Philips RAD Imaging DD 001	05	IS	
200B	Philips RAD Imaging DD 001	11	LO	
200B	Philips RAD Imaging DD 001	27	DT	
200B	Philips RAD Imaging DD 001	28	DS	
200B	Philips RAD Imaging DD 001	29	DS	
200B	Philips RAD Imaging DD 001	2A	UL	
200B	Philips RAD Imaging DD 001	2B	DA	
200B	Philips RAD Imaging DD 001	2C	TM	
200B	Philips RAD Imaging DD 001	2D	LO	
200B	Philips RAD Imaging DD 001	3B	LO	
200B	Philips RAD Imaging DD 001	40	SH	
200B	Philips RAD Imaging DD 001	41	SH	
200B	Philips RAD Imaging DD 001	42	UI	
200B	Philips RAD Imaging DD 001	43	UI	
200B	Philips RAD Imaging DD 001	47	DA	
200B	Philips RAD Imaging DD 001	48	SH	
200B	Philips RAD Imaging DD 001	4C	SH	
200B	Philips RAD Imaging DD 001	4D	SH	
200B	Philips RAD Imaging DD 001	4F	DT	
200B	Philips RAD Imaging DD 001	52	SH	
200B	Philips RAD Imaging DD 097	00	ST	
200B	Philips RAD Imaging DD 097	01	CS	
200B	Philips RAD Imaging DD 097	02	SS	
200B	Philips RAD Imaging DD 097	50	SS	
200B	Philips RAD Imaging DD 097	51	SS	
200B	Philips RAD Imaging DD 097	52	SS	
200B	Philips RAD Imaging DD 097	53	SS	
200B	Philips RAD Imaging DD 097	54	ST	
200B	Philips RAD Imaging DD 097	60	LO	
200B	Philips RAD Imaging DD 097	63	LT	
200B	Philips RAD Imaging DD 097	65	SS	
200B	Philips RAD Imaging DD 097	6E	US	
200B	Philips RAD Imaging DD 097	6F	UI	
200B	Philips RAD Imaging DD 097	72	FD	
200B	Philips RAD Imaging DD 097	73	SS	
200B	Philips RAD Imaging DD 097	74	IS	
200B	Philips RAD Imaging DD 097	75	CS	
200B	Philips RAD Imaging DD 097	76	SH	
200B	Philips RAD Imaging DD 097	78	IS	
200B	Philips RAD Imaging DD 097	79	IS	
200B	Philips RAD Imaging DD 097	7A	IS	
200B	Philips RAD Imaging DD 097	7B	US	
200B	Philips RAD Imaging DD 097	7C	US	
200B	Philips RAD Imaging DD 097	7D	IS	
200B	Philips RAD Imaging DD 097	7E	UI	
200B	Philips RAD Imaging DD 097	81	SH	
200B	Philips RAD Imaging DD 097	82	SH	
200B	Philips RAD Imaging DD 097	85	IS	
200B	Philips RAD Imaging DD 097	86	CS	
200B	Philips RAD Imaging DD 097	88	CS	
200B	Philips RAD Imaging DD 097	89	LO	
200B	Philips RAD Imaging DD 097	90	DS	
200B	Philips RAD Imaging DD 097	96	SH	
200B	Philips RAD Imaging DD 097	99	SH	
200B	Philips RAD Imaging DD 097	9A	FD	
200B	Philips RAD Imaging DD 097	9B	FD	
200B	Philips RAD Imaging DD 097	9F	SQ	
200B	Philips RAD Imaging DD 097	A0	LT	
200B	Philips RAD Imaging DD 097	A1	CS	?bool?
200D	Eclipse 60	00	UL	Group Length 200d
200D	Eclipse 60	01	LO	Private data
200D	Eclipse 60	02	LO	Private data
200D	Eclipse 60	03	LO	Private data
200D	Eclipse 60	04	LO	Private data
200D	Eclipse 60	05	LO	Private data
200D	Eclipse 60	06	LO	Private data
200D	Eclipse 60	07	LO	Private data
200D	Eclipse 60	08	LO	Private data
200D	Eclipse 60	09	LO	Private data
200D	Eclipse 60	0A	IS	Private data
200D	Eclipse 60	0B	OB	Private data
200D	Eclipse 60	0C	IS	Private data
200D	Eclipse 60	0D	UL	Private data
200D	Eclipse 60	0E	IS	Private data
200D	Eclipse 60	0F	IS	Private data
200D	Eclipse 60	10	IS	Private data
200D	Eclipse 60	11	IS	Private data
200D	Eclipse 60	12	OB	Private data
200D	Eclipse 60	13	IS	Private data
200D	Eclipse 60	14	IS	Private data
200D	Eclipse 60	15	IS	Private data
200D	Eclipse 60	1A	IS	Private data
200D	Eclipse 60	1B	IS	Private data
200D	Eclipse 60	20	SQ	Private data
200D	Eclipse 60	27	FD	Private data
200D	Eclipse 60	28	FD	Private data
200D	Eclipse 60	30	LO	Private data
200D	Eclipse 60	31	LO	Private data
200D	Eclipse 60	32	LO	Private data
200D	Eclipse 60	33	LO	Private data
200D	Eclipse 60	34	LO	Private data
200D	Eclipse 60	35	LO	Private data
200D	Eclipse 60	36	LO	Private data
200D	Eclipse 60	37	LO	Private data
200D	Eclipse 60	38	LO	Private data
200D	Eclipse 60	39	LO	Private data
200D	Eclipse 60	3A	LO	Private data
200D	Eclipse 60	50	CS	Private data
200D	Eclipse 60	51	CS	Private data
200D	Eclipse 60	52	FD	Private data
200D	Eclipse 60	53	CS	Private data
200D	Eclipse 60	54	CS	Private data
200D	Eclipse 60	55	FD	Private data
200D	Eclipse 60	56	FD	Private data
200D	Eclipse 60	57	FD	Private data
200D	Eclipse 60	58	IS	Private data
200D	Eclipse 60	59	FD	Private data
200D	Eclipse 60	5A	FD	Private data
200D	Eclipse 60	5D	CS	Private data
200D	Eclipse 60	5E	CS	Private data
200D	Eclipse 60	FF	IS	Private data
200D	Philips US Imaging DD 017	05	LO	
200D	Philips US Imaging DD 021	07	LO	?CUSTOM_SELECTION_13?
200D	Philips US Imaging DD 023	37	DA	
200D	Philips US Imaging DD 023	38	TM	
200D	Philips US Imaging DD 023	45	IS	
200D	Philips US Imaging DD 023	59	IS	
200D	Philips US Imaging DD 033	00	OB	Philips Confidential v.1
200D	Philips US Imaging DD 033	01	LO	
200D	Philips US Imaging DD 033	02	LO	
200D	Philips US Imaging DD 033	03	LO	
200D	Philips US Imaging DD 033	04	LO	
200D	Philips US Imaging DD 033	05	LO	
200D	Philips US Imaging DD 033	06	LO	
200D	Philips US Imaging DD 033	07	LO	
200D	Philips US Imaging DD 033	08	LO	
200D	Philips US Imaging DD 033	09	LO	
200D	Philips US Imaging DD 033	0A	LO	
200D	Philips US Imaging DD 033	0B	OB	Raw Data US
200D	Philips US Imaging DD 033	0D	LO	UDM USD DATATYPE DIN
200D	Philips US Imaging DD 033	0F	OB	XML: UAA / CaptureContext
200D	Philips US Imaging DD 033	10	IS	Number of Frames
200D	Philips US Imaging DD 033	11	IS	Max Alloc Buffer (Zlib)
200D	Philips US Imaging DD 033	14	IS	
200D	Philips US Imaging DD 033	21	IS	?Zero?
200D	Philips US Imaging DD 033	22	IS	?Zero?
200D	Philips US Imaging DD 034	01	LO	
200D	Philips US Imaging DD 034	02	LO	
200D	Philips US Imaging DD 034	03	LO	
200D	Philips US Imaging DD 034	04	LO	
200D	Philips US Imaging DD 034	05	LO	
200D	Philips US Imaging DD 034	06	LO	
200D	Philips US Imaging DD 034	07	LO	
200D	Philips US Imaging DD 034	08	LO	
200D	Philips US Imaging DD 034	09	LO	
200D	Philips US Imaging DD 034	0A	LO	
200D	Philips US Imaging DD 034	0B	LO	
200D	Philips US Imaging DD 034	0C	LO	
200D	Philips US Imaging DD 034	0D	LO	
200D	Philips US Imaging DD 034	0E	LO	
200D	Philips US Imaging DD 034	0F	LO	
200D	Philips US Imaging DD 034	10	LO	
200D	Philips US Imaging DD 034	21	LO	
200D	Philips US Imaging DD 034	22	LO	
200D	Philips US Imaging DD 034	23	LO	
200D	Philips US Imaging DD 034	24	LO	
200D	Philips US Imaging DD 035	01	LO	
200D	Philips US Imaging DD 035	02	LO	
200D	Philips US Imaging DD 035	03	LO	
200D	Philips US Imaging DD 035	04	LO	
200D	Philips US Imaging DD 035	05	LO	
200D	Philips US Imaging DD 035	07	LO	
200D	Philips US Imaging DD 035	08	LO	
200D	Philips US Imaging DD 035	09	LO	
200D	Philips US Imaging DD 035	0A	LO	
200D	Philips US Imaging DD 035	0B	LO	
200D	Philips US Imaging DD 035	0C	LO	
200D	Philips US Imaging DD 035	0D	LO	
200D	Philips US Imaging DD 036	01	LO	Cols/Rows/Frames
200D	Philips US Imaging DD 036	02	LO	Cols/Rows/Frames
200D	Philips US Imaging DD 036	03	LO	Voxel Spacing
200D	Philips US Imaging DD 036	04	LO	
200D	Philips US Imaging DD 038	01	LO	
200D	Philips US Imaging DD 039	01	LO	
200D	Philips US Imaging DD 039	04	LO	
200D	Philips US Imaging DD 039	05	LO	
200D	Philips US Imaging DD 039	06	LO	
200D	Philips US Imaging DD 039	07	LO	
200D	Philips US Imaging DD 039	08	LO	
200D	Philips US Imaging DD 039	09	LO	
200D	Philips US Imaging DD 039	0A	LO	
200D	Philips US Imaging DD 039	0B	LO	
200D	Philips US Imaging DD 039	0C	LO	
200D	Philips US Imaging DD 039	0D	LO	
200D	Philips US Imaging DD 040	01	LO	
200D	Philips US Imaging DD 040	02	LO	
200D	Philips US Imaging DD 040	03	LO	
200D	Philips US Imaging DD 040	04	LO	
200D	Philips US Imaging DD 040	05	LO	
200D	Philips US Imaging DD 040	06	LO	
200D	Philips US Imaging DD 040	07	LO	
200D	Philips US Imaging DD 040	20	LO	
200D	Philips US Imaging DD 041	1E	LO	
200D	Philips US Imaging DD 042	15	IS	
200D	Philips US Imaging DD 042	16	FD	
200D	Philips US Imaging DD 042	50	LO	
200D	Philips US Imaging DD 042	51	LO	
200D	Philips US Imaging DD 042	52	LO	
200D	Philips US Imaging DD 042	53	LO	
200D	Philips US Imaging DD 042	54	LO	
200D	Philips US Imaging DD 042	55	LO	
200D	Philips US Imaging DD 042	56	LO	
200D	Philips US Imaging DD 042	57	LO	
200D	Philips US Imaging DD 042	58	LO	
200D	Philips US Imaging DD 042	59	LO	
200D	Philips US Imaging DD 042	5A	LO	
200D	Philips US Imaging DD 042	5B	LO	
200D	Philips US Imaging DD 042	5C	LO	
200D	Philips US Imaging DD 042	5D	LO	
200D	Philips US Imaging DD 042	5E	LO	
200D	Philips US Imaging DD 042	5F	LO	
200D	Philips US Imaging DD 042	60	LO	
200D	Philips US Imaging DD 042	70	LO	
200D	Philips US Imaging DD 042	71	LO	
200D	Philips US Imaging DD 042	72	LO	
200D	Philips US Imaging DD 042	73	LO	
200D	Philips US Imaging DD 042	74	LO	
200D	Philips US Imaging DD 042	75	LO	
200D	Philips US Imaging DD 042	76	LO	
200D	Philips US Imaging DD 042	77	LO	
200D	Philips US Imaging DD 043	05	SH	
200D	Philips US Imaging DD 043	06	IS	
200D	Philips US Imaging DD 045	F1	SQ	Private DataType Image Sequence
200D	Philips US Imaging DD 045	F3	OB	image buffer (Zlib/none compressed)
200D	Philips US Imaging DD 045	F8	SQ	Private DataType Image Groups Sequence
200D	Philips US Imaging DD 045	FA	CS	ZLib/None
200D	Philips US Imaging DD 045	FB	OB	Frames header array
200D	Philips US Imaging DD 066	00	OB	Philips Confidential v.1
200D	Philips US Imaging DD 109	00	US	
200D	Philips US Imaging DD 109	01	SQ	
200D	Philips US Imaging DD 109	02	ST	
200D	Philips US Imaging DD 109	03	CS	
200D	Philips US Imaging DD 109	04	SL	
200D	Philips US Imaging DD 109	05	UL	
200D	Philips US Imaging DD 109	06	UL	
200D	Philips US Imaging DD 109	07	CS	
200D	Philips US Imaging DD 109	08	CS	
200D	Philips US Imaging DD 109	09	OB	
200D	Philips US Imaging DD 109	0A	UL	
200D	Philips US Imaging DD 109	0B	OB	
200D	Philips US Imaging DD 109	0C	UL	
200D	Philips US Imaging DD 109	0D	SQ	
200D	Philips US Imaging DD 109	0E	CS	
200D	Philips US Imaging DD 109	0F	LO	
200D	Philips US Imaging DD 109	10	SL	
200D	Philips US Imaging DD 109	11	LO	
200D	Philips US Imaging DD 109	12	SL	
200D	Philips US Imaging DD 109	13	US	
200D	Philips US Imaging DD 109	14	CS	
200D	Philips US Imaging DD 113	01	LO	
200D	Philips US Imaging DD 113	02	UL	
200D	Philips US Imaging DD 113	03	UL	
200D	Philips US Imaging DD 113	04	UL	
200D	Philips US Imaging DD 113	05	UL	
200D	Philips US Imaging DD 113	06	UL	
200D	Philips US Imaging DD 113	07	CS	
200D	Philips US Imaging DD 113	08	UL	
200D	Philips US Imaging DD 113	09	UL	
200D	Philips US Imaging DD 113	0A	FD	
200D	Philips US Imaging DD 113	0B	CS	
200D	Philips US Imaging DD 113	0C	UL	
200D	Philips US Imaging DD 113	0D	UL	
200D	Philips US Imaging DD 113	0E	UL	
200D	Philips US Imaging DD 113	0F	DS	
200D	Philips US Imaging DD 113	10	DS	
200D	Philips US Imaging DD 113	11	SL	
200D	Philips US Imaging DD 113	12	UL	
200D	Philips US Imaging DD 113	13	FL	
200D	Philips US Imaging DD 113	15	UL	
200D	Philips US Imaging DD 113	17	FD	
200D	Philips US Imaging DD 113	18	FD	
200D	Philips US Imaging DD 113	19	FD	
200D	Philips US Imaging DD 113	1A	FD	
200D	Philips US Imaging DD 113	1B	FD	
200D	Philips US Imaging DD 113	1C	FD	
200D	Philips US Imaging DD 113	1D	UL	
200D	Philips US Imaging DD 113	1E	UL	
200D	Philips US Imaging DD 113	1F	FD	
200D	Philips US Imaging DD 113	20	FD	
200D	Philips US Imaging DD 113	21	FD	
200D	Philips US Imaging DD 113	22	UL	
200D	Philips US Imaging DD 113	24	UL	
200D	Philips US Imaging DD 113	25	UL	
200D	Philips US Imaging DD 113	26	UL	
200D	Philips US Imaging DD 113	27	UL	
200D	Philips US Imaging DD 113	28	UL	
200D	Philips US Imaging DD 113	31	UL	
200D	Philips US Private 3D	02	IS	Threedpr Echo Vision Setting
200D	Philips US Private 3D	03	IS	Threedpr Color Vision Setting
200D	Philips US Private 3D	04	IS	Threedpr Transparency
200D	Philips US Private 3D	06	FD	Threedpr Vision Vol Brightness
200D	Philips US Private 3D	08	IS	Threedpr Low Threshold
200D	Philips US Private 3D	09	IS	Threedpr Image Layout
200D	Philips US Private 3D	0A	IS	Threedpr Xres Filtering Enabled
200D	Philips US Private 3D	0B	IS	Threedpr Echo Twod Chroma Map Enabled
200D	Philips US Private 3D	0C	IS	Threedpr Box Outlined Enabled
200D	Philips US Private 3D	0D	IS	Threedpr Smoothing Enabled
200D	Philips US Private 3D	0E	IS	Threedpr Reference Graphic Enabled
200D	Philips US Private 3D	0F	IS	Threedpr Map Inverted
200D	Philips US Private 3D	10	IS	Threedpr Color Stream Display Enabled
200D	Philips US Private 3D	11	IS	Threedpr Echo Stream Display Enabled
200D	Philips US Private 3D	12	LO	Vdb Param Color 3d Estimate Scale(2)
200D	Philips US Private 3D	13	LO	Vdb Param Color 3d Estimate Apex Position (1)
200D	Philips US Private 3D	14	LO	Vdb Param Color 3d Estimate Color Offset
200D	Philips US Private 3D	15	LO	Vdb Param Echo 3d Estimate Dimension(2)
200D	Philips US Private 3D	16	SQ	Private Native Threed Data Sequence(1)
200D	Philips US Private 3D	17	IS	Threedpr Basic Vol Brightness
200D	Philips US Private 3D	18	LO	Vdb Param Echo 3d Estimate Apex Position (2)
200D	Philips US Private 3D	1A	IS	Threedpr Echo Smoothing
200D	Philips US Private 3D	1B	IS	Threedpr Color Smoothing
200D	Philips US Private 3D	1E	IS	Threedpr Num Completed Trim Planes
200D	Philips US Private 3D	1F	IS	Threedpr Depth
200D	Philips US Private 3D	20	SQ	Private Native Data Stream Array
200D	Philips US Private 3D	21	IS	Threedpr Wall Filter
200D	Philips US Private 3D	23	FD	Threedpr Baseline
200D	Philips US Private 3D	24	FD	Threedpr Gain
200D	Philips US Private 3D	25	FD	Threedpr Compress
200D	Philips US Private 3D	26	FD	Threedpr Light Brightness
200D	Philips US Private 3D	27	FD	Threedpr Elevation Scale Factor
200D	Philips US Private 3D	28	FD	Threedpr Zoom Factor
200D	Philips US Private 3D	29	FD	Threedpr Color Write Priority
200D	Philips US Private 3D	2A	FD	Threedpr Rotation Angle X
200D	Philips US Private 3D	2B	FD	Threedpr Rotation Angle Y
200D	Philips US Private 3D	2C	FD	Threedpr Data Voi Center
200D	Philips US Private 3D	2D	FD	Threedpr View Translation
200D	Philips US Private 3D	2E	FD	Threedpr Data Voi Min Point
200D	Philips US Private 3D	2F	FD	Threedpr Data Voi Max Point
200D	Philips US Private 3D	30	FD	Threedpr Box Crop Min Point
200D	Philips US Private 3D	31	FD	Threedpr Box Crop Max Point
200D	Philips US Private 3D	32	FD	Threedpr Mpr Rotation Matrix
200D	Philips US Private 3D	33	FD	Threedpr Vol Rotation Matrix
200D	Philips US Private 3D	34	FD	Threedpr Trim Plane Equation
200D	Philips US Private 3D	35	IS	Threedpr Subpage Data Version
200D	Philips US Private 3D	36	IS	Threedpr Is Arbitrary Crop
200D	Philips US Private 3D	37	IS	Threedpr Arbitrary Crop Dist From Center
200D	Philips US Private 3D	38	FD	Threedpr Arbitrary Crop Rotation Matrix
200D	Philips US Private 3D	39	FD	Threedpr Color Gain
200D	Philips US Private 3D	40	IS	Threedpr Color Wall Filter Index
200D	Philips US Private 3D	41	IS	Threedpr Cursor Enabled
200D	Philips US Private 3D	42	IS	Threedpr Bondbox Graphic Enabled
2011	FDMS 1.0	00	CS	Trim Density
2011	FDMS 1.0	01	IS	Trim Width
2011	FDMS 1.0	02	CS	Image Mag./Reduc. Range
2011	FDMS 1.0	10	CS	Image Display Format
2011	FDMS 1.0	11	CS	ImagePosition
2011	FDMS 1.0	20	OW	Interpolation A-VRS System Format
2013	BioClinicaImaging	10	LO	Custom Storage Version
2013	BioClinicaImaging	11	ST	Custom Storage Former Filename
2013	BioClinicaImaging	12	LO	Custom Storage Mime-Type
2013	BioClinicaImaging	13	UL	Custom Storage File Length
2013	BioClinicaImaging	16	ST	Custom Storage Information Description
2013	BioClinicaImaging	17	UL	Custom Storage Number Of Segments
2013	BioClinicaImaging	18	IS	Custom Storage Last Byte Padded
2013	BioClinicaImagingSegmentGroup	01	OB	Custom Storage Segment Blob #1
2013	BioClinicaImagingSegmentGroup	02	OB	Custom Storage Segment Blob #2
2013	BioClinicaImagingSegmentGroup	03	OB	Custom Storage Segment Blob #3
2013	BioClinicaImagingSegmentGroup	04	OB	Custom Storage Segment Blob #4
2013	BioClinicaImagingSegmentGroup	05	OB	Custom Storage Segment Blob #5
2013	BioClinicaImagingSegmentGroup	06	OB	Custom Storage Segment Blob #6
2013	BioClinicaImagingSegmentGroup	07	OB	Custom Storage Segment Blob #7
2013	BioClinicaImagingSegmentGroup	08	OB	Custom Storage Segment Blob #8
2013	BioClinicaImagingSegmentGroup	09	OB	Custom Storage Segment Blob #9
2013	BioDICOMizer	10	LO	Custom Storage Version
2013	BioDICOMizer	11	ST	Custom Storage Former Filename
2013	BioDICOMizer	12	LO	Custom Storage Mime-Type
2013	BioDICOMizer	13	UL	Custom Storage File Length
2013	BioDICOMizer	16	ST	Custom Storage Information Description
2013	BioDICOMizer	17	UL	Custom Storage Number Of Segments
2013	BioDICOMizer	18	IS	Custom Storage Last Byte Padded
2111	Viztek OPALRAD PrivateGroup	10	UT	XML annotations
2213	Clario	01	UT	AES tag
2213	Clario	02	LO	PX version
2213	Clario	03	LO	Mask Name
3001	Philips3D	01	UL	Number of Time Phases
3001	Philips3D	02	US	Physical Units Z Direction
3001	Philips3D	03	FD	Physical Delta Z
3001	Philips3D	04	UI	?UID?
3005	MDS NORDION OTP ANATOMY MODELLING	00	SQ	
3005	MDS NORDION OTP ANATOMY MODELLING	02	CS	
3005	MDS NORDION OTP ANATOMY MODELLING	04	DS	
3005	MDS NORDION OTP ANATOMY MODELLING	06	DS	
3005	MDS NORDION OTP ANATOMY MODELLING	08	DS	
3005	MDS NORDION OTP ANATOMY MODELLING	0A	CS	
3005	MDS NORDION OTP ANATOMY MODELLING	0C	CS	
3005	MDS NORDION OTP ANATOMY MODELLING	0E	CS	
3005	MDS NORDION OTP ANATOMY MODELLING	10	DS	
3005	MDS NORDION OTP ANATOMY MODELLING	12	DS	
300B	IMPAC	02	FL	
300B	IMPAC	04	FL	
300B	IMPAC	0E	FL	
3033	CEMAX-ICON	00	CS	Study Priority Status
3101	AMI Annotations_01	00	UL	Group Length 3101
3101	AMI Annotations_01	10	SQ	AMI Annotation Sequence (RET)
3101	AMI Annotations_02	20	SQ	AMI Annotation Sequence (RET)
3103	AMI Sequence Annotations_01	00	UL	Group Length 3103
3103	AMI Sequence Annotations_01	10	CS	AMI Annotation Sequence (RET)
3103	AMI Sequence Annotations_01	20	UI	AMI Annotation UID (RET)
3103	AMI Sequence Annotations_01	30	US	AMI Annotation Color (RET)
3103	AMI Sequence Annotations_01	40	FD	FontSize
3103	AMI Sequence Annotations_01	50	CS	AMI Annotation Line Style (RET)
3103	AMI Sequence Annotations_01	60	SQ	AMI Annotation Elements (RET)
3103	AMI Sequence Annotations_01	70	SH	AMI Annotation Label (RET)
3103	AMI Sequence Annotations_01	80	PN	AMI Annotation Creator (RET)
3103	AMI Sequence Annotations_01	90	PN	AMI Annotation Modifiers (RET)
3103	AMI Sequence Annotations_01	A0	DA	AMI Annotation Creation Date (RET)
3103	AMI Sequence Annotations_01	B0	TM	AMI Annotation Creation Time (RET)
3103	AMI Sequence Annotations_01	C0	DA	AMI Annotation Modification Dates (RET)
3103	AMI Sequence Annotations_01	D0	TM	AMI Annotation Modification Times (RET)
3103	AMI Sequence Annotations_01	E0	US	AMI Annotation Frame Number (RET)
3103	AMI Sequence Annotations_02	10	CS	AMI Annotation Sequence (RET)
3103	AMI Sequence Annotations_02	20	UI	AMI Annotation UID (RET)
3103	AMI Sequence Annotations_02	30	US	AMI Annotation Color (RET)
3103	AMI Sequence Annotations_02	50	CS	AMI Annotation Line Style (RET)
3103	AMI Sequence Annotations_02	60	SQ	AMI Annotation Elements (RET)
3103	AMI Sequence Annotations_02	70	SH	AMI Annotation Label (RET)
3103	AMI Sequence Annotations_02	80	PN	AMI Annotation Creator (RET)
3103	AMI Sequence Annotations_02	90	PN	AMI Annotation Modifiers (RET)
3103	AMI Sequence Annotations_02	A0	DA	AMI Annotation Creation Date (RET)
3103	AMI Sequence Annotations_02	B0	TM	AMI Annotation Creation Time (RET)
3103	AMI Sequence Annotations_02	C0	DA	AMI Annotation Modification Dates (RET)
3103	AMI Sequence Annotations_02	D0	TM	AMI Annotation Modification Times (RET)
3103	AMI Sequence Annotations_02	E0	US	AMI Annotation Frame Number (RET)
3105	AMI Sequence AnnotElements_01	00	UL	Group Length 3105
3105	AMI Sequence AnnotElements_01	10	DS	AMI Annotation Element Position
3105	AMI Sequence AnnotElements_01	20	LT	AMI Annotation Element Text
3107	AMI ImageContextExt_01	A0	CS	AMI Window Function (RET)
3107	AMI ImageContextExt_01	B0	DS	AMI Window Slope (RET)
3107	AMI ImageTransform_01	00	UL	Group Length 3107
3107	AMI ImageTransform_01	10	DS	AMI Transformation Matrix (RET)
3107	AMI ImageTransform_01	20	DS	AMI Center Offset (RET)
3107	AMI ImageTransform_01	30	DS	AMI Magnification (RET)
3107	AMI ImageTransform_01	40	CS	AMI Magnification Type (RET)
3107	AMI ImageTransform_01	50	DS	AMI Displayed Area (RET)
3107	AMI ImageTransform_01	60	DS	AMI Calibration Factor (RET)
3109	AMI ImageContext_01	10	CS	AMI Window Invert (RET)
3109	AMI ImageContext_01	20	IS	AMI Window Center (RET)
3109	AMI ImageContext_01	30	IS	AMI Window Widith (RET)
3109	AMI ImageContext_01	40	CS	AMI Pixel Aspect Ratio Swap (RET)
3109	AMI ImageContext_01	50	CS	AMI Enable Averaging (RET)
3109	AMI ImageContext_01	60	CS	AMI Quality (RET)
3109	AMI ImageContext_01	70	CS	AMI Viewport Annotation Level (RET)
3109	AMI ImageContext_01	80	CS	AMI Show Image Annotation (RET)
3109	AMI ImageContext_01	90	CS	AMI Show Image Overlay (RET)
3109	Applicare/RadWorks/Version 5.0	00	UL	Group Length 3109
3109	Applicare/RadWorks/Version 5.0	01	ST	<internal
3109	Applicare/RadWorks/Version 5.0	02	SH	NEW/SEEN Status
3109	Applicare/RadWorks/Version 5.0	03	CS	Delete Lock
3109	Applicare/RadWorks/Version 5.0	04	CS	<internal
3109	Applicare/RadWorks/Version 5.0	05	CS	<internal
3109	Applicare/RadWorks/Version 5.0	06	CS	<internal
3109	Applicare/RadWorks/Version 5.0	07	UL	<internal
3109	Applicare/RadWorks/Version 5.0	08	LO	Receive Origin
3109	Applicare/RadWorks/Version 5.0	09	LO	Folder
3109	Applicare/RadWorks/Version 5.0	0A	DA	Receive Date
3109	Applicare/RadWorks/Version 5.0	0B	TM	Receive Time
3109	Applicare/RadWorks/Version 5.0	0C	CS	Prior
3109	Applicare/RadWorks/Version 5.0	0D	CS	STAT Study
3109	Applicare/RadWorks/Version 5.0	0E	CS	<internal
3109	Applicare/RadWorks/Version 5.0	10	CS	<internal
3109	Applicare/RadWorks/Version 5.0	11	LO	<internal
3109	Applicare/RadWorks/Version 5.0	12	LO	<internal
3109	Applicare/RadWorks/Version 5.0	13	DA	<internal
3109	Applicare/RadWorks/Version 5.0	14	TM	<internal
3109	Applicare/RadWorks/Version 5.0	19	LO	<internal
3109	Applicare/RadWorks/Version 5.0	20	UI	<internal
3109	Applicare/RadWorks/Version 5.0	21	CS	<internal
3109	Applicare/RadWorks/Version 5.0	22	AE	<internal
3109	Applicare/RadWorks/Version 5.0	23	US	<internal
3109	Applicare/RadWorks/Version 5.0	24	LO	<internal
3109	Applicare/RadWorks/Version 5.0	25	LO	<internal
3109	Applicare/RadWorks/Version 5.0	26	UI	<internal
3109	Applicare/RadWorks/Version 5.0	27	SQ	<internal
3109	Applicare/RadWorks/Version 5.0	28	LO	<internal
3109	Applicare/RadWorks/Version 5.0	29	LO	<internal
3109	Applicare/RadWorks/Version 5.0	2A	LO	Send Flag
3109	Applicare/RadWorks/Version 5.0	2B	LO	Print Flag
3109	Applicare/RadWorks/Version 5.0	2C	LO	Archive Flag
3109	Applicare/RadWorks/Version 5.0	30	LO	<internal
3109	Applicare/RadWorks/Version 5.0	31	CS	<internal
3109	Applicare/RadWorks/Version 5.0	32	CS	<internal
3109	Applicare/RadWorks/Version 5.0	33	CS	Request Storage Commitment
3109	Applicare/RadWorks/Version 5.0	34	CS	Requested Compression
3109	Applicare/RadWorks/Version 5.0	35	SQ	<internal
3109	Applicare/RadWorks/Version 5.0	36	LO	<internal
3109	Applicare/RadWorks/Version 5.0	37	UI	<internal
3109	Applicare/RadWorks/Version 5.0	38	SH	<internal
3109	Applicare/RadWorks/Version 5.0	39	SH	<internal
3109	Applicare/RadWorks/Version 5.0	40	IS	<internal
3109	Applicare/RadWorks/Version 5.0	41	CS	<internal
3109	Applicare/RadWorks/Version 5.0	42	CS	<internal
3109	Applicare/RadWorks/Version 5.0	43	CS	Archive Status
3109	Applicare/RadWorks/Version 5.0	EE	UI	<internal
3109	Applicare/RadWorks/Version 5.0	EF	CS	<internal
3109	Applicare/RadWorks/Version 6.0/Summary	11	ST	Receive Origin Description
3109	Applicare/RadWorks/Version 6.0/Summary	12	ST	Receive Origin Description
3111	AMI StudyExtensions_01	01	UL	AMI Last Released Annot Label (RET)
3111	RadWorksTBR	02	CS	AMI Compression Type (RET)
3111	RadWorksTBR	FF	SQ	<internal
3113	Applicare/RadStore/Version 1.0	00	UL	Group Length 3113
3113	Applicare/RadStore/Version 1.0	01	SL	OBSOLETE
3113	Applicare/RadStore/Version 1.0	02	SL	Id1
3113	Applicare/RadStore/Version 1.0	03	SL	Id2
3113	Applicare/RadStore/Version 1.0	04	SL	Id3
3113	Applicare/RadStore/Version 1.0	11	LO	OBSOLETE
3113	Applicare/RadStore/Version 1.0	12	CS	State
3113	Applicare/RadStore/Version 1.0	13	DT	DateLastModified
3113	Applicare/RadStore/Version 1.0	14	DT	DateLastAccessed
3113	Applicare/RadStore/Version 1.0	15	CS	OBSOLETE
3113	Applicare/RadStore/Version 1.0	16	FD	ByteSize
3113	Applicare/RadStore/Version 1.0	17	LO	LibraryId
3113	Applicare/RadStore/Version 1.0	18	LO	Pathnames
3113	Applicare/RadStore/Version 1.0	19	LO	DriverPath
3113	Applicare/RadStore/Version 1.0	1A	LO	Source
3113	Applicare/RadStore/Version 1.0	1B	LO	Destination
3113	Applicare/RadStore/Version 1.0	1C	SL	MediumId
3113	Applicare/RadStore/Version 1.0	1D	LO	ArchiveId
3113	Applicare/RadStore/Version 1.0	1E	LO	Origin
3113	Applicare/RadStore/Version 1.0	21	SL	Version
3113	Applicare/RadStore/Version 1.0	22	SL	OBSOLETE
3113	Applicare/RadStore/Version 1.0	23	ST	InstanceFileLocation
3113	Applicare/RadStore/Version 1.0	31	IS	OBSOLETE
3113	Applicare/RadStore/Version 1.0	32	IS	OBSOLETE
3113	Applicare/RadStore/Version 1.0	33	IS	OBSOLETE
3113	Applicare/RadStore/Version 1.0	35	LO	ImageMediumLocation
3113	Applicare/RadStore/Version 1.0	36	LO	ImageMediumLabel
3113	Applicare/RadStore/Version 1.0	37	CS	ImageMediumState
3113	Applicare/RadStore/Version 1.0	38	LO	SeriesMediumLocation
3113	Applicare/RadStore/Version 1.0	39	LO	SeriesMediumLabel
3113	Applicare/RadStore/Version 1.0	3A	CS	SeriesMediumState
3113	Applicare/RadStore/Version 1.0	3B	LO	StudyMediumLocation
3113	Applicare/RadStore/Version 1.0	3C	LO	StudyMediumLabel
3113	Applicare/RadStore/Version 1.0	3D	CS	StudyMediumState
3113	Applicare/RadStore/Version 1.0	52	CS	StudyState
3113	Applicare/RadStore/Version 1.0	53	CS	SeriesState
3113	Applicare/RadStore/Version 1.0	55	CS	ImageStateText
3113	Applicare/RadStore/Version 1.0	56	CS	SeriesStateText
3113	Applicare/RadStore/Version 1.0	57	CS	StudyStateText
3113	Applicare/RadStore/Version 1.0	60	DT	Expiration
3113	Applicare/RadStore/Version 1.0	69	AT	DeletedTags
3113	Applicare/Workflow/Version 1.0	01	CS	<internal
3113	Applicare/Workflow/Version 1.0	10	SH	<internal
3113	Applicare/Workflow/Version 1.0	11	SH	<internal
3113	Applicare/Workflow/Version 1.0	12	LO	<internal
3113	Applicare/Workflow/Version 1.0	15	SH	<internal
3113	Applicare/Workflow/Version 1.0	16	SH	<internal
3113	Applicare/Workflow/Version 1.0	17	LO	<internal
3113	Applicare/Workflow/Version 1.0	20	SH	<internal
3113	Applicare/Workflow/Version 1.0	21	SH	<internal
3113	Applicare/Workflow/Version 1.0	22	LO	<internal
3113	Applicare/Workflow/Version 1.0	25	SH	<internal
3113	Applicare/Workflow/Version 1.0	26	SH	<internal
3113	Applicare/Workflow/Version 1.0	27	LO	<internal
3113	Applicare/Workflow/Version 1.0	30	UI	<internal
3113	Applicare/Workflow/Version 1.0	31	UI	<internal
3113	Applicare/Workflow/Version 1.0	E0	CS	<internal
3113	Applicare/Workflow/Version 1.0	E1	CS	<internal
3113	Applicare/Workflow/Version 1.0	E2	CS	<internal
3115	http://www.gemedicalsystems.com/it_solutions/rad_pacs/	00	UL	Group Length 3115
3115	http://www.gemedicalsystems.com/it_solutions/rad_pacs/	01	UT	Reference to pacs study
3115	http://www.gemedicalsystems.com/it_solutions/rad_pacs/	02	UT	Reference to pacs image
3115	http://www.gemedicalsystems.com/it_solutions/rad_pacs/	03	CS	Pacs examnotes flag
3117	http://www.gemedicalsystems.com/it_solutions/orthoview/2.1	10	DT	OrthoView Session Date/Time
3117	http://www.gemedicalsystems.com/it_solutions/orthoview/2.1	20	PN	OrthoView Session Creator
3117	http://www.gemedicalsystems.com/it_solutions/orthoview/2.1	30	CS	OrthoView Session Completion Flag
3117	http://www.gemedicalsystems.com/it_solutions/orthoview/2.1	40	SQ	OrthoView File Sequence
3117	http://www.gemedicalsystems.com/it_solutions/orthoview/2.1	50	ST	OrthoView File Name
3117	http://www.gemedicalsystems.com/it_solutions/orthoview/2.1	60	OB	OrthoView File Content
3129	RamSoft Race Identifier	10	LO	
3253	Varian Medical Systems VISION 3253	00	OB	Extended Interface Data
3253	Varian Medical Systems VISION 3253	01	IS	Extended Interface Length
3253	Varian Medical Systems VISION 3253	02	LO	Extended Interface Format
3273	BrainLAB_PatientSetup	00	DS	Isocenter Position
3273	BrainLAB_PatientSetup	01	CS	Patient Position
3273	Varian Medical Systems VISION 3273	00	DS	RT Image Isocenter Position
3273	Varian Medical Systems VISION 3273	01	CS	RT Image Patient Position
3411	BrainLAB_BeamProfile	00	UL	Group Length 3411
3411	BrainLAB_BeamProfile	01	SQ	Beam Profile Sequence
3411	BrainLAB_BeamProfile	02	IS	Beam Profile Number
3411	BrainLAB_BeamProfile	03	SQ	Beam Parameter Sequence
3411	BrainLAB_BeamProfile	04	UT	Parameter Description
3411	BrainLAB_BeamProfile	05	OB	Parameter Data
3411	BrainLAB_BeamProfile	06	IS	Referenced Beam Profile Number
3711	A.L.I. Technologies, Inc.	00	UL	Group Length 3711
3711	A.L.I. Technologies, Inc.	01	LO	Filename
3711	A.L.I. Technologies, Inc.	02	OB	Data Blob of a Visit
3711	A.L.I. Technologies, Inc.	03	US	Revision Number
3711	A.L.I. Technologies, Inc.	04	UL	Unix Timestamp
3711	A.L.I. Technologies, Inc.	05	IS	Bag ID
3711	A.L.I. Technologies, Inc.	0C	UI	Original Study UID
3711	A.L.I. Technologies, Inc.	0D	US	Overlay Grayscale Value
3711	A.L.I. Technologies, Inc.	0E	CS	Anonymization Status
3F01	INTELERAD MEDICAL SYSTEMS	00	UL	Group Length 3f01
3F01	INTELERAD MEDICAL SYSTEMS	01	LO	InstitutionCode
3F01	INTELERAD MEDICAL SYSTEMS	02	LO	RoutedTransferAE
3F01	INTELERAD MEDICAL SYSTEMS	03	LO	SourceAE
3F01	INTELERAD MEDICAL SYSTEMS	04	SH	DeferredValidation
3F01	INTELERAD MEDICAL SYSTEMS	05	LO	SeriesOwner
3F01	INTELERAD MEDICAL SYSTEMS	06	LO	OrderGroupNumber
3F01	INTELERAD MEDICAL SYSTEMS	07	SH	StrippedPixelData
3F01	INTELERAD MEDICAL SYSTEMS	08	SH	PendingMoveRequest
3F01	INTELERAD MEDICAL SYSTEMS	09	LO	Dicom Premap Sites
3F01	INTELERAD MEDICAL SYSTEMS	0A	DA	Association Date
3F01	INTELERAD MEDICAL SYSTEMS	0B	TM	Association Time
3F01	INTELERAD MEDICAL SYSTEMS	0C	SH	Use Source AE
3F01	INTELERAD MEDICAL SYSTEMS	0E	SH	Relay to AE
3F01	INTELERAD MEDICAL SYSTEMS	0F	SH	ImsMoveRequestRedirectionCount
3F01	INTELERAD MEDICAL SYSTEMS	10	LO	ImsPostFix to AccessionNumber
3F01	INTELERAD MEDICAL SYSTEMS	11	US	Count of tags present when CTN wrote the file
3F01	INTELERAD MEDICAL SYSTEMS	12	UL	Association Epoch In Seconds
3F01	INTELERAD MEDICAL SYSTEMS	13	LO	
3F01	INTELERAD MEDICAL SYSTEMS	14	LO	
3F01	INTELERAD MEDICAL SYSTEMS	1D	LO	
3F03	INTELERAD MEDICAL SYSTEMS	01	SQ	Attribute History
3F03	INTELERAD MEDICAL SYSTEMS	02	DT	Change Timestamp
3F03	INTELERAD MEDICAL SYSTEMS	03	LO	Change initiator
3F03	INTELERAD MEDICAL SYSTEMS	04	ST	Change explanation
3F05	INTELERAD MEDICAL SYSTEMS INTELEVIEWER	01	LO	InteleViewer Source Name
3F05	INTELERAD MEDICAL SYSTEMS INTELEVIEWER	02	LO	Preview Image Id
3F0F	INTELERAD MEDICAL SYSTEMS INTELEVIEWER	01	US	InteleViewer Advanced Visualization Presentation Bin Size
3F0F	INTELERAD MEDICAL SYSTEMS INTELEVIEWER	02	SQ	InteleViewer Advanced Visualization Presentation Bin
3F0F	INTELERAD MEDICAL SYSTEMS INTELEVIEWER	03	LO	InteleViewer Advanced Visualization RenderType
3F0F	INTELERAD MEDICAL SYSTEMS INTELEVIEWER	04	FD	InteleViewer Advanced Visualization Row Vector
3F0F	INTELERAD MEDICAL SYSTEMS INTELEVIEWER	05	FD	InteleViewer Advanced Visualization Column Vector
3F0F	INTELERAD MEDICAL SYSTEMS INTELEVIEWER	06	FD	InteleViewer Advanced Visualization Slab Thickness
3F0F	INTELERAD MEDICAL SYSTEMS INTELEVIEWER	07	LO	InteleViewer Advanced Visualization Original Dataset Series UID
3F0F	INTELERAD MEDICAL SYSTEMS INTELEVIEWER	08	LO	InteleViewer Advanced Visualization Transfer Function Type
3F0F	INTELERAD MEDICAL SYSTEMS INTELEVIEWER	09	LO	InteleViewer Advanced Visualization Source Dataset Sub Volume First SOP UID
3F0F	INTELERAD MEDICAL SYSTEMS INTELEVIEWER	10	LO	InteleViewer Advanced Visualization Source Dataset Sub Volume Last SOP UID
3F0F	INTELERAD MEDICAL SYSTEMS INTELEVIEWER	11	LO	InteleViewer Advanced Visualization Sub volume creation algorithm
3F0F	INTELERAD MEDICAL SYSTEMS INTELEVIEWER	12	US	InteleViewer Advanced Visualization Number of images in Sub volume
4001	Philips Imaging DD 067	00	SQ	
4001	Philips Imaging DD 067	01	CS	
4001	Philips Imaging DD 067	08	CS	
4001	Philips Imaging DD 070	10	SQ	
4001	Philips Imaging DD 070	11	SQ	
4001	Philips Imaging DD 070	12	SQ	
4001	Philips Imaging DD 070	16	ST	
4001	Philips Imaging DD 070	17	ST	
4001	Philips Imaging DD 070	18	ST	
4001	Philips Imaging DD 070	1C	SQ	
4001	Philips Imaging DD 070	1D	LT	
4007	Philips Imaging DD 065	00	CS	
4007	Philips Imaging DD 073	48	FL	
4009	SIEMENS ISI	00	UL	Group Length 4009
4009	SIEMENS ISI	01	LT	ReportID
4009	SIEMENS ISI	20	LT	ReportStatus
4009	SIEMENS ISI	30	DA	ReportCreationDate
4009	SIEMENS ISI	70	LT	ReportApprovingPhysician
4009	SIEMENS ISI	E0	LT	ReportText
4009	SIEMENS ISI	E1	LT	ReportAuthor
4009	SIEMENS ISI	E2	PN	Report Transcriber
4009	SIEMENS ISI	E3	LT	ReportingRadiologist
4101	Applicare/Print/Version 5.1	01	UL	<internal
4101	Applicare/Print/Version 5.1	02	SQ	<internal
4101	Applicare/Print/Version 5.1	03	LO	<internal
4101	Applicare/Print/Version 5.1	04	UL	<internal
4101	Applicare/Print/Version 5.1	05	FD	<internal
4101	Applicare/Print/Version 5.1	06	US	<internal
4101	Applicare/Print/Version 5.1	07	US	<internal
4101	Applicare/Print/Version 5.1	08	US	<internal
4101	Applicare/Print/Version 5.1	09	US	<internal
4103	Applicare/RadWorks/Version 6.0	00	UL	Group Length 4103
4103	Applicare/RadWorks/Version 6.0	01	AT	Internal: non-existent tags
4103	Applicare/RadWorks/Version 6.0	02	UI	Internal: non-existent objects
4105	Applicare/RadWorks/Version 6.0	00	UL	Group Length 4105
4105	Applicare/RadWorks/Version 6.0	01	CS	Annotation Type
4105	Applicare/RadWorks/Version 6.0	02	DS	Annotation Value
4105	Applicare/RadWorks/Version 6.0	03	UI	Cutline Image UID
4105	Applicare/RadWorks/Version 6.0	04	UI	Cutline Set UID
4105	Applicare/RadWorks/Version 6.0	05	US	Annotation Color
4105	Applicare/RadWorks/Version 6.0	06	CS	Annotation Line Style
4105	Applicare/RadWorks/Version 6.0	07	SH	Annotation Label
4105	Applicare/RadWorks/Version 6.0	08	PN	Annotation Creator
4105	Applicare/RadWorks/Version 6.0	09	DA	Annotation Creation Date
4105	Applicare/RadWorks/Version 6.0	0A	TM	Annotation Creation Time
4105	Applicare/RadWorks/Version 6.0	0B	SQ	Annotation Modification Sequence
4105	Applicare/RadWorks/Version 6.0	0C	PN	Annotation Modifier
4105	Applicare/RadWorks/Version 6.0	0D	DA	Annotation Modification Date
4105	Applicare/RadWorks/Version 6.0	0E	TM	Annotation Modification Time
4105	Applicare/RadWorks/Version 6.0	0F	LO	Palette Color LUT Name
4105	Applicare/RadWorks/Version 6.0	10	US	Annotation Number
4107	Applicare/RadWorks/Version 6.0	00	UL	Group Length 4107
4107	Applicare/RadWorks/Version 6.0	01	SQ	Requested Palette Color LUT (GSPS)
4109	Applicare/Centricity Radiology Web/Version 1.0	01	SH	Mammography Laterality
4109	Applicare/Centricity Radiology Web/Version 1.0	02	SH	Mammography View Name
4109	Applicare/Centricity Radiology Web/Version 1.0	03	SH	Mammography View Modifier
4111	Applicare/Centricity Radiology Web/Version 2.0	01	CS	Secondary Spine Label
4111	Applicare/Centricity Radiology Web/Version 2.0	02	IS	Additional tags for Presentation State
4113	GEMS-IT/Centricity RA600/7.0	10	UI	Number of images in study
4321	Imaging Dynamics Company Ltd.	41	CS	
4321	Imaging Dynamics Company Ltd.	42	US	
4321	Imaging Dynamics Company Ltd.	50	DS	Custom Tag
4321	Imaging Dynamics Company Ltd.	51	DS	Custom Tag
4321	Imaging Dynamics Company Ltd.	64	LO	Custom Tag
4453	DR Systems, Inc.	00	LO	?kind of identifier?
4453	DR Systems, Inc.	01	LO	DR Exam ID
4453	DR Systems, Inc.	02	LO	DR Image Type
4453	DR Systems, Inc.	04	LO	DR File Type
4453	DR Systems, Inc.	05	LO	DR File Suffix
4453	DR Systems, Inc.	0C	SQ	DR Original Instance UID Sequence
4453	DR Systems, Inc.	0D	PN	
4453	DR Systems, Inc.	0E	DA	
4453	DR Systems, Inc.	0F	CS	
4453	DR Systems, Inc.	10	LO	
4453	DR Systems, Inc.	11	DA	
4453	DR Systems, Inc.	12	TM	
4453	DR Systems, Inc.	13	LO	
4D4D	GDCM CONFORMANCE TESTS	01	SQ	Array Container Sequence
4D4D	GDCM CONFORMANCE TESTS	02	OB	0 Filled Array
5001	ELSCINT1	00	UL	Group Length 5001
5001	ELSCINT1	70	SQ	
5001	ELSCINT1	71	SH	
5001	ELSCINT1	80	SQ	
5001	ELSCINT1	81	SH	
5001	ELSCINT1	82	US	
5001	ELSCINT1	83	FL	
5001	ELSCINT1	84	SQ	
5001	GEMS_GENIE_1	01	SL	Modified
5001	GEMS_GENIE_1	02	LO	Name
5001	GEMS_GENIE_1	03	SL	Cid
5001	GEMS_GENIE_1	04	SL	Srid
5001	GEMS_GENIE_1	05	LO	SOPClassUID
5001	GEMS_GENIE_1	06	LO	SOPInstanceUID
5001	GEMS_GENIE_1	07	SL	CurveType
5001	GEMS_GENIE_1	08	SL	GraphType
5001	GEMS_GENIE_1	09	LO	Legend
5001	GEMS_GENIE_1	0A	LO	XUnits
5001	GEMS_GENIE_1	0B	LO	YUnits
5001	GEMS_GENIE_1	0C	SL	Edit
5001	GEMS_GENIE_1	0D	SL	Suspend
5001	GEMS_GENIE_1	0E	SL	StyleLine
5001	GEMS_GENIE_1	0F	SL	StyleFill
5001	GEMS_GENIE_1	10	LO	StyleColour
5001	GEMS_GENIE_1	11	SL	StyleWidth
5001	GEMS_GENIE_1	12	SL	StylePoint
5001	GEMS_GENIE_1	13	LO	StylePColour
5001	GEMS_GENIE_1	14	SL	StylePSize
5001	GEMS_GENIE_1	15	SL	Segments
5001	GEMS_GENIE_1	16	SL	SegType
5001	GEMS_GENIE_1	17	FD	SegStart
5001	GEMS_GENIE_1	18	FD	SegEnd
5001	GEMS_GENIE_1	19	SL	SegStyleLine
5001	GEMS_GENIE_1	1A	SL	SegStyleFill
5001	GEMS_GENIE_1	1B	LO	SegStyleColour
5001	GEMS_GENIE_1	1C	SL	SegStyleWidth
5001	GEMS_GENIE_1	1D	SL	SegStylePoint
5001	GEMS_GENIE_1	1E	SL	SegStylePColour
5001	GEMS_GENIE_1	1F	SL	SegStylePSize
5001	GEMS_GENIE_1	20	LO	SegName
5001	GEMS_GENIE_1	21	SL	SegAllowDirInt
5001	GEMS_GENIE_1	22	SL	TextAnnots
5001	GEMS_GENIE_1	23	FD	TxtX
5001	GEMS_GENIE_1	24	FD	TxtY
5001	GEMS_GENIE_1	25	LO	TxtText
5001	GEMS_GENIE_1	26	LO	TxtName
5001	GEMS_GENIE_1	30	LO	ROIName
5001	GEMS_GENIE_1	31	LO	DerivedFromImageUID
5001	GEMS_GENIE_1	32	SL	DerivedFromImages
5001	GEMS_GENIE_1	33	UL	CurveFlags
5001	GEMS_GENIE_1	34	LO	CurveName
5001	GEMS_GENIE_1	35	LO	DatasetName
5001	GEMS_GENIE_1	36	LO	CurveUID
5001	GEMS_GENIE_1	37	FD	ROIArea
5001	GEMS_GENIE_1	38	SL	Modified
5001	GEMS_GENIE_1	39	LO	Name
5001	GEMS_GENIE_1	3A	LO	Software version
5001	GEMS_GENIE_1	3B	SH	StartDate
5001	GEMS_GENIE_1	3C	SH	CompletionDate
5001	GEMS_GENIE_1	3D	LO	DetectorName
5001	GEMS_GENIE_1	41	SL	Modified
5001	GEMS_GENIE_1	42	LO	Name
5001	GEMS_GENIE_1	43	SL	Name
5001	GEMS_GENIE_1	44	SL	Name
5001	GEMS_GENIE_1	45	LO	SOPClassUID
5001	GEMS_GENIE_1	46	LO	SOPInstanceUID
5001	GEMS_GENIE_1	47	LO	NormalColor
5001	GEMS_GENIE_1	48	LT	NameFont
5001	GEMS_GENIE_1	49	SL	FillPattern
5001	GEMS_GENIE_1	4A	SL	LineStyle
5001	GEMS_GENIE_1	4B	SL	LineDashLength
5001	GEMS_GENIE_1	4C	SL	LineThickness
5001	GEMS_GENIE_1	4D	SL	Interactivity
5001	GEMS_GENIE_1	4E	SL	NamePos
5001	GEMS_GENIE_1	4F	SL	NameDisplay
5001	GEMS_GENIE_1	50	LO	Label
5001	GEMS_GENIE_1	51	SL	BpSeg
5001	GEMS_GENIE_1	52	US	BpSegPairs
5001	GEMS_GENIE_1	53	SL	SeedSpace
5001	GEMS_GENIE_1	54	FD	Seeds
5001	GEMS_GENIE_1	55	SL	Shape
5001	GEMS_GENIE_1	56	FD	ShapeTilt
5001	GEMS_GENIE_1	59	SL	ShapePtsSpace
5001	GEMS_GENIE_1	5A	SL	ShapeCtrlPtsCounts
5001	GEMS_GENIE_1	5B	FD	ShapeCtrlPts
5001	GEMS_GENIE_1	5C	SL	ShapeCPSpace
5001	GEMS_GENIE_1	5D	SL	ROIFlags
5001	GEMS_GENIE_1	5E	SL	FrameNumber
5001	GEMS_GENIE_1	5F	SL	Id
5001	GEMS_GENIE_1	60	LO	DatasetROIMapping
5001	GEMS_PETD_01	01	UI	GE Advance Curve.curve_id
5001	GEMS_PETD_01	02	SH	GE Advance Curve.compatible_version
5001	GEMS_PETD_01	03	SH	GE Advance Curve.software_version
5001	GEMS_PETD_01	04	SL	GE Advance Curve.statistics_type
5001	GEMS_PETD_01	05	LT	GE Advance Curve.how_derived
5001	GEMS_PETD_01	06	SL	GE Advance Curve.how_derived_size
5001	GEMS_PETD_01	07	SL	GE Advance Curve.multi_patient
5001	GEMS_PETD_01	08	SL	GE Advance Curve.deadtime
5001	SIEMENS MED	01	SS	
5001	SIEMENS MED	02	SL	
5001	SIEMENS MED	03	SL	
5001	SIEMENS MED	04	SL	
5001	SIEMENS MED	05	SL	
5001	SIEMENS MED	06	SL	
5001	SIEMENS MED	07	ST	
5001	SIEMENS MED	08	ST	
5001	SIEMENS MED	09	ST	
5001	SIEMENS MED	0A	ST	
5001	SIEMENS MED	0B	SL	
5001	SIEMENS MED NM	02	SL	Number of Points
5001	SIEMENS MED NM	03	FL	Minimal Value on X-Axis
5001	SIEMENS MED NM	04	FL	Maximal Value on X-Axis
5001	SIEMENS MED NM	05	FL	Minimal Value on Y-Axis
5001	SIEMENS MED NM	06	FL	Maximal Value on Y-Axis
5001	SIEMENS MED NM	07	LO	Curve Name
5001	SIEMENS MED NM	08	LO	Curve Function Label
5001	SIEMENS MED NM	09	SH	X Axis Label
5001	SIEMENS MED NM	0A	SH	Y Axis Label
5001	SIEMENS MED NM	0B	OW	Curve Data
5003	GEMS_PETD_01	00	UL	Group Length 5003
5003	GEMS_PETD_01	01	SQ	GE Advance Graph Sequence
5003	GEMS_PETD_01	02	UI	GE Advance Graph.graph_id
5003	GEMS_PETD_01	03	SH	GE Advance Graph.compatible_version
5003	GEMS_PETD_01	04	SH	GE Advance Graph.software_version
5003	GEMS_PETD_01	05	LO	GE Advance Graph.title
5003	GEMS_PETD_01	06	DT	GE Advance Graph.graph_datetime
5003	GEMS_PETD_01	07	ST	GE Advance Graph.graph_description
5003	GEMS_PETD_01	08	LO	GE Advance Graph.title_font_name
5003	GEMS_PETD_01	09	SH	GE Advance Graph.title_font_size
5003	GEMS_PETD_01	0A	LO	GE Advance Graph.footer
5003	GEMS_PETD_01	0B	SH	GE Advance Graph.footer_font_size
5003	GEMS_PETD_01	0C	LO	GE Advance Graph.foreground_color
5003	GEMS_PETD_01	0D	LO	GE Advance Graph.background_color
5003	GEMS_PETD_01	0E	SL	GE Advance Graph.graph_border
5003	GEMS_PETD_01	0F	SL	GE Advance Graph.graph_width
5003	GEMS_PETD_01	10	SL	GE Advance Graph.graph_height
5003	GEMS_PETD_01	11	SL	GE Advance Graph.grid
5003	GEMS_PETD_01	12	LO	GE Advance Graph.label_font_name
5003	GEMS_PETD_01	13	SH	GE Advance Graph.label_font_size
5003	GEMS_PETD_01	14	LO	GE Advance Graph.axes_color
5003	GEMS_PETD_01	15	LO	GE Advance Graph.x_axis_label
5003	GEMS_PETD_01	16	SL	GE Advance Graph.x_axis_units
5003	GEMS_PETD_01	17	FL	GE Advance Graph.x_major_tics
5003	GEMS_PETD_01	18	FL	GE Advance Graph.x_axis_min
5003	GEMS_PETD_01	19	FL	GE Advance Graph.x_axis_max
5003	GEMS_PETD_01	1A	LO	GE Advance Graph.y_axis_label
5003	GEMS_PETD_01	1B	SL	GE Advance Graph.y_axis_units
5003	GEMS_PETD_01	1C	FL	GE Advance Graph.y_major_tics
5003	GEMS_PETD_01	1D	FL	GE Advance Graph.y_axis_min
5003	GEMS_PETD_01	1E	FL	GE Advance Graph.y_axis_max
5003	GEMS_PETD_01	1F	LO	GE Advance Graph.legend_font_name
5003	GEMS_PETD_01	20	SH	GE Advance Graph.legend_font_size
5003	GEMS_PETD_01	21	SL	GE Advance Graph.legend_location_x
5003	GEMS_PETD_01	22	SL	GE Advance Graph.legend_location_y
5003	GEMS_PETD_01	23	SL	GE Advance Graph.legend_width
5003	GEMS_PETD_01	24	SL	GE Advance Graph.legend_height
5003	GEMS_PETD_01	25	SL	GE Advance Graph.legend_border
5003	GEMS_PETD_01	26	SL	GE Advance Graph.multi_patient
5005	GEMS_PETD_01	00	UL	Group Length 5005
5005	GEMS_PETD_01	01	SQ	GE Advance CurvePresentation Sequence
5005	GEMS_PETD_01	02	UI	GE Advance CurvePresentation.curvepresent_id
5005	GEMS_PETD_01	03	UI	GE Advance CurvePresentation.graph_id
5005	GEMS_PETD_01	04	UI	GE Advance CurvePresentation.curve_id
5005	GEMS_PETD_01	05	SH	GE Advance CurvePresentation.compatible_version
5005	GEMS_PETD_01	06	SH	GE Advance CurvePresentation.software_version
5005	GEMS_PETD_01	07	LO	GE Advance CurvePresentation.curve_label
5005	GEMS_PETD_01	08	LO	GE Advance CurvePresentation.color
5005	GEMS_PETD_01	09	SL	GE Advance CurvePresentation.line_type
5005	GEMS_PETD_01	0A	SL	GE Advance CurvePresentation.line_width
5005	GEMS_PETD_01	0B	SL	GE Advance CurvePresentation.point_symbol
5005	GEMS_PETD_01	0C	SL	GE Advance CurvePresentation.point_symbol_dim
5005	GEMS_PETD_01	0D	LO	GE Advance CurvePresentation.point_color
50F1	FDMS 1.0	00	UL	Group Length 50f1
50F1	FDMS 1.0	06	CS	EnergySubtractionParam
50F1	FDMS 1.0	07	CS	SubtractionRegistrationResult
50F1	FDMS 1.0	08	CS	EnergySubtractionParam2
50F1	FDMS 1.0	09	SL	AfinConversionCoefficient
50F1	FDMS 1.0	0A	ST	FNC Parameters
50F1	FDMS 1.0	0B	SS	CRF Parameters
50F1	FDMS 1.0	10	CS	FilmOutputFormat
50F1	FDMS 1.0	20	CS	ImageProcessingModificationFlag
5473	MedIns HP Extensions	00	UL	Group Length 5473
5473	MedIns HP Extensions	03	LO	
5503	PHILIPS UNDOCUMENTED	00	UL	Group Length 5503
5503	PHILIPS UNDOCUMENTED	12	SL	Slice Thickness
5503	PHILIPS UNDOCUMENTED	24	UT	Plane
5503	PHILIPS UNDOCUMENTED	30	SS	Number of Slices
5503	PHILIPS UNDOCUMENTED	A5	UT	Prepulse
5503	PHILIPS UNDOCUMENTED	AE	SS	Contrast Agent Flag
5503	PHILIPS UNDOCUMENTED	BB	SL	Coil ID
5503	PHILIPS UNDOCUMENTED	C2	UT	Anatomy
5503	PHILIPS UNDOCUMENTED	C3	UT	Indication
5533	Visus Change	33	SQ	Visus Data Save Sequence
5533	Visus Change	35	DA	Visus Data Save Date
5533	Visus Change	37	LO	Visus Data Save Originator
5533	Visus Change	39	FD	Visus Data Save ID
5533	Visus Change	3B	TM	?Visus Data Save Time?
5653	Vital Images SW 3.4	10	OB	Saved Workflow
5653	Vital Images SW 3.4	11	LO	Saved Workflow File Name
5653	Vital Images SW 3.4	12	OB	Saved Workflow File Data
5653	Vital Images SW 3.4	13	SL	Saved Workflow File Length
5653	Vital Images SW 3.4	14	SQ	Saved Workflow File Sequence
5653	Vital Images SW 3.4	15	SQ	Image Sequence
5653	Vital Images SW 3.4	16	SL	Volume Interpolated Slices
5653	Vital Images SW 3.4	17	UI	Volume SOP Instance UID
5653	Vital Images SW 3.4	18	SH	Saved Workflow Mark
5653	Vital Images SW 3.4	19	UI	
5653	Vital Images SW 3.4	22	UI	
5653	Vital Images SW 3.4	23	LO	
6001	ELSCINT1	00	UL	Group Length 6001
6001	ELSCINT1	10	CS	Text Overlay Flag
6001	INTELERAD MEDICAL SYSTEMS	01	US	Overlay bit position
6001	Merge eFilm Fusion	03	CS	
6001	Merge eFilm Fusion	30	US	
6001	Merge eFilm Fusion	32	US	
6001	PAPYRUS 3.0	00	IS	Overlay ID
6001	PAPYRUS 3.0	01	LT	Linked Overlays
6001	PAPYRUS 3.0	10	US	Overlays Rows
6001	PAPYRUS 3.0	11	US	Overlays Cols
6001	PAPYRUS 3.0	40	LO	Overlays Type
6001	PAPYRUS 3.0	50	US	Overlays Origin
6001	PAPYRUS 3.0	60	LO	Editable
6001	PAPYRUS 3.0	70	LO	Overlay Font
6001	PAPYRUS 3.0	72	LO	Overlay Style
6001	PAPYRUS 3.0	74	US	Overlay Font Size
6001	PAPYRUS 3.0	76	LO	Overlay Color
6001	PAPYRUS 3.0	78	US	Shadow Size
6001	PAPYRUS 3.0	80	LO	Fill Pattern
6001	PAPYRUS 3.0	82	US	Overlay Pen Size
6001	PAPYRUS 3.0	A0	LO	Label
6001	PAPYRUS 3.0	A2	LT	Post It Text
6001	PAPYRUS 3.0	A4	US	Anchor Point
6001	PAPYRUS 3.0	B0	LO	ROI Type
6001	PAPYRUS 3.0	B2	LT	Attached Annotation
6001	PAPYRUS 3.0	BA	US	Contour Points
6001	PAPYRUS 3.0	BC	US	Mask Data
6001	PAPYRUS 3.0	C0	SQ	UIN Overlay Sequence
6001	PHILIPS MR/LAST	00	LT	
6001	SECTRA_OverlayInfo_01	01	LO	Sectra Overlay
6003	ELSCINT1	10	CS	Text Overlay Flag
6003	GEMS_Ultrasound_ImageGroup_001	00	UL	Group Length 6003
6003	GEMS_Ultrasound_ImageGroup_001	05	LT	GEMS Image Information
6003	GEMS_Ultrasound_ImageGroup_001	10	SQ	GEMS Image Thumbnail Sequence
6003	GEMS_Ultrasound_ImageGroup_001	11	OB	GEMS Thumbnail Pixel Data (uncompressed)
6005	GE_GROUP	10	UT	
6021	SIEMENS CM VA0  CMS	00	LT	ImageGraphicsFormatCode
6021	SIEMENS CM VA0  CMS	10	LT	ImageGraphics
6021	SIEMENS CT VA0  OST	00	LT	OsteoContourComment
6021	SIEMENS CT VA0  OST	10	US	OsteoContourBuffer
6023	SIEMENS CM VA0  OST	00	LO	Osteo Contour Comment
6023	SIEMENS CM VA0  OST	10	SS	Osteo Contour Buffer
6301	KRETZ_PRIVATE	01	IS	
6301	KRETZ_PRIVATE	02	IS	
7001	GEMS_MR_RAW_01	00	UL	Group Length 7001
7001	GEMS_MR_RAW_01	01	OB	rdb_hdr_rec
7001	GEMS_MR_RAW_01	02	OB	rdb_hdr_per_pass_tab
7001	GEMS_MR_RAW_01	03	OB	rdb_hdr_unlock_raw
7001	GEMS_MR_RAW_01	04	OB	rdb_hdr_data_acq_tab
7001	GEMS_MR_RAW_01	05	OB	rdb_hdr_nex_tab
7001	GEMS_MR_RAW_01	06	OB	rdb_hdr_nex_abort_tab
7001	GEMS_MR_RAW_01	07	OB	rdb_hdr_tool
7001	GEMS_MR_RAW_01	08	OB	rdb_raw_data
7001	GEMS_MR_RAW_01	09	OB	SSP save
7001	GEMS_MR_RAW_01	0A	OB	UDA save
7001	GEMS_MR_RAW_01	0B	OB	rdb_chemsat_data
7001	Picker NM Private Group	01	UI	
7001	Picker NM Private Group	02	OB	
7001	Picker NM Private Group	03	OB	Private
7001	Picker NM Private Group	04	OB	Private
7001	Picker NM Private Group	05	OB	Private
7001	Picker NM Private Group	06	OB	Private
7001	Picker NM Private Group	07	OB	Private
7001	Picker NM Private Group	08	OB	Private
7001	Picker NM Private Group	09	OB	Private
7001	Picker NM Private Group	10	SQ	Private
7001	Picker NM Private Group	11	LO	Private
7001	Picker NM Private Group	12	OB	Private
7001	Picker NM Private Group	13	US	Private
7001	Picker NM Private Group	14	OB	Private
7001	Picker NM Private Group	15	OB	Private
7001	Picker NM Private Group	16	OB	Private
7001	Picker NM Private Group	17	LO	Contains a text string that includes some of the same information that appears on the Odyssey Clinical Index (image directory) for this Image.
7001	SIEMENS MED	10	LT	Dummy
7003	GEMS_LUNAR_RAW	01	ST	enCORE File Name
7003	GEMS_LUNAR_RAW	02	OB	enCORE File Data
7003	GEMS_LUNAR_RAW	03	UL	enCORE File Length
7003	GEMS_LUNAR_RAW	04	LO	enCORE File Modified Time
7003	SIEMENS MED	00	UL	Group Length 7003
7003	SIEMENS MED	10	LT	Header
7005	SIEMENS MED	00	UL	Group Length 7005
7005	SIEMENS MED	10	LT	Dummy
7005	TOSHIBA_MEC_CT3	00	OB	CT Private Data 1
7005	TOSHIBA_MEC_CT3	03	SH	Cardiac R-R Mean Time
7005	TOSHIBA_MEC_CT3	04	SH	Cardiac Reconstruction Gating Phase in Percent
7005	TOSHIBA_MEC_CT3	05	SH	Cardiac Reconstruction Gating Phase in ms
7005	TOSHIBA_MEC_CT3	06	SH	Cardiac Reconstruction Mode
7005	TOSHIBA_MEC_CT3	07	DS	Reconstruction Center
7005	TOSHIBA_MEC_CT3	08	DS	Detector Slice Thickness in mm
7005	TOSHIBA_MEC_CT3	09	LO	Number of Detector rows to Reconstruct
7005	TOSHIBA_MEC_CT3	0A	DS	Table Speed in mm/rot
7005	TOSHIBA_MEC_CT3	0B	SH	Filter
7005	TOSHIBA_MEC_CT3	0C	SH	Reconstruction Correction Type
7005	TOSHIBA_MEC_CT3	0D	CS	Organ
7005	TOSHIBA_MEC_CT3	0E	SH	File Type Remarks
7005	TOSHIBA_MEC_CT3	0F	SH	Direction
7005	TOSHIBA_MEC_CT3	10	OB	CT Private Data 2
7005	TOSHIBA_MEC_CT3	11	LT	Series Comment
7005	TOSHIBA_MEC_CT3	12	SH	Position
7005	TOSHIBA_MEC_CT3	13	US	Expert Plan No.
7005	TOSHIBA_MEC_CT3	14	US	Reconstruction ROI No.
7005	TOSHIBA_MEC_CT3	15	US	Special Helical ACQ No.
7005	TOSHIBA_MEC_CT3	16	UI	Volume UID
7005	TOSHIBA_MEC_CT3	17	US	Total Frame Count in the Volume
7005	TOSHIBA_MEC_CT3	18	US	Frame No.
7005	TOSHIBA_MEC_CT3	19	UL	Frame Sort Key
7005	TOSHIBA_MEC_CT3	1A	US	Frame Sort Order
7005	TOSHIBA_MEC_CT3	1B	SH	Convolution Kernel
7005	TOSHIBA_MEC_CT3	1C	LO	Contrast/Bolus Agent
7005	TOSHIBA_MEC_CT3	1D	UL	Reconstruction Number
7005	TOSHIBA_MEC_CT3	1E	UL	Raw Data Number
7005	TOSHIBA_MEC_CT3	1F	LO	Volume Number
7005	TOSHIBA_MEC_CT3	20	UL	Local Series Number
7005	TOSHIBA_MEC_CT3	21	LO	Decrease in Artifact Filter
7005	TOSHIBA_MEC_CT3	22	DS	Reconstruction Interval
7005	TOSHIBA_MEC_CT3	23	DS	Pitch Factor
7005	TOSHIBA_MEC_CT3	24	DA	The Acquisition Date of NRA
7005	TOSHIBA_MEC_CT3	25	UL	Large Data File Attribute
7005	TOSHIBA_MEC_CT3	26	CS	Large Data File Name
7005	TOSHIBA_MEC_CT3	28	SQ	Enhanced CT Private Sequence
7005	TOSHIBA_MEC_CT3	29	UI	Frame UID
7005	TOSHIBA_MEC_CT3	30	CS	Main Modality in Study
7005	TOSHIBA_MEC_CT3	35	DS	Scan Range
7005	TOSHIBA_MEC_CT3	36	OB	CT Private Data 3
7005	TOSHIBA_MEC_CT3	37	IS	Total Frames
7005	TOSHIBA_MEC_CT3	38	IS	Start Frame
7005	TOSHIBA_MEC_CT3	39	IS	End Frame
7005	TOSHIBA_MEC_CT3	40	FD	DLP Dose Length Product
7005	TOSHIBA_MEC_CT3	41	SH	Raw Slice Information
7005	TOSHIBA_MEC_CT3	42	US	Local Frame No
7005	TOSHIBA_MEC_CT3	43	DS	Volume Vector
7005	TOSHIBA_MEC_CT3	44	US	Volume Type
7005	TOSHIBA_MEC_CT3	45	DS	Relative Table Position of 4D Volume
7005	TOSHIBA_MEC_CT3	46	DS	Absolute Table Position of 4D Volume
7005	TOSHIBA_MEC_CT3	47	DS	Slice Pitch of 4D Volume
7005	TOSHIBA_MEC_CT3	48	LO	Respiratory Gating Inf.
7005	TOSHIBA_MEC_CT3	49	SH	Respiration Phase
7005	TOSHIBA_MEC_CT3	63	FD	CTDIw
7005	TOSHIBA_MEC_CT3	F1	CS	Protect Mark for Image, Curve or Private Record
7005	TOSHIBA_MEC_CT3	F2	CS	Protect Mark for Series Record
7005	TOSHIBA_MEC_CT3	F3	CS	Protect Mark for Study Record
700D	CANON_MEC_MR3	00	DS	Scale Factor
700D	CANON_MEC_MR3	05	DS	FOV
700D	CANON_MEC_MR3	0C	CS	Receiver Gain Correction Check Flag
700D	CANON_MEC_MR3	20	SH	Identification Flag of 3D GDC
700D	CANON_MEC_MR3^10	10	DS	2nd Flip Angle [degree]
700D	CANON_MEC_MR3^10	11	US	Acquisition Inner Matrix
700D	CANON_MEC_MR3^10	12	US	MP2RAGE Flag
700D	CANON_MEC_MR3^10	13	FL	Inversion efficiency of inversion recovery pulse
700D	CANON_MEC_MR3^10	14	SL	Number of dummy shot
700D	CANON_MEC_MR3^10	15	FL	FFE total repetition time[s]
700D	CANON_MEC_MR3^10	16	LO	PAS Name
700D	CANON_MEC_MR3^10	17	LT	Intended Processing
700D	CANON_MEC_MR3^10	18	SS	Scanned Orientation IDs
700D	CANON_MEC_MR3^10	19	OB	PAS Reproduct Information
700D	CANON_MEC_MR3^10	1A	DS	ASTAR Inversion Time
700D	CANON_MEC_MR3^10	1B	DS	Saturation Recovery Time
700D	TOSHIBA_MEC_MR3	00	DS	Scale Factor
700D	TOSHIBA_MEC_MR3	01	OB	Acquisition Order
700D	TOSHIBA_MEC_MR3	02	DS	Orientation Vector
700D	TOSHIBA_MEC_MR3	03	SS	Flip Flag
700D	TOSHIBA_MEC_MR3	04	OB	Rotate Information
700D	TOSHIBA_MEC_MR3	05	DS	FOV
700D	TOSHIBA_MEC_MR3	06	US	Image Matrix
700D	TOSHIBA_MEC_MR3	07	OB	Image Information
700D	TOSHIBA_MEC_MR3	08	OB	Original Data
700D	TOSHIBA_MEC_MR3	09	SS	Original Data Flag
700D	TOSHIBA_MEC_MR3	0C	CS	Receiver Gain Correction Check Flag
700D	TOSHIBA_MEC_MR3	20	SH	Identification Flag of 3D GDC
700D	TOSHIBA_MEC_MR3	80	US	Number of PAC channel
700D	TOSHIBA_MEC_MR3	81	US	Reference mode
700D	TOSHIBA_MEC_MR3	82	SQ	Gain value group for MRS
700D	TOSHIBA_MEC_MR3	83	FL	Gain value of each channel for MRS
700D	TOSHIBA_MEC_MR3	84	FL	Phase value of each channel for MRS
700D	TOSHIBA_MEC_MR3	85	FL	Reference gain value of each channel for MRS
700D	TOSHIBA_MEC_MR3	86	FL	Reference gain value of each channel for MRS
700D	TOSHIBA_MEC_MR3	87	FL	Receiver gain of reference scan
700D	TOSHIBA_MEC_MR3	88	UL	Flag of water Sat pulse
700D	TOSHIBA_MEC_MR3	89	FL	Selected contrast TE
700D	TOSHIBA_MEC_MR3	8A	SQ	Raw Data Set Sequence
700D	TOSHIBA_MEC_MR3	8B	DS	Multi Slice number
700D	TOSHIBA_MEC_MR3	8C	DS	Multi Coverage number
700D	TOSHIBA_MEC_MR3	8D	SQ	Raw Data Sequence
700D	TOSHIBA_MEC_MR3	8E	DS	Coil Channel No.
700D	TOSHIBA_MEC_MR3	8F	OB	MRS Raw Data
700D	TOSHIBA_MEC_MR3	90	OF	MRS Ref Raw Data
700D	TOSHIBA_MEC_MR3	91	FL	Receiver gain of prescan
700D	TOSHIBA_MEC_MR3^10	10	DS	2nd Flip Angle [degree]
700D	TOSHIBA_MEC_MR3^10	11	US	Acquisition Inner Matrix
700D	TOSHIBA_MEC_MR3^10	12	US	MP2RAGE Flag
700D	TOSHIBA_MEC_MR3^10	13	FL	Inversion efficiency of inversion recovery pulse
700D	TOSHIBA_MEC_MR3^10	14	SL	Number of dummy shot
700D	TOSHIBA_MEC_MR3^10	15	FL	FFE total repetition time[s]
700D	TOSHIBA_MEC_MR3^10	16	LO	PAS Name
700D	TOSHIBA_MEC_MR3^10	17	LT	Intended Processing
700D	TOSHIBA_MEC_MR3^10	18	SS	Scanned Orientation IDs
700D	TOSHIBA_MEC_MR3^10	19	OB	PAS Reproduct Information
700D	TOSHIBA_MEC_MR3^10	80	US	
7015	PMTF INFORMATION DATA	00	UL	Group Length 7015
7015	PMTF INFORMATION DATA	73	SQ	
7015	TOSHIBA ENCRYPTED SR DATA	00	OB	Toshiba US Private Data
7015	TOSHIBA_SR	10	OB	
7015	TOSHIBA_SR	60	OB	
7019	TOSHIBA_MEC_OT3	00	UL	Group Length 7019
7019	TOSHIBA_MEC_OT3	45	SQ	
7019	TOSHIBA_MEC_OT3	46	DA	
7019	TOSHIBA_MEC_OT3	47	TM	
7019	TOSHIBA_MEC_OT3	71	CS	Indicator of creator
7019	TOSHIBA_MEC_OT3	72	LO	ID of quality assurance reviewer
7019	TOSHIBA_MEC_OT3	73	PN	Name of quality assurance reviewer
7019	TOSHIBA_MEC_OT3	74	DA	Date of completion of quality assurance
7019	TOSHIBA_MEC_OT3	75	TM	Time of completion of quality assurance
7019	TOSHIBA_MEC_OT3	76	LO	Host name of quality assurance station
7019	TOSHIBA_MEC_OT3	77	CS	Station name and version of quality assurance station
7019	TOSHIBA_MEC_OT3	78	CS	Flag of completion of quality assurance
7019	TOSHIBA_MEC_OT3	79	CS	Status of quality assurance review
7019	TOSHIBA_MEC_OT3	7A	UI	Original SOP Instance UID
7019	TOSHIBA_MEC_OT3	7B	UI	Original Series Instance UID
7019	TOSHIBA_MEC_OT3	7C	UI	Original Study Instance UID
7019	TOSHIBA_MEC_OT3	7D	US	Rotation information for image display from original image
7019	TOSHIBA_MEC_OT3	7E	SQ	Sequence of LR mark
7019	TOSHIBA_MEC_OT3	7F	US	Rotation status at creation of LR mark
7019	TOSHIBA_MEC_OT3	81	SS	X start position of LR mark
7019	TOSHIBA_MEC_OT3	82	SS	Y start position of LR mark
7019	TOSHIBA_MEC_OT3	83	US	Size of LR mark in X direction
7019	TOSHIBA_MEC_OT3	84	US	Size of LR mark in Y direction
7019	TOSHIBA_MEC_OT3	85	LO	Previous Patient ID
7019	TOSHIBA_MEC_OT3	86	CS	Previous modality
7043	ADAC_IMG	00	SH	Cardiac Stress State
7043	ADAC_IMG	10	LO	Philips NM Private Group
7043	Philips NM Private Group	00	SH	
7043	Picker NM Private Group	00	SH	Private.
7051	PHILIPS NM -Private	00	US	Current Segment
7051	PHILIPS NM -Private	01	US	Number of Segments
7051	PHILIPS NM -Private	02	FL	Segment Start Position
7051	PHILIPS NM -Private	03	FL	Segment Stop Position
7051	PHILIPS NM -Private	04	FL	Rel. COR offset - X dir.
7051	PHILIPS NM -Private	05	FL	Rel. COR offset - Z dir.
7051	PHILIPS NM -Private	06	US	Current Rotation Number
7051	PHILIPS NM -Private	07	US	Number of Rotations
7051	PHILIPS NM -Private	10	DS	Alignment Translations
7051	PHILIPS NM -Private	11	DS	Alignment Rotations
7051	PHILIPS NM -Private	12	DS	Alignment Timestamp
7051	PHILIPS NM -Private	15	UI	Related Xray Series Instance UID
7051	PHILIPS NM -Private	16	UI	?UID?
7051	PHILIPS NM -Private	25	LO	??
7051	PHILIPS NM -Private	26	DS	??
7051	PHILIPS NM -Private	27	DS	??
7051	PHILIPS NM -Private	28	IS	??
7051	PHILIPS NM -Private	29	IS	??
7051	PHILIPS XCT -Private	01	DS	Attenuation threshold
7051	PHILIPS XCT -Private	02	DS	DLP Estimate
7051	PHILIPS XCT -Private	03	LO	??
7053	Philips PET Private Group	00	DS	SUV Scale Factor
7053	Philips PET Private Group	01	OB	Private
7053	Philips PET Private Group	02	OB	Private
7053	Philips PET Private Group	03	ST	Original image file name
7053	Philips PET Private Group	04	OB	File Data
7053	Philips PET Private Group	05	LO	Worklist Info File Name
7053	Philips PET Private Group	06	OB	Private
7053	Philips PET Private Group	07	SQ	Acquisition File Sequence
7053	Philips PET Private Group	08	SQ	
7053	Philips PET Private Group	09	DS	Activity Concentration Scale Factor
7053	Philips PET Private Group	0B	DS	
7053	Philips PET Private Group	0C	DS	
7053	Philips PET Private Group	0D	SS	
7053	Philips PET Private Group	0E	DS	
7053	Philips PET Private Group	0F	UL	Segment Size
7053	Philips PET Private Group	10	US	Segment Number
7053	Philips PET Private Group	11	US	Number of Segments
7053	Philips PET Private Group	12	SQ	File Data Sequence
7053	Philips PET Private Group	13	SS	Private
7053	Philips PET Private Group	14	SS	Private
7053	Philips PET Private Group	15	SS	Private
7053	Philips PET Private Group	16	SS	Private
7053	Philips PET Private Group	17	SS	Private
7053	Philips PET Private Group	18	SS	Private
7053	Philips PET Private Group	50	SS	
7053	Philips PET Private Group	51	SS	
7053	Philips PET Private Group	52	SS	
7053	Philips PET Private Group	53	SS	
7053	Philips PET Private Group	54	SS	
7053	Philips PET Private Group	55	SS	
7053	Philips PET Private Group	56	SS	
7053	Philips PET Private Group	57	SS	
7053	Philips PET Private Group	58	SS	
7053	Philips PET Private Group	59	SS	
7053	Philips PET Private Group	5A	SS	
7053	Philips PET Private Group	5B	SS	
7053	Philips PET Private Group	5C	SS	
7053	Philips PET Private Group	5D	SS	
7053	Philips PET Private Group	5E	SS	
7053	Philips PET Private Group	5F	LO	
7053	Philips PET Private Group	60	SS	
7053	Philips PET Private Group	61	SS	
7053	Philips PET Private Group	62	SS	
7053	Philips PET Private Group	63	SS	
7053	Philips PET Private Group	64	SS	
7053	Philips PET Private Group	65	SS	
7053	Philips PET Private Group	66	SS	
7053	Philips PET Private Group	67	LO	
7053	Philips PET Private Group	68	LO	
7053	Philips PET Private Group	69	LO	
7053	Philips PET Private Group	6A	LT	
7053	Philips PET Private Group	6B	SH	
7053	Philips PET Private Group	6C	LO	
7053	Philips PET Private Group	6D	FL	
7053	Philips PET Private Group	6E	FL	
7053	Philips PET Private Group	6F	FL	
7053	Philips PET Private Group	70	SS	
7053	Philips PET Private Group	71	SS	
7053	Philips PET Private Group	72	SS	
7053	Philips PET Private Group	73	SH	
7053	Philips PET Private Group	74	SH	
7053	Philips PET Private Group	75	SH	
7053	Philips PET Private Group	76	SH	
7053	Philips PET Private Group	77	FL	
7053	Philips PET Private Group	78	FL	
7053	Philips PET Private Group	C2	UI	PET-CT Multi Modality Name
7053	Philips PET Private Group	D0	SS	
7053	Philips PET Private Group	D1	FL	
7053	Philips PET Private Group	D2	DT	
7053	Philips PET Private Group	D3	DT	
7053	Philips PET Private Group	D5	FL	
7053	Philips PET Private Group	D6	FL	
7053	Philips PET Private Group	D7	FL	
7053	Philips PET Private Group	D8	FL	
7053	Philips PET Private Group	D9	FL	
7079	TOSHIBA_MEC_XA3	00	UL	Group Length 7079
7079	TOSHIBA_MEC_XA3	10	LO	
7079	TOSHIBA_MEC_XA3	21	SH	
7079	TOSHIBA_MEC_XA3	22	IS	
7079	TOSHIBA_MEC_XA3	23	IS	
7079	TOSHIBA_MEC_XA3	24	DS	
7079	TOSHIBA_MEC_XA3	25	SH	
7079	TOSHIBA_MEC_XA3	26	DS	
7079	TOSHIBA_MEC_XA3	27	US	
7079	TOSHIBA_MEC_XA3	28	US	
7079	TOSHIBA_MEC_XA3	29	US	
7079	TOSHIBA_MEC_XA3	2A	US	
7079	TOSHIBA_MEC_XA3	2C	SH	
7079	TOSHIBA_MEC_XA3	2D	SS	
7079	TOSHIBA_MEC_XA3	2E	SH	
7079	TOSHIBA_MEC_XA3	2F	SH	
7079	TOSHIBA_MEC_XA3	30	US	
7079	TOSHIBA_MEC_XA3	31	US	
7079	TOSHIBA_MEC_XA3	32	SH	
7079	TOSHIBA_MEC_XA3	33	US	
7079	TOSHIBA_MEC_XA3	34	SH	
7079	TOSHIBA_MEC_XA3	35	SH	
7079	TOSHIBA_MEC_XA3	36	SH	
7079	TOSHIBA_MEC_XA3	37	US	
7079	TOSHIBA_MEC_XA3	38	SS	
7079	TOSHIBA_MEC_XA3	39	SS	
7079	TOSHIBA_MEC_XA3	3A	US	
7079	TOSHIBA_MEC_XA3	3B	SH	
7079	TOSHIBA_MEC_XA3	3C	DS	
7079	TOSHIBA_MEC_XA3	3D	SS	
7079	TOSHIBA_MEC_XA3	3E	SH	
7079	TOSHIBA_MEC_XA3	3F	US	
7079	TOSHIBA_MEC_XA3	40	SH	
7079	TOSHIBA_MEC_XA3	41	SS	
7079	TOSHIBA_MEC_XA3	42	SH	
7079	TOSHIBA_MEC_XA3	43	SH	
7079	TOSHIBA_MEC_XA3	44	US	
7079	TOSHIBA_MEC_XA3	45	SH	
7079	TOSHIBA_MEC_XA3	46	SS	
7079	TOSHIBA_MEC_XA3	47	SS	
7079	TOSHIBA_MEC_XA3	48	US	
7079	TOSHIBA_MEC_XA3	49	US	
7079	TOSHIBA_MEC_XA3	4A	US	
7079	TOSHIBA_MEC_XA3	4B	LO	
7079	TOSHIBA_MEC_XA3	4C	OB	
7079	TOSHIBA_MEC_XA3	4D	LO	
7079	TOSHIBA_MEC_XA3	4E	SL	
7079	TOSHIBA_MEC_XA3	4F	SH	
7079	TOSHIBA_MEC_XA3	50	US	
7079	TOSHIBA_MEC_XA3	51	US	
7079	TOSHIBA_MEC_XA3	52	US	
7079	TOSHIBA_MEC_XA3	53	SH	
7079	TOSHIBA_MEC_XA3	54	US	
7079	TOSHIBA_MEC_XA3	55	UL	
7079	TOSHIBA_MEC_XA3	56	US	
7079	TOSHIBA_MEC_XA3	57	US	
7079	TOSHIBA_MEC_XA3	58	US	
7079	TOSHIBA_MEC_XA3	59	US	
7079	TOSHIBA_MEC_XA3	5A	US	
7079	TOSHIBA_MEC_XA3	5B	US	
7079	TOSHIBA_MEC_XA3	5C	US	
7079	TOSHIBA_MEC_XA3	5D	SH	
7079	TOSHIBA_MEC_XA3	5E	US	
7079	TOSHIBA_MEC_XA3	5F	SS	
7079	TOSHIBA_MEC_XA3	60	US	
7079	TOSHIBA_MEC_XA3	61	SS	
7079	TOSHIBA_MEC_XA3	62	US	
7079	TOSHIBA_MEC_XA3	63	US	
7079	TOSHIBA_MEC_XA3	64	US	
7079	TOSHIBA_MEC_XA3	65	US	
7079	TOSHIBA_MEC_XA3	66	US	
7079	TOSHIBA_MEC_XA3	67	US	
7079	TOSHIBA_MEC_XA3	68	US	
7079	TOSHIBA_MEC_XA3	69	US	
7079	TOSHIBA_MEC_XA3	6A	US	
7079	TOSHIBA_MEC_XA3	6B	US	
7079	TOSHIBA_MEC_XA3	6C	US	
7079	TOSHIBA_MEC_XA3	6D	DS	
7079	TOSHIBA_MEC_XA3	6E	LO	
7079	TOSHIBA_MEC_XA3	6F	DS	
7079	TOSHIBA_MEC_XA3	70	DS	
7079	TOSHIBA_MEC_XA3	71	DS	
7079	TOSHIBA_MEC_XA3	72	DS	
7079	TOSHIBA_MEC_XA3	73	SL	
7079	TOSHIBA_MEC_XA3	74	SL	
7079	TOSHIBA_MEC_XA3	75	SH	
7079	TOSHIBA_MEC_XA3	76	US	
7079	TOSHIBA_MEC_XA3	77	SL	
7079	TOSHIBA_MEC_XA3	78	US	
7079	TOSHIBA_MEC_XA3	79	US	
7079	TOSHIBA_MEC_XA3	7B	SH	
7079	TOSHIBA_MEC_XA3	80	LO	
7079	TOSHIBA_MEC_XA3	81	SS	
7079	TOSHIBA_MEC_XA3	82	SS	
7101	Picker MR Private Group	00	OB	?Protocol Data 0 (weird gzip)?
7101	Picker MR Private Group	01	SL	?Protocol Data 0 Length?
7101	Picker MR Private Group	02	OB	?Protocol Data 2 (weird gzip)?
7101	Picker MR Private Group	03	SL	?Protocol Data 2 Length?
7101	Picker MR Private Group	04	SH	?Time?
7101	Picker MR Private Group	05	SH	?ImageType?
7101	Picker MR Private Group	06	SH	?MR Diffusion Info?
7101	Picker MR Private Group	10	DS	
7501	CoActiv_PvtTags	01	LO	
7501	CoActiv_PvtTags	02	LO	?IP Address?
7501	CoActiv_PvtTags	03	UI	?Transfer Syntax UID?
7501	CoActiv_PvtTags	04	LO	?Transfer Syntax Name?
7777	Eclipse 60	00	UL	Group Length 7777
7777	Eclipse 60	01	DA	Private data
7777	Eclipse 60	02	CS	Private data
7777	Eclipse 60	03	LO	Private data
7777	Eclipse 60	10	LO	Private data
7777	Eclipse 60	14	LT	Private data
7777	NUD_PRIVATE	02	UT	Interfile
7777	NUD_PRIVATE	05	IS	
7777	Philips EnVisor	01	DA	Date 3D/PanView internal 'dataset' file was acquired
7777	Philips EnVisor	02	CS	Type of 3D or PanView
7777	Philips EnVisor	03	LO	Internal 3D/PanView software version number
7777	Philips EnVisor	14	LT	Private string
7E01	HOLOGIC, Inc.	01	LO	
7E01	HOLOGIC, Inc.	02	LO	
7E01	HOLOGIC, Inc.	10	SQ	
7E01	HOLOGIC, Inc.	11	SQ	
7E01	HOLOGIC, Inc.	12	OB	
7EFF	TMDTK	21	SQ	
7EFF	TMDTK	2E	LT	
7F01	HOLOGIC, Inc.	00	UL	Group Length 7f01
7F01	HOLOGIC, Inc.	01	LO	
7F01	HOLOGIC, Inc.	02	SH	
7F01	HOLOGIC, Inc.	10	SQ	
7F01	HOLOGIC, Inc.	12	OB	
7FA1	ELGEMS_XPERT	00	OB	XPert Composite Report Item buffer
7FA1	ELGEMS_XPERT	10	OB	Xpert Composite Report Item Identificator
7FD1	GEIIS	00	UL	Group Length 7fd1
7FD1	GEIIS	10	UL	GE IIS Compression Type
7FD1	GEIIS	20	UL	Multiframe Offsets
7FD1	GEIIS	30	UL	
7FD1	GEIIS	40	UL	
7FD1	GEIIS	50	UL	
7FD1	GEIIS	60	UL	
7FD9	agfa/studyUpdate	60	DT	
7FDD	Thinking Systems Private Creator	42	UL	
7FDD	Thinking Systems Private Creator	93	LO	
7FDD	Thinking Systems Private Creator	94	LO	
7FDD	Thinking Systems Private Creator	97	LO	
7FDD	agfa/originalStudyUID	13	UI	
7FDF	ACUSON: 1.2.840.11386.1.0	00	IS	Lossy Compression Ratio
7FDF	ACUSON: 1.2.840.11386.1.0	01	US	Image Format
7FDF	ACUSON: 1.2.840.11386.1.0	02	US	Acuson Region Type
7FDF	ACUSON: 1.2.840.11386.1.0	0B	UL	Acuson Image Apex X
7FDF	ACUSON: 1.2.840.11386.1.0	0C	UL	Acuson Image Apex Y
7FDF	ACUSON: 1.2.840.11386.1.0	0D	IS	B-Color-On Flag
7FDF	ACUSON:1.2.840.113680.1.0:7f10	00	IS	Lossy Compression Ratio
7FDF	ACUSON:1.2.840.113680.1.0:7f10	01	US	Image Format
7FDF	ACUSON:1.2.840.113680.1.0:7f10	02	US	Acuson Region Type
7FDF	ACUSON:1.2.840.113680.1.0:7f10	0B	UL	Acuson Image Apex X
7FDF	ACUSON:1.2.840.113680.1.0:7f10	0C	UL	Acuson Image Apex Y
7FDF	ACUSON:1.2.840.113680.1.0:7f10	0D	IS	B-Color-On Flag
7FDF	ACUSON:1.2.840.113680.1.0:7f10	83	UL	Microseconds in unit timestamp
7FDF	ACUSON:1.2.840.113680.1.0:7f10	85	OB	Acoustic Frame Timestamp
7FDF	ACUSON:1.2.840.113680.1.0:7f10	89	OB	ECG Reference Timestamp
7FDF	ACUSON:1.2.840.113680.1.0:7f10	8A	FD	ECG Sampling Interval (milliseconds)
7FDF	ACUSON:1.2.840.113680.1.0:7f10	8B	UL	ECG Sample Count
7FDF	ACUSON:1.2.840.113680.1.0:7f10	8C	UL	ECG Sample Size
7FDF	ACUSON:1.2.840.113680.1.0:7f10	8D	OB	ECG Data Value
7FDF	ACUSON:1.2.840.113680.1.0:7f10	F2	LO	Study Directory
7FDF	ACUSON:1.2.840.113680.1.0:7ffe	00	OB	Data Padding
7FDF	ELSCINT1	F0	OB	
7FDF	ELSCINT1	FF	SH	
7FDF	GEMS_GDXE_ATHENAV2_INTERNAL_USE	10	LT	PPS Stream
7FDF	GEMS_GDXE_ATHENAV2_INTERNAL_USE	11	LT	Pixel Data References (temporary)
7FDF	GEMS_GDXE_ATHENAV2_INTERNAL_USE	20	SS	Auto Push Tag
7FDF	GEMS_GDXE_ATHENAV2_INTERNAL_USE	25	CS	PPS Status
7FDF	TomTec	50	OB	Bookmark Information
7FDF	TomTec	51	OB	Bookmark Content
7FE1	Bioclinica	01	UT	AES tag
7FE1	Bioclinica	02	LO	PX version
7FE1	Bioclinica	03	LO	Mask Name
7FE1	GEMS_Ultrasound_MovieGroup_001	01	SQ	
7FE1	GEMS_Ultrasound_MovieGroup_001	02	LO	US MovieGroup Value 0008 Name
7FE1	GEMS_Ultrasound_MovieGroup_001	03	UL	
7FE1	GEMS_Ultrasound_MovieGroup_001	08	SQ	US MovieGroup Value 0008 Sequence
7FE1	GEMS_Ultrasound_MovieGroup_001	10	SQ	
7FE1	GEMS_Ultrasound_MovieGroup_001	12	LO	US MovieGroup Value 0018 Name
7FE1	GEMS_Ultrasound_MovieGroup_001	18	SQ	US MovieGroup Value 0018 Sequence
7FE1	GEMS_Ultrasound_MovieGroup_001	20	SQ	
7FE1	GEMS_Ultrasound_MovieGroup_001	24	SH	US MovieGroup Value 0026 Name
7FE1	GEMS_Ultrasound_MovieGroup_001	26	SQ	US MovieGroup Value 0026 Sequence
7FE1	GEMS_Ultrasound_MovieGroup_001	30	LO	
7FE1	GEMS_Ultrasound_MovieGroup_001	32	UL	
7FE1	GEMS_Ultrasound_MovieGroup_001	36	SQ	
7FE1	GEMS_Ultrasound_MovieGroup_001	37	UL	US MovieGroup Number of Frames
7FE1	GEMS_Ultrasound_MovieGroup_001	3A	SQ	
7FE1	GEMS_Ultrasound_MovieGroup_001	3C	FD	
7FE1	GEMS_Ultrasound_MovieGroup_001	43	OB	
7FE1	GEMS_Ultrasound_MovieGroup_001	48	FD	US MovieGroup Value Index
7FE1	GEMS_Ultrasound_MovieGroup_001	49	UL	US MovieGroup Value UL/1
7FE1	GEMS_Ultrasound_MovieGroup_001	51	FL	US MovieGroup Value FL/1
7FE1	GEMS_Ultrasound_MovieGroup_001	52	FD	US MovieGroup Value FD/1
7FE1	GEMS_Ultrasound_MovieGroup_001	53	UL	US MovieGroup Value UL/1
7FE1	GEMS_Ultrasound_MovieGroup_001	54	SL	US MovieGroup Value SL/1
7FE1	GEMS_Ultrasound_MovieGroup_001	55	OB	US MovieGroup Value OB/1
7FE1	GEMS_Ultrasound_MovieGroup_001	57	LT	US MovieGroup Value LT/1
7FE1	GEMS_Ultrasound_MovieGroup_001	60	OB	US MovieGroup Image Data
7FE1	GEMS_Ultrasound_MovieGroup_001	61	OW	
7FE1	GEMS_Ultrasound_MovieGroup_001	69	OW	
7FE1	GEMS_Ultrasound_MovieGroup_001	70	SQ	US MovieGroup Dict
7FE1	GEMS_Ultrasound_MovieGroup_001	71	UL	US MovieGroup Dict Index
7FE1	GEMS_Ultrasound_MovieGroup_001	72	LO	US MovieGroup Dict Name
7FE1	GEMS_Ultrasound_MovieGroup_001	73	SQ	
7FE1	GEMS_Ultrasound_MovieGroup_001	74	LO	
7FE1	GEMS_Ultrasound_MovieGroup_001	75	SQ	
7FE1	GEMS_Ultrasound_MovieGroup_001	77	FD	US MovieGroup Value FD/1-N
7FE1	GEMS_Ultrasound_MovieGroup_001	79	SL	US MovieGroup Value SL/1-N
7FE1	GEMS_Ultrasound_MovieGroup_001	83	SQ	
7FE1	GEMS_Ultrasound_MovieGroup_001	84	LO	US MovieGroup Value 0085 Name
7FE1	GEMS_Ultrasound_MovieGroup_001	85	SQ	US MovieGroup Value 0085 Sequence
7FE1	GEMS_Ultrasound_MovieGroup_001	86	SL	US MovieGroup Value SL/4
7FE1	GEMS_Ultrasound_MovieGroup_001	87	FD	US MovieGroup Value FD/4
7FE1	GEMS_Ultrasound_MovieGroup_001	88	FD	US MovieGroup Value FD/2
7FE1	KRETZ_US	00	UL	Group Length 7fe1
7FE1	KRETZ_US	01	OB	
7FE1	PMOD_GENPET	01	UT	Slices Names
7FE1	PMOD_GENPET	02	UT	Gene Codes
7FE1	PMOD_GENPET	03	UT	Gene Labels
7FE1	SIEMENS CM VA0  CMS	00	OB	BinaryData
7FE1	SIEMENS CSA NON-IMAGE	10	OB	CSAData
7FE1	SIEMENS MED	10	SS	
7FE1	SIEMENS MED NM	10	OW	Compressed Pixel Data
7FE1	TOSHIBA MDW NON-IMAGE	10	OB	Toshiba US Private Data
7FE3	SIEMENS MED	00	UL	Group Length 7fe3
7FE3	SIEMENS MED	14	SL	
7FE3	SIEMENS MED	15	SL	
7FE3	SIEMENS MED	16	SL	
7FE3	SIEMENS MED	17	SL	
7FE3	SIEMENS MED	18	SL	
7FE3	SIEMENS MED	19	ST	
7FE3	SIEMENS MED	1A	SL	
7FE3	SIEMENS MED	1B	SS	
7FE3	SIEMENS MED	1C	SS	
7FE3	SIEMENS MED	1E	SL	
7FE3	SIEMENS MED	1F	SL	
7FE3	SIEMENS MED	20	SL	
7FE3	SIEMENS MED	21	SL	
7FE3	SIEMENS MED	22	SL	
7FE3	SIEMENS MED	23	SL	
7FE3	SIEMENS MED	24	ST	
7FE3	SIEMENS MED	25	SS	
7FE3	SIEMENS MED NM	00	UL	Length of Group 0x7FE3
7FE3	SIEMENS MED NM	14	SL	Lowest Pixel Value in THIS Frame
7FE3	SIEMENS MED NM	15	SL	Highest Pixel Value in THIS Frame
7FE3	SIEMENS MED NM	16	SL	Total Counts in THIS Frame
7FE3	SIEMENS MED NM	17	SL	Duration of THIS Frame msec
7FE3	SIEMENS MED NM	18	FL	Frame Angle
7FE3	SIEMENS MED NM	19	LO	Frame Name
7FE3	SIEMENS MED NM	1A	FL	View Number
7FE3	SIEMENS MED NM	1B	SS	Pixel Overflow Flag 1 Pixel Overflow
7FE3	SIEMENS MED NM	1C	SS	Buffer Overflow Flag 1 Buffer Overflow
7FE3	SIEMENS MED NM	1E	SL	Start Time of THIS Frame From Start of Study
7FE3	SIEMENS MED NM	1F	SL	ROI Maximum Pixel Value
7FE3	SIEMENS MED NM	20	SL	ROI Average Pixel Value
7FE3	SIEMENS MED NM	21	SL	ROI Total Counts
7FE3	SIEMENS MED NM	22	SL	ROI Total Pixels
7FE3	SIEMENS MED NM	23	SL	ROI Center Coordinates
7FE3	SIEMENS MED NM	24	LO	ROI Name
7FE3	SIEMENS MED NM	25	SS	ROI Data
7FE3	SIEMENS MED NM	26	OW	
7FE3	SIEMENS MED NM	27	OW	
7FE3	SIEMENS MED NM	28	OW	
7FE3	SIEMENS MED NM	29	OW	
7FE3	SIEMENS NUMARIS II	00	LT	ImageGraphicsFormatCode
7FE3	SIEMENS NUMARIS II	10	OB	ImageGraphics
7FE3	SIEMENS NUMARIS II	20	OB	ImageGraphicsDummy
7FF1	TOSHIBA_MEC_1.0	00	UL	Group Length 7ff1
7FF1	TOSHIBA_MEC_1.0	01	US	
7FF1	TOSHIBA_MEC_1.0	02	US	
7FF1	TOSHIBA_MEC_1.0	03	US	
7FF1	TOSHIBA_MEC_1.0	04	SH	?File Type Remarks?
7FF1	TOSHIBA_MEC_1.0	10	US	
7FF1	TOSHIBA_MEC_CT_1.0	01	US	
7FF1	TOSHIBA_MEC_CT_1.0	02	US	
7FF1	TOSHIBA_MEC_CT_1.0	03	IS	
7FF1	TOSHIBA_MEC_CT_1.0	04	IS	
7FF1	TOSHIBA_MEC_CT_1.0	05	US	
7FF1	TOSHIBA_MEC_CT_1.0	07	US	
7FF1	TOSHIBA_MEC_CT_1.0	08	US	
7FF1	TOSHIBA_MEC_CT_1.0	09	US	
7FF1	TOSHIBA_MEC_CT_1.0	0A	LT	
7FF1	TOSHIBA_MEC_CT_1.0	0B	US	
7FF1	TOSHIBA_MEC_CT_1.0	0C	US	
7FF1	TOSHIBA_MEC_CT_1.0	0D	US	
7FF1	TOSHIBA_MEC_CT_1.0	11	US	
7FF1	TOSHIBA_MEC_CT_1.0	12	UL	
7FF1	TOSHIBA_MEC_CT_1.0	13	UL	
7FF1	TOSHIBA_MEC_CT_1.0	14	US	
7FF1	TOSHIBA_MEC_CT_1.0	15	US	
7FF1	TOSHIBA_MEC_CT_1.0	16	UL	
7FF1	TOSHIBA_MEC_CT_1.0	17	US	
7FF1	TOSHIBA_MEC_CT_1.0	18	LO	?Decrease in Artifact Filter?
7FF1	TOSHIBA_MEC_CT_1.0	19	US	
7FF1	TOSHIBA_MEC_CT_1.0	1A	US	
7FF1	TOSHIBA_MEC_CT_1.0	21	LO	?Date?
7FF1	TOSHIBA_MEC_CT_1.0	22	LO	?Time?
7FF1	TOSHIBA_MEC_CT_1.0	23	CS	
7FF1	TOSHIBA_MEC_CT_1.0	32	US	
7FF1	TOSHIBA_MEC_CT_1.0	33	LO	
7FF1	TOSHIBA_MEC_CT_1.0	34	UL	
7FF1	TOSHIBA_MEC_CT_1.0	35	US	
7FF1	TOSHIBA_MEC_CT_1.0	38	IS	
7FF1	TOSHIBA_MEC_CT_1.0	3C	IS	
7FF1	TOSHIBA_MEC_CT_1.0	3D	DS	
7FF1	TOSHIBA_MEC_CT_1.0	3E	CS	
7FF1	TOSHIBA_MEC_CT_1.0	3F	DS	
7FF1	TOSHIBA_MEC_CT_1.0	42	IS	
7FF1	TOSHIBA_MEC_CT_1.0	45	CS	?Some kind of Date?
7FF1	TOSHIBA_MEC_CT_1.0	48	LO	
7FF1	TOSHIBA_MEC_CT_1.0	4B	UL	?Reconstruction Number?
7FF1	TOSHIBA_MEC_CT_1.0	4D	CS	?EP?
7FF1	TOSHIBA_MEC_CT_1.0	50	UL	??
7FF1	TOSHIBA_MEC_CT_1.0	52	DS	
7FF1	TOSHIBA_MEC_CT_1.0	53	DS	
7FF1	TOSHIBA_MEC_CT_1.0	54	DS	
7FF1	TOSHIBA_MEC_CT_1.0	56	UL	
7FF1	TOSHIBA_MEC_CT_1.0	58	UL	
7FF1	TOSHIBA_MEC_CT_1.0	5B	UL	
7FF1	TOSHIBA_MEC_CT_1.0	5C	IS	
7FF1	TOSHIBA_MEC_CT_1.0	5D	UL	
7FF1	TOSHIBA_MEC_CT_1.0	5F	DA	?ACR-NEMA DA encoded?
7FF1	TOSHIBA_MEC_CT_1.0	60	DS	
7FF1	TOSHIBA_MEC_CT_1.0	61	UI	
7FF1	TOSHIBA_MEC_CT_1.0	63	LO	
7FF1	TOSHIBA_MEC_CT_1.0	65	LO	
7FF1	TOSHIBA_MEC_CT_1.0	66	DS	?Volume Vector?
7FF1	TOSHIBA_MEC_CT_1.0	75	UI	?UID?
7FF1	TOSHIBA_MEC_CT_1.0	78	UL	
7FF1	TOSHIBA_MEC_CT_1.0	79	UL	
7FF1	TOSHIBA_MEC_CT_1.0	7A	UL	
7FF1	TOSHIBA_MEC_CT_1.0	7B	UI	?Volume UID?
7FF1	TOSHIBA_MEC_CT_1.0	7C	US	
7FF1	TOSHIBA_MEC_CT_1.0	7D	US	
7FF1	TOSHIBA_MEC_CT_1.0	7E	UL	?Frame Sort Key?
7FF1	TOSHIBA_MEC_CT_1.0	7F	US	
7FF1	TOSHIBA_MEC_CT_1.0	80	US	
7FF1	TOSHIBA_MEC_CT_1.0	81	UL	
7FF1	TOSHIBA_MEC_CT_1.0	82	UL	
7FF1	TOSHIBA_MEC_CT_1.0	83	US	
7FF1	TOSHIBA_MEC_CT_1.0	84	IS	
7FF1	TOSHIBA_MEC_CT_1.0	86	UL	
7FF1	TOSHIBA_MEC_CT_1.0	87	UL	
7FF1	TOSHIBA_MEC_CT_1.0	88	LO	
7FF1	TOSHIBA_MEC_CT_1.0	89	UL	?Local Series Number?
7FF1	TOSHIBA_MEC_CT_1.0	8F	LO	
7FF1	TOSHIBA_MEC_CT_1.0	90	IS	
7FF1	TOSHIBA_MEC_CT_1.0	91	IS	
7FF1	TOSHIBA_MEC_CT_1.0	92	IS	
7FF1	TOSHIBA_MEC_CT_1.0	93	IS	
7FF1	TOSHIBA_MEC_CT_1.0	94	LO	
7FF1	TOSHIBA_MEC_CT_1.0	95	LO	
7FF1	TOSHIBA_MEC_CT_1.0	96	LO	
7FF1	TOSHIBA_MEC_CT_1.0	9A	LO	
7FF1	TOSHIBA_MEC_CT_1.0	9C	US	
7FF1	TOSHIBA_MEC_CT_1.0	9D	DS	
7FF1	TOSHIBA_MEC_CT_1.0	9E	DS	
7FF1	TOSHIBA_MEC_CT_1.0	A0	DS	
7FF1	TOSHIBA_MEC_CT_1.0	A1	IS	
7FF1	TOSHIBA_MEC_CT_1.0	A2	IS	
7FF1	TOSHIBA_MEC_CT_1.0	A3	CS	
7FF1	TOSHIBA_MEC_CT_1.0	A7	IS	
7FF1	TOSHIBA_MEC_CT_1.0	A8	IS	
7FF1	TOSHIBA_MEC_CT_1.0	A9	IS	
7FF1	TOSHIBA_MEC_CT_1.0	AE	SQ	
7FF1	TOSHIBA_MEC_CT_1.0	B1	UL	??
7FF1	TOSHIBA_MEC_CT_1.0	B2	UL	??
7FF1	TOSHIBA_MEC_CT_1.0	B3	UL	??
7FF1	TOSHIBA_MEC_CT_1.0	B4	UL	??
7FF1	TOSHIBA_MEC_CT_1.0	B5	UL	??
7FF1	TOSHIBA_MEC_CT_1.0	BC	IS	??
7FF1	TOSHIBA_MEC_CT_1.0	CD	IS	??
7FF1	TOSHIBA_MEC_CT_1.0	CE	US	??
7FF1	TOSHIBA_MEC_CT_1.0	CF	US	??
7FF1	TOSHIBA_MEC_CT_1.0	D2	US	??
7FF1	TOSHIBA_MEC_CT_1.0	D3	US	??
7FF1	TOSHIBA_MEC_CT_1.0	D4	US	??
7FF1	TOSHIBA_MEC_CT_1.0	D5	LO	??
7FF1	TOSHIBA_MEC_CT_1.0	D6	DS	?Reconstruction Angle?
7FF1	TOSHIBA_MEC_CT_1.0	D8	IS	?Number of Frames?
7FF1	TOSHIBA_MEC_CT_1.0	D9	DS	?Slice Pitch of 4D Volume?
7FF1	TOSHIBA_MEC_CT_1.0	E6	UL	
7FF1	TOSHIBA_MEC_CT_1.0	E7	UL	
7FF1	TOSHIBA_MEC_CT_1.0	E8	LO	
7FF1	TOSHIBA_MEC_CT_1.0	E9	LO	
7FF1	TOSHIBA_MEC_CT_1.0	EB	DS	
7FF1	TOSHIBA_MEC_CT_1.0	ED	LO	
7FF1	TOSHIBA_MEC_CT_1.0	F0	SQ	
7FF1	TOSHIBA_MEC_CT_2.0	07	UL	??
7FF1	TOSHIBA_MEC_CT_2.0	08	UL	??
7FF1	TOSHIBA_MEC_CT_2.0	09	UL	??
7FF1	TOSHIBA_MEC_CT_2.0	0A	UL	??
7FF1	TOSHIBA_MEC_CT_2.0	0B	LO	??
7FF1	TOSHIBA_MEC_CT_2.0	0F	CS	??
7FF1	TOSHIBA_MEC_CT_2.0	10	CS	?Filter Type?
7FF1	TOSHIBA_MEC_CT_2.0	14	LO	?Convolution Kernel Group?
7FF1	TOSHIBA_MEC_CT_2.0	16	LO	??
7FF1	TOSHIBA_MEC_CT_2.0	19	DS	?Acquisition Duration?
7FF1	TOSHIBA_MEC_CT_2.0	1A	UL	??
7FF1	TOSHIBA_MEC_CT_2.0	1B	UL	??
7FF1	TOSHIBA_MEC_CT_2.0	1E	DS	?X-Ray Tube Current in mA?
8003	Image (ID, Version, Size, Dump, GUID)	00	LO	ID
8003	Image (ID, Version, Size, Dump, GUID)	10	LO	Version
8003	Image (ID, Version, Size, Dump, GUID)	20	UL	Size
8003	Image (ID, Version, Size, Dump, GUID)	30	OB	Dump
8003	Image (ID, Version, Size, Dump, GUID)	40	LO	GUID
8101	ObjectModel (ID, Version, Place, PlaceDescription)	00	LO	ID
8101	ObjectModel (ID, Version, Place, PlaceDescription)	10	LO	Version
8FF1	SSI Image enhancement Group	10	LO	SSI Image enhancement Group Version
8FF1	SSI Image enhancement Group	20	IS	RGB LUT
8FF1	SSI Image enhancement Group	24	LO	LUT Description
E201	CANON_MEC_MR3^10	02	US	
E201	PMTF INFORMATION DATA^10	02	US	
E201	TOSHIBA_MEC_MR3^10	02	US	
E301	CANON_MEC_MR3^10	00	SH	
E301	PMTF INFORMATION DATA^10	00	SH	Series Description
E301	TOSHIBA_MEC_MR3^10	00	SH	
E401	CANON_MEC_MR3^10	00	US	
E401	CANON_MEC_MR3^10	01	US	
E401	CANON_MEC_MR3^10	02	US	
E401	CANON_MEC_MR3^10	03	US	
E401	CANON_MEC_MR3^10	04	US	
E401	CANON_MEC_MR3^10	05	OB	
E401	CANON_MEC_MR3^10	07	FL	
E401	CANON_MEC_MR3^10	08	FL	
E401	CANON_MEC_MR3^10	12	FL	
E401	CANON_MEC_MR3^10	13	OB	
E401	CANON_MEC_MR3^10	20	SQ	
E401	CANON_MEC_MR3^10	21	SQ	
E401	CANON_MEC_MR3^10	22	LO	
E401	CANON_MEC_MR3^10	23	SH	
E401	CANON_MEC_MR3^10	24	OB	
E401	PMTF INFORMATION DATA^10	00	US	?num?
E401	PMTF INFORMATION DATA^10	01	US	?num?
E401	PMTF INFORMATION DATA^10	02	US	?num?
E401	PMTF INFORMATION DATA^10	03	US	?num?
E401	PMTF INFORMATION DATA^10	04	US	?num?
E401	PMTF INFORMATION DATA^10	05	OB	?blob?
E401	PMTF INFORMATION DATA^10	07	FL	
E401	PMTF INFORMATION DATA^10	08	FL	?ADC factor?
E401	PMTF INFORMATION DATA^10	12	FL	?num?
E401	PMTF INFORMATION DATA^10	13	OB	Icon DIB (Microsoft Windows 3.X Packed Device-Independent Bitmap)
E401	PMTF INFORMATION DATA^10	20	SQ	?seq?
E401	PMTF INFORMATION DATA^10	21	SQ	?seq?
E401	PMTF INFORMATION DATA^10	22	LO	?MR.gdc?
E401	PMTF INFORMATION DATA^10	23	SH	Software Version(s)
E401	PMTF INFORMATION DATA^10	24	OB	?blob?
E401	TOSHIBA_MEC_MR3^10	00	US	
E401	TOSHIBA_MEC_MR3^10	01	US	
E401	TOSHIBA_MEC_MR3^10	02	US	
E401	TOSHIBA_MEC_MR3^10	03	US	
E401	TOSHIBA_MEC_MR3^10	04	US	
E401	TOSHIBA_MEC_MR3^10	05	OB	
E401	TOSHIBA_MEC_MR3^10	07	FL	
E401	TOSHIBA_MEC_MR3^10	08	FL	
E401	TOSHIBA_MEC_MR3^10	12	FL	
E401	TOSHIBA_MEC_MR3^10	13	OB	
E401	TOSHIBA_MEC_MR3^10	20	SQ	
E401	TOSHIBA_MEC_MR3^10	21	SQ	
E401	TOSHIBA_MEC_MR3^10	22	LO	
E401	TOSHIBA_MEC_MR3^10	23	SH	
E401	TOSHIBA_MEC_MR3^10	24	OB	
E403	CANON_MEC_MR3^10	00	SQ	
E403	CANON_MEC_MR3^13	00	SH	
E403	CANON_MEC_MR3^13	01	OB	
E403	CANON_MEC_MR3^13	02	OB	
E403	CANON_MEC_MR3^13	03	OB	
E403	PMTF INFORMATION DATA^10	00	SQ	?seq?
E403	PMTF INFORMATION DATA^13	00	SH	?VIEW?
E403	PMTF INFORMATION DATA^13	01	OB	?blob0?
E403	PMTF INFORMATION DATA^13	02	OB	?blob1?
E403	PMTF INFORMATION DATA^13	03	OB	?blob2?
E403	TOSHIBA_MEC_MR3^10	00	SQ	
E403	TOSHIBA_MEC_MR3^13	00	SH	
E403	TOSHIBA_MEC_MR3^13	01	OB	
E403	TOSHIBA_MEC_MR3^13	02	OB	
E403	TOSHIBA_MEC_MR3^13	03	OB	
EE01	CANON_MEC_MR3^10	00	US	
EE01	CANON_MEC_MR3^10	01	OB	
EE01	CANON_MEC_MR3^10	02	US	
EE01	PMTF INFORMATION DATA^10	00	US	
EE01	PMTF INFORMATION DATA^10	01	OB	
EE01	PMTF INFORMATION DATA^10	02	US	
EE01	TOSHIBA_MEC_MR3^10	00	US	
EE01	TOSHIBA_MEC_MR3^10	01	OB	
EE01	TOSHIBA_MEC_MR3^10	02	US	
F001	Sound Technologies	00	CS	Patient Species
F001	Sound Technologies	01	CS	Patient Breed
F001	Sound Technologies	02	CS	Patient Category Size
F001	Sound Technologies	03	CS	Patient Sex Extended (including spay/neuter)
F001	Sound Technologies	04	CS	Image View
F001	Sound Technologies	05	CS	Anatomy Imaged
F001	Sound Technologies	06	CS	Image enhancements
F001	Sound Technologies	07	CS	Detector Settings
F001	Sound Technologies	08	CS	Application Version
F001	Sound Technologies	09	LO	Image Laterality Extended
F001	Sound Technologies	0A	PN	Client Name
F001	Sound Technologies	0B	UI	Reference Study Instance Uid
F001	Sound Technologies	0C	UI	Reference Series Instance Uid
F001	Sound Technologies	0D	LO	Exam Ref Id
F001	Sound Technologies	0E	ST	Physician Of Record Address
F001	Sound Technologies	0F	SH	Physician Of Record Phone Numbers
F001	Sound Technologies	10	LT	Reason For Study
F001	Sound Technologies	11	LO	Protocol
F001	Sound Technologies	12	LO	CaptureInputType
F001	Sound Technologies	13	LT	Exam Complaint
F001	Sound Technologies	14	LO	Exam Web Code
F001	Sound Technologies	15	LO	Exam Category
F001	Sound Technologies	16	SH	Exam Diagnosis
F001	Sound Technologies	17	PN	Exam Created By
F001	Sound Technologies	18	LO	Exam Created By Group
F001	Sound Technologies	19	DT	Exam Required By DateTime
F001	Sound Technologies	1A	LO	Capture Type
F001	Sound Technologies	1B	IS	Telemed Exam ID
F001	Sound Technologies	1C	LO	Exam Created By Guid
F001	Sound Technologies	1D	LO	Client Name Guid
